{
"type": "FeatureCollection",
"name": "buildings",
"crs": { "type": "name", "properties": { "name": "urn:ogc:def:crs:EPSG::3857" } },
"features": [
{ "type": "Feature", "properties": { "objectid": 314292, "globalid": "{00000000-0000-0000-0000-000000000000}", "uniq_id": null, "state_code": "24", "district_c": "439", "tehsil_cod": "3843", "block_code": "4060", "village_co": "515578", "lgd_code": "515578", "built_up_a": 1, "village_na": "Suragpur", "area_desc": null, "name": "Suragpur", "owner_name": null, "property_i": null, "property_c": null, "area_sqm": 52.81262229, "roof_type": 4, "no_floors": 0, "remarks": null, "adl_info": null, "gp_code": "155028", "gp_name": "SURAGPUR", "d_pan_code": 398, "d_pan_name": "Amreli", "b_pan_code": 4422, "b_pan_name": "Amreli", "sourceofda": null, "area_geo": 52.81262229, "st_area_sh": 61.46562435, "st_length_": 33.616355194 }, "geometry": { "type": "MultiPolygon", "coordinates": [ [ [ [ 7938373.561599999666214, 2474102.727000001817942 ], [ 7938373.42339999973774, 2474096.928199999034405 ], [ 7938362.128600001335144, 2474097.956000000238419 ], [ 7938362.080699998885393, 2474102.947200000286102 ], [ 7938373.561599999666214, 2474102.727000001817942 ] ] ] ] } },
{ "type": "Feature", "properties": { "objectid": 314516, "globalid": "{00000000-0000-0000-0000-000000000000}", "uniq_id": null, "state_code": "24", "district_c": "438", "tehsil_cod": "3782", "block_code": "4052", "village_co": "511638", "lgd_code": "511638", "built_up_a": 1, "village_na": "Lalpur", "area_desc": null, "name": "Lalpur", "owner_name": null, "property_i": null, "property_c": null, "area_sqm": 12.76651719, "roof_type": 1, "no_floors": 0, "remarks": null, "adl_info": null, "gp_code": "276150", "gp_name": "KUBADTHAL - LALPUR", "d_pan_code": 397, "d_pan_name": "Ahmedabad", "b_pan_code": 4414, "b_pan_name": "Daskroi", "sourceofda": null, "area_geo": 12.76651719, "st_area_sh": 15.1462105, "st_length_": 15.571287352100001 }, "geometry": { "type": "MultiPolygon", "coordinates": [ [ [ [ 8099303.768300000578165, 2636859.906599998474121 ], [ 8099307.560400001704693, 2636860.209899999201298 ], [ 8099307.877900000661612, 2636856.2412 ], [ 8099304.085799999535084, 2636855.937800001353025 ], [ 8099303.768300000578165, 2636859.906599998474121 ] ] ] ] } },
{ "type": "Feature", "properties": { "objectid": 314380, "globalid": "{00000000-0000-0000-0000-000000000000}", "uniq_id": null, "state_code": "24", "district_c": "439", "tehsil_cod": "3843", "block_code": "4060", "village_co": "515578", "lgd_code": "515578", "built_up_a": 1, "village_na": "Suragpur", "area_desc": null, "name": "Suragpur", "owner_name": null, "property_i": null, "property_c": null, "area_sqm": 41.62319084, "roof_type": 1, "no_floors": 0, "remarks": null, "adl_info": null, "gp_code": "155028", "gp_name": "SURAGPUR", "d_pan_code": 398, "d_pan_name": "Amreli", "b_pan_code": 4422, "b_pan_name": "Amreli", "sourceofda": null, "area_geo": 41.62319084, "st_area_sh": 48.441817835000002, "st_length_": 30.220717817499999 }, "geometry": { "type": "MultiPolygon", "coordinates": [ [ [ [ 7938320.969900000840425, 2473912.720100000500679 ], [ 7938318.107500001788139, 2473903.692400000989437 ], [ 7938313.817099999636412, 2473904.984099999070168 ], [ 7938315.124000001698732, 2473909.106100000441074 ], [ 7938313.978199999779463, 2473909.469099998474121 ], [ 7938315.697999998927116, 2473914.3904 ], [ 7938320.969900000840425, 2473912.720100000500679 ] ] ] ] } },
{ "type": "Feature", "properties": { "objectid": 314776, "globalid": "{00000000-0000-0000-0000-000000000000}", "uniq_id": null, "state_code": "24", "district_c": "438", "tehsil_cod": "3782", "block_code": "4052", "village_co": "511638", "lgd_code": "511638", "built_up_a": 1, "village_na": "Lalpur", "area_desc": null, "name": "Lalpur", "owner_name": null, "property_i": null, "property_c": null, "area_sqm": 40.59763322, "roof_type": 1, "no_floors": 0, "remarks": null, "adl_info": null, "gp_code": "276150", "gp_name": "KUBADTHAL - LALPUR", "d_pan_code": 397, "d_pan_name": "Ahmedabad", "b_pan_code": 4414, "b_pan_name": "Daskroi", "sourceofda": null, "area_geo": 40.59763322, "st_area_sh": 48.166672435000002, "st_length_": 33.083952167500001 }, "geometry": { "type": "MultiPolygon", "coordinates": [ [ [ [ 8099273.836899999529123, 2637134.616500001400709 ], [ 8099274.069899998605251, 2637132.596599999815226 ], [ 8099274.687100000679493, 2637132.695099998265505 ], [ 8099274.753800000995398, 2637132.071800000965595 ], [ 8099274.137200001627207, 2637132.0135000012815 ], [ 8099274.822799999266863, 2637126.071899998933077 ], [ 8099270.201200000941753, 2637125.538699999451637 ], [ 8099268.912000000476837, 2637136.712099999189377 ], [ 8099271.830400001257658, 2637137.048900000751019 ], [ 8099272.1338, 2637134.4199 ], [ 8099273.836899999529123, 2637134.616500001400709 ] ] ] ] } },
{ "type": "Feature", "properties": { "objectid": 314651, "globalid": "{00000000-0000-0000-0000-000000000000}", "uniq_id": null, "state_code": "24", "district_c": "438", "tehsil_cod": "3782", "block_code": "4052", "village_co": "511638", "lgd_code": "511638", "built_up_a": 1, "village_na": "Lalpur", "area_desc": null, "name": "Lalpur", "owner_name": null, "property_i": null, "property_c": null, "area_sqm": 13.18473067, "roof_type": 4, "no_floors": 0, "remarks": null, "adl_info": null, "gp_code": "276150", "gp_name": "KUBADTHAL - LALPUR", "d_pan_code": 397, "d_pan_name": "Ahmedabad", "b_pan_code": 4414, "b_pan_name": "Daskroi", "sourceofda": null, "area_geo": 13.18473067, "st_area_sh": 15.64259559, "st_length_": 16.4297445246 }, "geometry": { "type": "MultiPolygon", "coordinates": [ [ [ [ 8099325.739399999380112, 2636970.473999999463558 ], [ 8099323.167399998754263, 2636968.950800001621246 ], [ 8099320.50959999859333, 2636973.438499998301268 ], [ 8099323.098600000143051, 2636974.971900001168251 ], [ 8099325.739399999380112, 2636970.473999999463558 ] ] ] ] } },
{ "type": "Feature", "properties": { "objectid": 314297, "globalid": "{00000000-0000-0000-0000-000000000000}", "uniq_id": null, "state_code": "24", "district_c": "439", "tehsil_cod": "3843", "block_code": "4060", "village_co": "515578", "lgd_code": "515578", "built_up_a": 1, "village_na": "Suragpur", "area_desc": null, "name": "Suragpur", "owner_name": null, "property_i": null, "property_c": null, "area_sqm": 114.34758773, "roof_type": 4, "no_floors": 0, "remarks": null, "adl_info": null, "gp_code": "155028", "gp_name": "SURAGPUR", "d_pan_code": 398, "d_pan_name": "Amreli", "b_pan_code": 4422, "b_pan_name": "Amreli", "sourceofda": null, "area_geo": 114.34758773, "st_area_sh": 133.08250871499999, "st_length_": 60.009615003699999 }, "geometry": { "type": "MultiPolygon", "coordinates": [ [ [ [ 7938386.630899999290705, 2474084.484999999403954 ], [ 7938362.076099999248981, 2474086.475099999457598 ], [ 7938362.1096, 2474091.853399999439716 ], [ 7938386.539299998432398, 2474089.97859999909997 ], [ 7938386.630899999290705, 2474084.484999999403954 ] ] ] ] } },
{ "type": "Feature", "properties": { "objectid": 314611, "globalid": "{00000000-0000-0000-0000-000000000000}", "uniq_id": null, "state_code": "24", "district_c": "438", "tehsil_cod": "3782", "block_code": "4052", "village_co": "511638", "lgd_code": "511638", "built_up_a": 2, "village_na": "Lalpur", "area_desc": null, "name": "Lalpur", "owner_name": null, "property_i": null, "property_c": null, "area_sqm": 7.49044523, "roof_type": 1, "no_floors": 0, "remarks": null, "adl_info": null, "gp_code": "276150", "gp_name": "KUBADTHAL - LALPUR", "d_pan_code": 397, "d_pan_name": "Ahmedabad", "b_pan_code": 4414, "b_pan_name": "Daskroi", "sourceofda": null, "area_geo": 7.49044523, "st_area_sh": 8.88675609, "st_length_": 12.2923562612 }, "geometry": { "type": "MultiPolygon", "coordinates": [ [ [ [ 8099428.910199999809265, 2636936.360199999064207 ], [ 8099432.709699999541044, 2636936.750500001013279 ], [ 8099432.947500001639128, 2636934.436000000685453 ], [ 8099429.147999998182058, 2636934.045699998736382 ], [ 8099428.910199999809265, 2636936.360199999064207 ] ] ] ] } },
{ "type": "Feature", "properties": { "objectid": 314469, "globalid": "{00000000-0000-0000-0000-000000000000}", "uniq_id": null, "state_code": "24", "district_c": "439", "tehsil_cod": "3843", "block_code": "4060", "village_co": "515578", "lgd_code": "515578", "built_up_a": 1, "village_na": "Suragpur", "area_desc": null, "name": "Suragpur", "owner_name": null, "property_i": null, "property_c": null, "area_sqm": 38.04449445, "roof_type": 1, "no_floors": 0, "remarks": null, "adl_info": null, "gp_code": "155028", "gp_name": "SURAGPUR", "d_pan_code": 398, "d_pan_name": "Amreli", "b_pan_code": 4422, "b_pan_name": "Amreli", "sourceofda": null, "area_geo": 38.04449445, "st_area_sh": 44.27696264, "st_length_": 27.760468244199998 }, "geometry": { "type": "MultiPolygon", "coordinates": [ [ [ [ 7938273.583200000226498, 2473928.849399998784065 ], [ 7938272.020500000566244, 2473924.231800001114607 ], [ 7938267.020799998193979, 2473925.824200000613928 ], [ 7938263.528999999165535, 2473926.9364 ], [ 7938265.152199998497963, 2473931.732599999755621 ], [ 7938273.583200000226498, 2473928.849399998784065 ] ] ] ] } },
{ "type": "Feature", "properties": { "objectid": 314306, "globalid": "{00000000-0000-0000-0000-000000000000}", "uniq_id": null, "state_code": "24", "district_c": "439", "tehsil_cod": "3843", "block_code": "4060", "village_co": "515578", "lgd_code": "515578", "built_up_a": 1, "village_na": "Suragpur", "area_desc": null, "name": "Suragpur", "owner_name": null, "property_i": null, "property_c": null, "area_sqm": 115.14663214, "roof_type": 1, "no_floors": 0, "remarks": null, "adl_info": null, "gp_code": "155028", "gp_name": "SURAGPUR", "d_pan_code": 398, "d_pan_name": "Amreli", "b_pan_code": 4422, "b_pan_name": "Amreli", "sourceofda": null, "area_geo": 115.14663214, "st_area_sh": 134.01027869500001, "st_length_": 50.989792217000002 }, "geometry": { "type": "MultiPolygon", "coordinates": [ [ [ [ 7938439.125799998641014, 2473951.598000001162291 ], [ 7938438.874200001358986, 2473940.179900001734495 ], [ 7938425.819699998944998, 2473940.333299998193979 ], [ 7938425.938700001686811, 2473949.382100000977516 ], [ 7938429.915399998426437, 2473949.315900001674891 ], [ 7938429.915399998426437, 2473950.078000001609325 ], [ 7938434.339299999177456, 2473950.035599999129772 ], [ 7938434.339299999177456, 2473952.596799999475479 ], [ 7938435.334100000560284, 2473952.596799999475479 ], [ 7938435.334100000560284, 2473951.644299998879433 ], [ 7938439.125799998641014, 2473951.598000001162291 ] ] ] ] } },
{ "type": "Feature", "properties": { "objectid": 314656, "globalid": "{00000000-0000-0000-0000-000000000000}", "uniq_id": null, "state_code": "24", "district_c": "438", "tehsil_cod": "3782", "block_code": "4052", "village_co": "511638", "lgd_code": "511638", "built_up_a": 1, "village_na": "Lalpur", "area_desc": null, "name": "Lalpur", "owner_name": null, "property_i": null, "property_c": null, "area_sqm": 34.16381951, "roof_type": 4, "no_floors": 0, "remarks": null, "adl_info": null, "gp_code": "276150", "gp_name": "KUBADTHAL - LALPUR", "d_pan_code": 397, "d_pan_name": "Ahmedabad", "b_pan_code": 4414, "b_pan_name": "Daskroi", "sourceofda": null, "area_geo": 34.16381951, "st_area_sh": 40.53260168, "st_length_": 26.3434336485 }, "geometry": { "type": "MultiPolygon", "coordinates": [ [ [ [ 8099327.117600001394749, 2636977.352200001478195 ], [ 8099324.67850000038743, 2636981.603300001472235 ], [ 8099331.765799999237061, 2636985.800700001418591 ], [ 8099334.263099998235703, 2636981.583999998867512 ], [ 8099327.117600001394749, 2636977.352200001478195 ] ] ] ] } },
{ "type": "Feature", "properties": { "objectid": 314550, "globalid": "{00000000-0000-0000-0000-000000000000}", "uniq_id": null, "state_code": "24", "district_c": "438", "tehsil_cod": "3782", "block_code": "4052", "village_co": "511638", "lgd_code": "511638", "built_up_a": 1, "village_na": "Lalpur", "area_desc": null, "name": "Lalpur", "owner_name": null, "property_i": null, "property_c": null, "area_sqm": 8.61592352, "roof_type": 1, "no_floors": 0, "remarks": null, "adl_info": null, "gp_code": "276150", "gp_name": "KUBADTHAL - LALPUR", "d_pan_code": 397, "d_pan_name": "Ahmedabad", "b_pan_code": 4414, "b_pan_name": "Daskroi", "sourceofda": null, "area_geo": 8.61592352, "st_area_sh": 10.221911235, "st_length_": 12.539365054 }, "geometry": { "type": "MultiPolygon", "coordinates": [ [ [ [ 8099334.492899999022484, 2636834.580299999564886 ], [ 8099334.692899998277426, 2636832.220199998468161 ], [ 8099331.570799998939037, 2636831.955600000917912 ], [ 8099331.286299999803305, 2636835.312100000679493 ], [ 8099333.745200000703335, 2636835.520500000566244 ], [ 8099334.492899999022484, 2636834.580299999564886 ] ] ] ] } },
{ "type": "Feature", "properties": { "objectid": 314650, "globalid": "{00000000-0000-0000-0000-000000000000}", "uniq_id": null, "state_code": "24", "district_c": "438", "tehsil_cod": "3782", "block_code": "4052", "village_co": "511638", "lgd_code": "511638", "built_up_a": 1, "village_na": "Lalpur", "area_desc": null, "name": "Lalpur", "owner_name": null, "property_i": null, "property_c": null, "area_sqm": 74.21610872, "roof_type": 1, "no_floors": 0, "remarks": null, "adl_info": null, "gp_code": "276150", "gp_name": "KUBADTHAL - LALPUR", "d_pan_code": 397, "d_pan_name": "Ahmedabad", "b_pan_code": 4414, "b_pan_name": "Daskroi", "sourceofda": null, "area_geo": 74.21610872, "st_area_sh": 88.051414655000002, "st_length_": 49.122613363500001 }, "geometry": { "type": "MultiPolygon", "coordinates": [ [ [ [ 8099325.700300000607967, 2636988.304200001060963 ], [ 8099326.549199998378754, 2636986.545000001788139 ], [ 8099327.734499998390675, 2636987.074099998921156 ], [ 8099327.5016999989748, 2636987.688000001013279 ], [ 8099329.173799999058247, 2636988.407600000500679 ], [ 8099328.393300000578165, 2636989.670699998736382 ], [ 8099329.960999999195337, 2636990.466099999845028 ], [ 8099332.120000001043081, 2636986.010499998927116 ], [ 8099317.549699999392033, 2636977.381299998611212 ], [ 8099314.808200001716614, 2636982.777300000190735 ], [ 8099325.700300000607967, 2636988.304200001060963 ] ] ] ] } },
{ "type": "Feature", "properties": { "objectid": 314416, "globalid": "{00000000-0000-0000-0000-000000000000}", "uniq_id": null, "state_code": "24", "district_c": "439", "tehsil_cod": "3843", "block_code": "4060", "village_co": "515578", "lgd_code": "515578", "built_up_a": 1, "village_na": "Suragpur", "area_desc": null, "name": "Suragpur", "owner_name": null, "property_i": null, "property_c": null, "area_sqm": 119.48508333, "roof_type": 4, "no_floors": 0, "remarks": null, "adl_info": null, "gp_code": "155028", "gp_name": "SURAGPUR", "d_pan_code": 398, "d_pan_name": "Amreli", "b_pan_code": 4422, "b_pan_name": "Amreli", "sourceofda": null, "area_geo": 119.48508333, "st_area_sh": 139.05952942499999, "st_length_": 62.500486254999998 }, "geometry": { "type": "MultiPolygon", "coordinates": [ [ [ [ 7938363.644499998539686, 2473948.244899999350309 ], [ 7938362.32880000025034, 2473943.133600000292063 ], [ 7938337.307599999010563, 2473950.603799998760223 ], [ 7938338.817499998956919, 2473955.565200001001358 ], [ 7938363.034099999815226, 2473948.67339999973774 ], [ 7938363.644499998539686, 2473948.244899999350309 ] ] ] ] } },
{ "type": "Feature", "properties": { "objectid": 314325, "globalid": "{00000000-0000-0000-0000-000000000000}", "uniq_id": null, "state_code": "24", "district_c": "439", "tehsil_cod": "3843", "block_code": "4060", "village_co": "515578", "lgd_code": "515578", "built_up_a": 1, "village_na": "Suragpur", "area_desc": null, "name": "Suragpur", "owner_name": null, "property_i": null, "property_c": null, "area_sqm": 18.26995971, "roof_type": 1, "no_floors": 0, "remarks": null, "adl_info": null, "gp_code": "155028", "gp_name": "SURAGPUR", "d_pan_code": 398, "d_pan_name": "Amreli", "b_pan_code": 4422, "b_pan_name": "Amreli", "sourceofda": null, "area_geo": 18.26995971, "st_area_sh": 21.26319328, "st_length_": 18.906668338799999 }, "geometry": { "type": "MultiPolygon", "coordinates": [ [ [ [ 7938386.216499999165535, 2474023.387899998575449 ], [ 7938382.49549999833107, 2474023.645500000566244 ], [ 7938382.736099999397993, 2474029.400299999862909 ], [ 7938386.386100001633167, 2474029.143300000578165 ], [ 7938386.216499999165535, 2474023.387899998575449 ] ] ] ] } },
{ "type": "Feature", "properties": { "objectid": 314256, "globalid": "{00000000-0000-0000-0000-000000000000}", "uniq_id": null, "state_code": "24", "district_c": "439", "tehsil_cod": "3843", "block_code": "4060", "village_co": "515578", "lgd_code": "515578", "built_up_a": 1, "village_na": "Suragpur", "area_desc": null, "name": "Suragpur", "owner_name": null, "property_i": null, "property_c": null, "area_sqm": 51.56921996, "roof_type": 4, "no_floors": 0, "remarks": null, "adl_info": null, "gp_code": "155028", "gp_name": "SURAGPUR", "d_pan_code": 398, "d_pan_name": "Amreli", "b_pan_code": 4422, "b_pan_name": "Amreli", "sourceofda": null, "area_geo": 51.56921996, "st_area_sh": 60.02361864, "st_length_": 33.8578095863 }, "geometry": { "type": "MultiPolygon", "coordinates": [ [ [ [ 7938278.467000000178814, 2474847.10700000077486 ], [ 7938290.33500000089407, 2474847.476599998772144 ], [ 7938290.492400001734495, 2474842.423900000751019 ], [ 7938278.624400001019239, 2474842.054299999028444 ], [ 7938278.467000000178814, 2474847.10700000077486 ] ] ] ] } },
{ "type": "Feature", "properties": { "objectid": 314739, "globalid": "{00000000-0000-0000-0000-000000000000}", "uniq_id": null, "state_code": "24", "district_c": "438", "tehsil_cod": "3782", "block_code": "4052", "village_co": "511638", "lgd_code": "511638", "built_up_a": 1, "village_na": "Lalpur", "area_desc": null, "name": "Lalpur", "owner_name": null, "property_i": null, "property_c": null, "area_sqm": 61.87035871, "roof_type": 1, "no_floors": 0, "remarks": null, "adl_info": null, "gp_code": "276150", "gp_name": "KUBADTHAL - LALPUR", "d_pan_code": 397, "d_pan_name": "Ahmedabad", "b_pan_code": 4414, "b_pan_name": "Daskroi", "sourceofda": null, "area_geo": 61.87035871, "st_area_sh": 73.40440113, "st_length_": 36.7043728019 }, "geometry": { "type": "MultiPolygon", "coordinates": [ [ [ [ 8099304.14919999986887, 2637006.320099998265505 ], [ 8099295.050599999725819, 2637004.316199999302626 ], [ 8099291.859200000762939, 2637006.3596 ], [ 8099290.553399998694658, 2637008.656500000506639 ], [ 8099289.902100000530481, 2637009.801899999380112 ], [ 8099303.618999999016523, 2637012.036299999803305 ], [ 8099304.14919999986887, 2637006.320099998265505 ] ] ] ] } },
{ "type": "Feature", "properties": { "objectid": 314438, "globalid": "{00000000-0000-0000-0000-000000000000}", "uniq_id": null, "state_code": "24", "district_c": "439", "tehsil_cod": "3843", "block_code": "4060", "village_co": "515578", "lgd_code": "515578", "built_up_a": 1, "village_na": "Suragpur", "area_desc": null, "name": "Suragpur", "owner_name": null, "property_i": null, "property_c": null, "area_sqm": 19.34480017, "roof_type": 4, "no_floors": 0, "remarks": null, "adl_info": null, "gp_code": "155028", "gp_name": "SURAGPUR", "d_pan_code": 398, "d_pan_name": "Amreli", "b_pan_code": 4422, "b_pan_name": "Amreli", "sourceofda": null, "area_geo": 19.34480017, "st_area_sh": 22.5135841, "st_length_": 19.4336454717 }, "geometry": { "type": "MultiPolygon", "coordinates": [ [ [ [ 7938379.07319999858737, 2473811.751899998635054 ], [ 7938375.44200000166893, 2473812.931200001388788 ], [ 7938377.217300001531839, 2473818.560899998992682 ], [ 7938380.841699998825788, 2473817.382199998944998 ], [ 7938379.07319999858737, 2473811.751899998635054 ] ] ] ] } },
{ "type": "Feature", "properties": { "objectid": 314300, "globalid": "{00000000-0000-0000-0000-000000000000}", "uniq_id": null, "state_code": "24", "district_c": "439", "tehsil_cod": "3843", "block_code": "4060", "village_co": "515578", "lgd_code": "515578", "built_up_a": 1, "village_na": "Suragpur", "area_desc": null, "name": "Suragpur", "owner_name": null, "property_i": null, "property_c": null, "area_sqm": 15.92234598, "roof_type": 4, "no_floors": 0, "remarks": null, "adl_info": null, "gp_code": "155028", "gp_name": "SURAGPUR", "d_pan_code": 398, "d_pan_name": "Amreli", "b_pan_code": 4422, "b_pan_name": "Amreli", "sourceofda": null, "area_geo": 15.92234598, "st_area_sh": 18.53098743, "st_length_": 18.086477631899999 }, "geometry": { "type": "MultiPolygon", "coordinates": [ [ [ [ 7938420.748599998652935, 2474039.674699999392033 ], [ 7938420.274900000542402, 2474036.57209999859333 ], [ 7938414.448300000280142, 2474037.529199998825788 ], [ 7938414.921999998390675, 2474040.631799999624491 ], [ 7938420.748599998652935, 2474039.674699999392033 ] ] ] ] } },
{ "type": "Feature", "properties": { "objectid": 314266, "globalid": "{00000000-0000-0000-0000-000000000000}", "uniq_id": null, "state_code": "24", "district_c": "439", "tehsil_cod": "3843", "block_code": "4060", "village_co": "515578", "lgd_code": "515578", "built_up_a": 1, "village_na": "Suragpur", "area_desc": null, "name": "Suragpur", "owner_name": null, "property_i": null, "property_c": null, "area_sqm": 1.81272642, "roof_type": 1, "no_floors": 0, "remarks": null, "adl_info": null, "gp_code": "155028", "gp_name": "SURAGPUR", "d_pan_code": 398, "d_pan_name": "Amreli", "b_pan_code": 4422, "b_pan_name": "Amreli", "sourceofda": null, "area_geo": 1.81272642, "st_area_sh": 2.109770665, "st_length_": 5.8227326206700001 }, "geometry": { "type": "MultiPolygon", "coordinates": [ [ [ [ 7938424.7401, 2474270.156500000506639 ], [ 7938424.703600000590086, 2474268.604600001126528 ], [ 7938423.340999998152256, 2474268.617800001055002 ], [ 7938423.380699999630451, 2474270.165600001811981 ], [ 7938424.7401, 2474270.156500000506639 ] ] ] ] } },
{ "type": "Feature", "properties": { "objectid": 314501, "globalid": "{00000000-0000-0000-0000-000000000000}", "uniq_id": null, "state_code": "24", "district_c": "438", "tehsil_cod": "3782", "block_code": "4052", "village_co": "511638", "lgd_code": "511638", "built_up_a": 2, "village_na": "Lalpur", "area_desc": null, "name": "Lalpur", "owner_name": null, "property_i": null, "property_c": null, "area_sqm": 7.77002568, "roof_type": 1, "no_floors": 0, "remarks": null, "adl_info": null, "gp_code": "276150", "gp_name": "KUBADTHAL - LALPUR", "d_pan_code": 397, "d_pan_name": "Ahmedabad", "b_pan_code": 4414, "b_pan_name": "Daskroi", "sourceofda": null, "area_geo": 7.77002568, "st_area_sh": 9.21833159, "st_length_": 12.591156911100001 }, "geometry": { "type": "MultiPolygon", "coordinates": [ [ [ [ 8099163.052000001072884, 2636827.801699999719858 ], [ 8099165.301600001752377, 2636828.3564000017941 ], [ 8099166.254099998623133, 2636824.493500001728535 ], [ 8099164.00450000166893, 2636823.938799999654293 ], [ 8099163.052000001072884, 2636827.801699999719858 ] ] ] ] } },
{ "type": "Feature", "properties": { "objectid": 314523, "globalid": "{00000000-0000-0000-0000-000000000000}", "uniq_id": null, "state_code": "24", "district_c": "438", "tehsil_cod": "3782", "block_code": "4052", "village_co": "511638", "lgd_code": "511638", "built_up_a": 1, "village_na": "Lalpur", "area_desc": null, "name": "Lalpur", "owner_name": null, "property_i": null, "property_c": null, "area_sqm": 33.60594933, "roof_type": 1, "no_floors": 0, "remarks": null, "adl_info": null, "gp_code": "276150", "gp_name": "KUBADTHAL - LALPUR", "d_pan_code": 397, "d_pan_name": "Ahmedabad", "b_pan_code": 4414, "b_pan_name": "Daskroi", "sourceofda": null, "area_geo": 33.60594933, "st_area_sh": 39.870314715, "st_length_": 26.730320727700001 }, "geometry": { "type": "MultiPolygon", "coordinates": [ [ [ [ 8099316.955800000578165, 2636897.315699998289347 ], [ 8099317.105900000780821, 2636892.823399998247623 ], [ 8099308.240499999374151, 2636892.527100000530481 ], [ 8099308.090300001204014, 2636897.019299998879433 ], [ 8099316.955800000578165, 2636897.315699998289347 ] ] ] ] } },
{ "type": "Feature", "properties": { "objectid": 314352, "globalid": "{00000000-0000-0000-0000-000000000000}", "uniq_id": null, "state_code": "24", "district_c": "439", "tehsil_cod": "3843", "block_code": "4060", "village_co": "515578", "lgd_code": "515578", "built_up_a": 1, "village_na": "Suragpur", "area_desc": null, "name": "Suragpur", "owner_name": null, "property_i": null, "property_c": null, "area_sqm": 16.3796056, "roof_type": 4, "no_floors": 0, "remarks": null, "adl_info": null, "gp_code": "155028", "gp_name": "SURAGPUR", "d_pan_code": 398, "d_pan_name": "Amreli", "b_pan_code": 4422, "b_pan_name": "Amreli", "sourceofda": null, "area_geo": 16.3796056, "st_area_sh": 19.063027895000001, "st_length_": 20.476321495200001 }, "geometry": { "type": "MultiPolygon", "coordinates": [ [ [ [ 7938331.16330000013113, 2473977.301100000739098 ], [ 7938330.839499998837709, 2473974.850900001823902 ], [ 7938323.297200001776218, 2473976.785399999469519 ], [ 7938323.655499998480082, 2473979.226799998432398 ], [ 7938331.16330000013113, 2473977.301100000739098 ] ] ] ] } },
{ "type": "Feature", "properties": { "objectid": 314280, "globalid": "{00000000-0000-0000-0000-000000000000}", "uniq_id": null, "state_code": "24", "district_c": "439", "tehsil_cod": "3843", "block_code": "4060", "village_co": "515578", "lgd_code": "515578", "built_up_a": 1, "village_na": "Suragpur", "area_desc": null, "name": "Suragpur", "owner_name": null, "property_i": null, "property_c": null, "area_sqm": 131.54392492, "roof_type": 4, "no_floors": 0, "remarks": null, "adl_info": null, "gp_code": "155028", "gp_name": "SURAGPUR", "d_pan_code": 398, "d_pan_name": "Amreli", "b_pan_code": 4422, "b_pan_name": "Amreli", "sourceofda": null, "area_geo": 131.54392492, "st_area_sh": 153.09635338000001, "st_length_": 52.659676970699998 }, "geometry": { "type": "MultiPolygon", "coordinates": [ [ [ [ 7938705.049400001764297, 2474098.633099999278784 ], [ 7938705.181699998676777, 2474080.972100000828505 ], [ 7938696.5135000012815, 2474080.907200001180172 ], [ 7938696.381299998611212, 2474098.56810000166297 ], [ 7938705.049400001764297, 2474098.633099999278784 ] ] ] ] } },
{ "type": "Feature", "properties": { "objectid": 314662, "globalid": "{00000000-0000-0000-0000-000000000000}", "uniq_id": null, "state_code": "24", "district_c": "438", "tehsil_cod": "3782", "block_code": "4052", "village_co": "511638", "lgd_code": "511638", "built_up_a": 1, "village_na": "Lalpur", "area_desc": null, "name": "Lalpur", "owner_name": null, "property_i": null, "property_c": null, "area_sqm": 31.05974266, "roof_type": 4, "no_floors": 0, "remarks": null, "adl_info": null, "gp_code": "276150", "gp_name": "KUBADTHAL - LALPUR", "d_pan_code": 397, "d_pan_name": "Ahmedabad", "b_pan_code": 4414, "b_pan_name": "Daskroi", "sourceofda": null, "area_geo": 31.05974266, "st_area_sh": 36.849795604999997, "st_length_": 25.1818891932 }, "geometry": { "type": "MultiPolygon", "coordinates": [ [ [ [ 8099352.526000000536442, 2636970.182900000363588 ], [ 8099354.232599999755621, 2636962.404100000858307 ], [ 8099349.712900001555681, 2636961.412599999457598 ], [ 8099348.006299998611212, 2636969.191300000995398 ], [ 8099352.526000000536442, 2636970.182900000363588 ] ] ] ] } },
{ "type": "Feature", "properties": { "objectid": 314517, "globalid": "{00000000-0000-0000-0000-000000000000}", "uniq_id": null, "state_code": "24", "district_c": "438", "tehsil_cod": "3782", "block_code": "4052", "village_co": "511638", "lgd_code": "511638", "built_up_a": 1, "village_na": "Lalpur", "area_desc": null, "name": "Lalpur", "owner_name": null, "property_i": null, "property_c": null, "area_sqm": 25.57487315, "roof_type": 1, "no_floors": 0, "remarks": null, "adl_info": null, "gp_code": "276150", "gp_name": "KUBADTHAL - LALPUR", "d_pan_code": 397, "d_pan_name": "Ahmedabad", "b_pan_code": 4414, "b_pan_name": "Daskroi", "sourceofda": null, "area_geo": 25.57487315, "st_area_sh": 30.34206248, "st_length_": 22.1979972295 }, "geometry": { "type": "MultiPolygon", "coordinates": [ [ [ [ 8099309.840500000864267, 2636856.4934 ], [ 8099309.505100000649691, 2636861.356899999082088 ], [ 8099315.714299999177456, 2636861.785100001841784 ], [ 8099316.049699999392033, 2636856.921599999070168 ], [ 8099309.840500000864267, 2636856.4934 ] ] ] ] } },
{ "type": "Feature", "properties": { "objectid": 314535, "globalid": "{00000000-0000-0000-0000-000000000000}", "uniq_id": null, "state_code": "24", "district_c": "438", "tehsil_cod": "3782", "block_code": "4052", "village_co": "511638", "lgd_code": "511638", "built_up_a": 1, "village_na": "Lalpur", "area_desc": null, "name": "Lalpur", "owner_name": null, "property_i": null, "property_c": null, "area_sqm": 178.84472233, "roof_type": 1, "no_floors": 0, "remarks": null, "adl_info": null, "gp_code": "276150", "gp_name": "KUBADTHAL - LALPUR", "d_pan_code": 397, "d_pan_name": "Ahmedabad", "b_pan_code": 4414, "b_pan_name": "Daskroi", "sourceofda": null, "area_geo": 178.84472233, "st_area_sh": 212.18405437000001, "st_length_": 60.2811548082 }, "geometry": { "type": "MultiPolygon", "coordinates": [ [ [ [ 8099304.217700000852346, 2636963.4243 ], [ 8099309.449799999594688, 2636947.688099998980761 ], [ 8099300.358899999409914, 2636944.665500000119209 ], [ 8099299.361400000751019, 2636947.665699999779463 ], [ 8099295.796399999409914, 2636946.48030000180006 ], [ 8099291.425000000745058, 2636959.627500001341105 ], [ 8099304.217700000852346, 2636963.4243 ] ] ] ] } },
{ "type": "Feature", "properties": { "objectid": 314349, "globalid": "{00000000-0000-0000-0000-000000000000}", "uniq_id": null, "state_code": "24", "district_c": "439", "tehsil_cod": "3843", "block_code": "4060", "village_co": "515578", "lgd_code": "515578", "built_up_a": 1, "village_na": "Suragpur", "area_desc": null, "name": "Suragpur", "owner_name": null, "property_i": null, "property_c": null, "area_sqm": 4.82807599, "roof_type": 1, "no_floors": 0, "remarks": null, "adl_info": null, "gp_code": "155028", "gp_name": "SURAGPUR", "d_pan_code": 398, "d_pan_name": "Amreli", "b_pan_code": 4422, "b_pan_name": "Amreli", "sourceofda": null, "area_geo": 4.82807599, "st_area_sh": 5.6190577, "st_length_": 9.8129733508099992 }, "geometry": { "type": "MultiPolygon", "coordinates": [ [ [ [ 7938338.092799998819828, 2473997.536299999803305 ], [ 7938337.689399998635054, 2473994.483300000429153 ], [ 7938335.892499998211861, 2473994.813299998641014 ], [ 7938336.295899998396635, 2473997.866300001740456 ], [ 7938338.092799998819828, 2473997.536299999803305 ] ] ] ] } },
{ "type": "Feature", "properties": { "objectid": 314503, "globalid": "{00000000-0000-0000-0000-000000000000}", "uniq_id": null, "state_code": "24", "district_c": "438", "tehsil_cod": "3782", "block_code": "4052", "village_co": "511638", "lgd_code": "511638", "built_up_a": 2, "village_na": "Lalpur", "area_desc": null, "name": "Lalpur", "owner_name": null, "property_i": null, "property_c": null, "area_sqm": 447.3371561, "roof_type": 1, "no_floors": 0, "remarks": null, "adl_info": null, "gp_code": "276150", "gp_name": "KUBADTHAL - LALPUR", "d_pan_code": 397, "d_pan_name": "Ahmedabad", "b_pan_code": 4414, "b_pan_name": "Daskroi", "sourceofda": null, "area_geo": 447.3371561, "st_area_sh": 530.72018526500005, "st_length_": 102.55737469899999 }, "geometry": { "type": "MultiPolygon", "coordinates": [ [ [ [ 8099189.688999999314547, 2636836.10080000013113 ], [ 8099190.482799999415874, 2636831.966699998825788 ], [ 8099171.102000001817942, 2636827.071899998933077 ], [ 8099170.043699998408556, 2636830.776099998503923 ], [ 8099172.028000000864267, 2636831.437600001692772 ], [ 8099171.234299998730421, 2636835.670899998396635 ], [ 8099163.521699998527765, 2636833.937899999320507 ], [ 8099159.923300001770258, 2636846.10869999974966 ], [ 8099187.964800000190735, 2636853.447799999266863 ], [ 8099190.893800001591444, 2636836.419300001114607 ], [ 8099189.688999999314547, 2636836.10080000013113 ] ] ] ] } },
{ "type": "Feature", "properties": { "objectid": 314546, "globalid": "{00000000-0000-0000-0000-000000000000}", "uniq_id": null, "state_code": "24", "district_c": "438", "tehsil_cod": "3782", "block_code": "4052", "village_co": "511638", "lgd_code": "511638", "built_up_a": 1, "village_na": "Lalpur", "area_desc": null, "name": "Lalpur", "owner_name": null, "property_i": null, "property_c": null, "area_sqm": 19.19563699, "roof_type": 1, "no_floors": 0, "remarks": null, "adl_info": null, "gp_code": "276150", "gp_name": "KUBADTHAL - LALPUR", "d_pan_code": 397, "d_pan_name": "Ahmedabad", "b_pan_code": 4414, "b_pan_name": "Daskroi", "sourceofda": null, "area_geo": 19.19563699, "st_area_sh": 22.77395249, "st_length_": 21.565224367599999 }, "geometry": { "type": "MultiPolygon", "coordinates": [ [ [ [ 8099328.225999999791384, 2636941.996899999678135 ], [ 8099328.422899998724461, 2636938.799499999731779 ], [ 8099328.075899999588728, 2636938.778099998831749 ], [ 8099328.040800001472235, 2636939.099800001829863 ], [ 8099325.539799999445677, 2636938.82660000026226 ], [ 8099325.562100000679493, 2636938.623199999332428 ], [ 8099321.120400000363588, 2636938.349700000137091 ], [ 8099320.923500001430511, 2636941.547200001776218 ], [ 8099325.83669999986887, 2636941.849800001829863 ], [ 8099328.225999999791384, 2636941.996899999678135 ] ] ] ] } },
{ "type": "Feature", "properties": { "objectid": 314310, "globalid": "{00000000-0000-0000-0000-000000000000}", "uniq_id": null, "state_code": "24", "district_c": "439", "tehsil_cod": "3843", "block_code": "4060", "village_co": "515578", "lgd_code": "515578", "built_up_a": 1, "village_na": "Suragpur", "area_desc": null, "name": "Suragpur", "owner_name": null, "property_i": null, "property_c": null, "area_sqm": 13.68091237, "roof_type": 4, "no_floors": 0, "remarks": null, "adl_info": null, "gp_code": "155028", "gp_name": "SURAGPUR", "d_pan_code": 398, "d_pan_name": "Amreli", "b_pan_code": 4422, "b_pan_name": "Amreli", "sourceofda": null, "area_geo": 13.68091237, "st_area_sh": 15.92215212, "st_length_": 16.427203524399999 }, "geometry": { "type": "MultiPolygon", "coordinates": [ [ [ [ 7938399.819499999284744, 2473943.618200000375509 ], [ 7938399.7621, 2473940.4814000017941 ], [ 7938394.689899999648333, 2473940.684799998998642 ], [ 7938394.747299998998642, 2473943.821600001305342 ], [ 7938399.819499999284744, 2473943.618200000375509 ] ] ] ] } },
{ "type": "Feature", "properties": { "objectid": 314770, "globalid": "{00000000-0000-0000-0000-000000000000}", "uniq_id": null, "state_code": "24", "district_c": "438", "tehsil_cod": "3782", "block_code": "4052", "village_co": "511638", "lgd_code": "511638", "built_up_a": 1, "village_na": "Lalpur", "area_desc": null, "name": "Lalpur", "owner_name": null, "property_i": null, "property_c": null, "area_sqm": 3.7057624, "roof_type": 4, "no_floors": 0, "remarks": null, "adl_info": null, "gp_code": "276150", "gp_name": "KUBADTHAL - LALPUR", "d_pan_code": 397, "d_pan_name": "Ahmedabad", "b_pan_code": 4414, "b_pan_name": "Daskroi", "sourceofda": null, "area_geo": 3.7057624, "st_area_sh": 4.396650275, "st_length_": 9.1893796501500002 }, "geometry": { "type": "MultiPolygon", "coordinates": [ [ [ [ 8099218.37049999833107, 2637100.061999998986721 ], [ 8099218.203499998897314, 2637101.410300001502037 ], [ 8099221.41499999910593, 2637101.8081 ], [ 8099221.581999998539686, 2637100.459699999541044 ], [ 8099218.37049999833107, 2637100.061999998986721 ] ] ] ] } },
{ "type": "Feature", "properties": { "objectid": 314719, "globalid": "{00000000-0000-0000-0000-000000000000}", "uniq_id": null, "state_code": "24", "district_c": "438", "tehsil_cod": "3782", "block_code": "4052", "village_co": "511638", "lgd_code": "511638", "built_up_a": 1, "village_na": "Lalpur", "area_desc": null, "name": "Lalpur", "owner_name": null, "property_i": null, "property_c": null, "area_sqm": 7.27279412, "roof_type": 1, "no_floors": 0, "remarks": null, "adl_info": null, "gp_code": "276150", "gp_name": "KUBADTHAL - LALPUR", "d_pan_code": 397, "d_pan_name": "Ahmedabad", "b_pan_code": 4414, "b_pan_name": "Daskroi", "sourceofda": null, "area_geo": 7.27279412, "st_area_sh": 8.62867273, "st_length_": 11.8822297663 }, "geometry": { "type": "MultiPolygon", "coordinates": [ [ [ [ 8099272.78940000012517, 2637068.556200001388788 ], [ 8099269.426600001752377, 2637068.240499999374151 ], [ 8099269.134399998933077, 2637070.80350000038743 ], [ 8099272.566799998283386, 2637071.031300000846386 ], [ 8099272.78940000012517, 2637068.556200001388788 ] ] ] ] } },
{ "type": "Feature", "properties": { "objectid": 314598, "globalid": "{00000000-0000-0000-0000-000000000000}", "uniq_id": null, "state_code": "24", "district_c": "438", "tehsil_cod": "3782", "block_code": "4052", "village_co": "511638", "lgd_code": "511638", "built_up_a": 1, "village_na": "Lalpur", "area_desc": null, "name": "Lalpur", "owner_name": null, "property_i": null, "property_c": null, "area_sqm": 9.92663152, "roof_type": 4, "no_floors": 0, "remarks": null, "adl_info": null, "gp_code": "276150", "gp_name": "KUBADTHAL - LALPUR", "d_pan_code": 397, "d_pan_name": "Ahmedabad", "b_pan_code": 4414, "b_pan_name": "Daskroi", "sourceofda": null, "area_geo": 9.92663152, "st_area_sh": 11.7770454, "st_length_": 14.8815227516 }, "geometry": { "type": "MultiPolygon", "coordinates": [ [ [ [ 8099343.631700001657009, 2636914.232299998402596 ], [ 8099343.715900000184774, 2636911.950199998915195 ], [ 8099338.562300000339746, 2636911.760000001639128 ], [ 8099338.478100001811981, 2636914.042100001126528 ], [ 8099343.631700001657009, 2636914.232299998402596 ] ] ] ] } },
{ "type": "Feature", "properties": { "objectid": 314597, "globalid": "{00000000-0000-0000-0000-000000000000}", "uniq_id": null, "state_code": "24", "district_c": "438", "tehsil_cod": "3782", "block_code": "4052", "village_co": "511638", "lgd_code": "511638", "built_up_a": 1, "village_na": "Lalpur", "area_desc": null, "name": "Lalpur", "owner_name": null, "property_i": null, "property_c": null, "area_sqm": 6.53899482, "roof_type": 1, "no_floors": 0, "remarks": null, "adl_info": null, "gp_code": "276150", "gp_name": "KUBADTHAL - LALPUR", "d_pan_code": 397, "d_pan_name": "Ahmedabad", "b_pan_code": 4414, "b_pan_name": "Daskroi", "sourceofda": null, "area_geo": 6.53899482, "st_area_sh": 7.75793513, "st_length_": 11.623912885199999 }, "geometry": { "type": "MultiPolygon", "coordinates": [ [ [ [ 8099352.234700001776218, 2636927.592799998819828 ], [ 8099355.938900001347065, 2636927.116500001400709 ], [ 8099355.6739999987185, 2636925.056200001388788 ], [ 8099351.969799999147654, 2636925.532499998807907 ], [ 8099352.234700001776218, 2636927.592799998819828 ] ] ] ] } },
{ "type": "Feature", "properties": { "objectid": 314565, "globalid": "{00000000-0000-0000-0000-000000000000}", "uniq_id": null, "state_code": "24", "district_c": "438", "tehsil_cod": "3782", "block_code": "4052", "village_co": "511638", "lgd_code": "511638", "built_up_a": 1, "village_na": "Lalpur", "area_desc": null, "name": "Lalpur", "owner_name": null, "property_i": null, "property_c": null, "area_sqm": 58.03408692, "roof_type": 1, "no_floors": 0, "remarks": null, "adl_info": null, "gp_code": "276150", "gp_name": "KUBADTHAL - LALPUR", "d_pan_code": 397, "d_pan_name": "Ahmedabad", "b_pan_code": 4414, "b_pan_name": "Daskroi", "sourceofda": null, "area_geo": 58.03408692, "st_area_sh": 68.851909684999995, "st_length_": 40.092831747600002 }, "geometry": { "type": "MultiPolygon", "coordinates": [ [ [ [ 8099336.207400001585484, 2636890.140599999576807 ], [ 8099336.450500000268221, 2636874.501499999314547 ], [ 8099332.103000000119209, 2636874.590700000524521 ], [ 8099331.745799999684095, 2636890.227600000798702 ], [ 8099336.207400001585484, 2636890.140599999576807 ] ] ] ] } },
{ "type": "Feature", "properties": { "objectid": 314440, "globalid": "{00000000-0000-0000-0000-000000000000}", "uniq_id": null, "state_code": "24", "district_c": "439", "tehsil_cod": "3843", "block_code": "4060", "village_co": "515578", "lgd_code": "515578", "built_up_a": 1, "village_na": "Suragpur", "area_desc": null, "name": "Suragpur", "owner_name": null, "property_i": null, "property_c": null, "area_sqm": 317.91099076, "roof_type": 1, "no_floors": 0, "remarks": null, "adl_info": null, "gp_code": "155028", "gp_name": "SURAGPUR", "d_pan_code": 398, "d_pan_name": "Amreli", "b_pan_code": 4422, "b_pan_name": "Amreli", "sourceofda": null, "area_geo": 317.91099076, "st_area_sh": 369.98661103500001, "st_length_": 119.92503703200001 }, "geometry": { "type": "MultiPolygon", "coordinates": [ [ [ [ 7938404.662500001490116, 2473808.848700001835823 ], [ 7938403.230399999767542, 2473809.276200000196695 ], [ 7938402.105000000447035, 2473806.043999999761581 ], [ 7938405.618000000715256, 2473804.995400000363588 ], [ 7938406.7434, 2473808.22749999910593 ], [ 7938409.980599999427795, 2473807.261199999600649 ], [ 7938406.6418999992311, 2473797.105999998748302 ], [ 7938392.951200000941753, 2473801.272199999541044 ], [ 7938404.71680000051856, 2473834.942600000649691 ], [ 7938417.809799998998642, 2473829.948399998247623 ], [ 7938416.610300000756979, 2473826.524999998509884 ], [ 7938411.488699998706579, 2473828.4543999992311 ], [ 7938404.662500001490116, 2473808.848700001835823 ] ] ] ] } },
{ "type": "Feature", "properties": { "objectid": 314378, "globalid": "{00000000-0000-0000-0000-000000000000}", "uniq_id": null, "state_code": "24", "district_c": "439", "tehsil_cod": "3843", "block_code": "4060", "village_co": "515578", "lgd_code": "515578", "built_up_a": 1, "village_na": "Suragpur", "area_desc": null, "name": "Suragpur", "owner_name": null, "property_i": null, "property_c": null, "area_sqm": 384.05881577999997, "roof_type": 1, "no_floors": 0, "remarks": null, "adl_info": null, "gp_code": "155028", "gp_name": "SURAGPUR", "d_pan_code": 398, "d_pan_name": "Amreli", "b_pan_code": 4422, "b_pan_name": "Amreli", "sourceofda": null, "area_geo": 384.05881577999997, "st_area_sh": 446.973727865, "st_length_": 150.57015291600001 }, "geometry": { "type": "MultiPolygon", "coordinates": [ [ [ [ 7938320.163600001484156, 2473897.227299999445677 ], [ 7938316.511199999600649, 2473898.44480000063777 ], [ 7938316.352400001138449, 2473897.809799998998642 ], [ 7938313.759500000625849, 2473898.577100001275539 ], [ 7938313.918200001120567, 2473899.185600001364946 ], [ 7938301.932599999010563, 2473902.625199999660254 ], [ 7938297.963799998164177, 2473890.42790000140667 ], [ 7938311.007800001651049, 2473886.221000000834465 ], [ 7938311.828000001609325, 2473888.549400001764297 ], [ 7938316.820500001311302, 2473886.771899998188019 ], [ 7938313.406599998474121, 2473876.095499999821186 ], [ 7938289.846099998801947, 2473883.836899999529123 ], [ 7938298.422400001436472, 2473909.619100000709295 ], [ 7938318.107500001788139, 2473903.692400000989437 ], [ 7938318.505800001323223, 2473904.948699999600649 ], [ 7938322.287799999117851, 2473903.870299998670816 ], [ 7938320.163600001484156, 2473897.227299999445677 ] ] ] ] } },
{ "type": "Feature", "properties": { "objectid": 314484, "globalid": "{00000000-0000-0000-0000-000000000000}", "uniq_id": null, "state_code": "24", "district_c": "438", "tehsil_cod": "3782", "block_code": "4052", "village_co": "511638", "lgd_code": "511638", "built_up_a": 2, "village_na": "Lalpur", "area_desc": null, "name": "Lalpur", "owner_name": null, "property_i": null, "property_c": null, "area_sqm": 31.48048315, "roof_type": 4, "no_floors": 0, "remarks": null, "adl_info": null, "gp_code": "276150", "gp_name": "KUBADTHAL - LALPUR", "d_pan_code": 397, "d_pan_name": "Ahmedabad", "b_pan_code": 4414, "b_pan_name": "Daskroi", "sourceofda": null, "area_geo": 31.48048315, "st_area_sh": 37.34832024, "st_length_": 31.817903980400001 }, "geometry": { "type": "MultiPolygon", "coordinates": [ [ [ [ 8099115.293200001120567, 2636829.055100001394749 ], [ 8099118.14809999987483, 2636829.184599999338388 ], [ 8099118.7522, 2636816.099700000137091 ], [ 8099115.881900001317263, 2636816.077599998563528 ], [ 8099115.293200001120567, 2636829.055100001394749 ] ] ] ] } },
{ "type": "Feature", "properties": { "objectid": 314638, "globalid": "{00000000-0000-0000-0000-000000000000}", "uniq_id": null, "state_code": "24", "district_c": "438", "tehsil_cod": "3782", "block_code": "4052", "village_co": "511638", "lgd_code": "511638", "built_up_a": 1, "village_na": "Lalpur", "area_desc": null, "name": "Lalpur", "owner_name": null, "property_i": null, "property_c": null, "area_sqm": 3.23413158, "roof_type": 1, "no_floors": 0, "remarks": null, "adl_info": null, "gp_code": "276150", "gp_name": "KUBADTHAL - LALPUR", "d_pan_code": 397, "d_pan_name": "Ahmedabad", "b_pan_code": 4414, "b_pan_name": "Daskroi", "sourceofda": null, "area_geo": 3.23413158, "st_area_sh": 3.837027125, "st_length_": 7.8353499299099996 }, "geometry": { "type": "MultiPolygon", "coordinates": [ [ [ [ 8099394.129599999636412, 2636965.820099998265505 ], [ 8099396.085200000554323, 2636965.990200001746416 ], [ 8099396.25450000166893, 2636964.04280000180006 ], [ 8099394.298900000751019, 2636963.8728 ], [ 8099394.129599999636412, 2636965.820099998265505 ] ] ] ] } },
{ "type": "Feature", "properties": { "objectid": 314736, "globalid": "{00000000-0000-0000-0000-000000000000}", "uniq_id": null, "state_code": "24", "district_c": "438", "tehsil_cod": "3782", "block_code": "4052", "village_co": "511638", "lgd_code": "511638", "built_up_a": 1, "village_na": "Lalpur", "area_desc": null, "name": "Lalpur", "owner_name": null, "property_i": null, "property_c": null, "area_sqm": 17.72966946, "roof_type": 4, "no_floors": 0, "remarks": null, "adl_info": null, "gp_code": "276150", "gp_name": "KUBADTHAL - LALPUR", "d_pan_code": 397, "d_pan_name": "Ahmedabad", "b_pan_code": 4414, "b_pan_name": "Daskroi", "sourceofda": null, "area_geo": 17.72966946, "st_area_sh": 21.03490421, "st_length_": 21.988052279400002 }, "geometry": { "type": "MultiPolygon", "coordinates": [ [ [ [ 8099302.245200000703335, 2637020.4695999994874 ], [ 8099304.679900001734495, 2637020.8662 ], [ 8099306.050900001078844, 2637012.44990000128746 ], [ 8099303.6162, 2637012.053300000727177 ], [ 8099302.245200000703335, 2637020.4695999994874 ] ] ] ] } },
{ "type": "Feature", "properties": { "objectid": 314679, "globalid": "{00000000-0000-0000-0000-000000000000}", "uniq_id": null, "state_code": "24", "district_c": "438", "tehsil_cod": "3782", "block_code": "4052", "village_co": "511638", "lgd_code": "511638", "built_up_a": 1, "village_na": "Lalpur", "area_desc": null, "name": "Lalpur", "owner_name": null, "property_i": null, "property_c": null, "area_sqm": 48.97358307, "roof_type": 4, "no_floors": 0, "remarks": null, "adl_info": null, "gp_code": "276150", "gp_name": "KUBADTHAL - LALPUR", "d_pan_code": 397, "d_pan_name": "Ahmedabad", "b_pan_code": 4414, "b_pan_name": "Daskroi", "sourceofda": null, "area_geo": 48.97358307, "st_area_sh": 58.10322687, "st_length_": 32.715822343399999 }, "geometry": { "type": "MultiPolygon", "coordinates": [ [ [ [ 8099384.899700000882149, 2636985.861000001430511 ], [ 8099373.968800000846386, 2636983.952199999243021 ], [ 8099373.071899998933077, 2636989.088700000196695 ], [ 8099384.095400001853704, 2636991.013599999248981 ], [ 8099384.899700000882149, 2636985.861000001430511 ] ] ] ] } },
{ "type": "Feature", "properties": { "objectid": 314747, "globalid": "{00000000-0000-0000-0000-000000000000}", "uniq_id": null, "state_code": "24", "district_c": "438", "tehsil_cod": "3782", "block_code": "4052", "village_co": "511638", "lgd_code": "511638", "built_up_a": 1, "village_na": "Lalpur", "area_desc": null, "name": "Lalpur", "owner_name": null, "property_i": null, "property_c": null, "area_sqm": 6.59773497, "roof_type": 4, "no_floors": 0, "remarks": null, "adl_info": null, "gp_code": "276150", "gp_name": "KUBADTHAL - LALPUR", "d_pan_code": 397, "d_pan_name": "Ahmedabad", "b_pan_code": 4414, "b_pan_name": "Daskroi", "sourceofda": null, "area_geo": 6.59773497, "st_area_sh": 7.82767857, "st_length_": 14.222187802500001 }, "geometry": { "type": "MultiPolygon", "coordinates": [ [ [ [ 8099247.5, 2636981.445000000298023 ], [ 8099247.249899998307228, 2636982.78319999948144 ], [ 8099252.901799999177456, 2636983.839400000870228 ], [ 8099253.151799999177456, 2636982.5011 ], [ 8099247.5, 2636981.445000000298023 ] ] ] ] } },
{ "type": "Feature", "properties": { "objectid": 314400, "globalid": "{00000000-0000-0000-0000-000000000000}", "uniq_id": null, "state_code": "24", "district_c": "439", "tehsil_cod": "3843", "block_code": "4060", "village_co": "515578", "lgd_code": "515578", "built_up_a": 1, "village_na": "Suragpur", "area_desc": null, "name": "Suragpur", "owner_name": null, "property_i": null, "property_c": null, "area_sqm": 93.17741856000001, "roof_type": 1, "no_floors": 0, "remarks": null, "adl_info": null, "gp_code": "155028", "gp_name": "SURAGPUR", "d_pan_code": 398, "d_pan_name": "Amreli", "b_pan_code": 4422, "b_pan_name": "Amreli", "sourceofda": null, "area_geo": 93.17741856000001, "st_area_sh": 108.44171534500001, "st_length_": 45.3897683908 }, "geometry": { "type": "MultiPolygon", "coordinates": [ [ [ [ 7938339.397900000214577, 2473926.015299998223782 ], [ 7938337.801899999380112, 2473920.706199999898672 ], [ 7938341.043099999427795, 2473919.515500001609325 ], [ 7938339.819899998605251, 2473915.603999998420477 ], [ 7938339.740499999374151, 2473915.241500001400709 ], [ 7938327.752000000327826, 2473919.206199999898672 ], [ 7938330.702799998223782, 2473928.901900000870228 ], [ 7938339.397900000214577, 2473926.015299998223782 ] ] ] ] } },
{ "type": "Feature", "properties": { "objectid": 314531, "globalid": "{00000000-0000-0000-0000-000000000000}", "uniq_id": null, "state_code": "24", "district_c": "438", "tehsil_cod": "3782", "block_code": "4052", "village_co": "511638", "lgd_code": "511638", "built_up_a": 1, "village_na": "Lalpur", "area_desc": null, "name": "Lalpur", "owner_name": null, "property_i": null, "property_c": null, "area_sqm": 202.29142645, "roof_type": 1, "no_floors": 0, "remarks": null, "adl_info": null, "gp_code": "276150", "gp_name": "KUBADTHAL - LALPUR", "d_pan_code": 397, "d_pan_name": "Ahmedabad", "b_pan_code": 4414, "b_pan_name": "Daskroi", "sourceofda": null, "area_geo": 202.29142645, "st_area_sh": 240.00093691500001, "st_length_": 62.671057697000002 }, "geometry": { "type": "MultiPolygon", "coordinates": [ [ [ [ 8099318.2043999992311, 2636923.545000001788139 ], [ 8099304.893500000238419, 2636922.886100001633167 ], [ 8099304.002999998629093, 2636940.872299998998642 ], [ 8099315.901799999177456, 2636941.461399998515844 ], [ 8099317.313999999314547, 2636941.531300000846386 ], [ 8099318.2043999992311, 2636923.545000001788139 ] ] ] ] } },
{ "type": "Feature", "properties": { "objectid": 314496, "globalid": "{00000000-0000-0000-0000-000000000000}", "uniq_id": null, "state_code": "24", "district_c": "438", "tehsil_cod": "3782", "block_code": "4052", "village_co": "511638", "lgd_code": "511638", "built_up_a": 1, "village_na": "Lalpur", "area_desc": null, "name": "Lalpur", "owner_name": null, "property_i": null, "property_c": null, "area_sqm": 14.30763733, "roof_type": 4, "no_floors": 0, "remarks": null, "adl_info": null, "gp_code": "276150", "gp_name": "KUBADTHAL - LALPUR", "d_pan_code": 397, "d_pan_name": "Ahmedabad", "b_pan_code": 4414, "b_pan_name": "Daskroi", "sourceofda": null, "area_geo": 14.30763733, "st_area_sh": 16.9744145, "st_length_": 16.5101235743 }, "geometry": { "type": "MultiPolygon", "coordinates": [ [ [ [ 8099160.639899998903275, 2636770.996899999678135 ], [ 8099164.391199998557568, 2636771.981600001454353 ], [ 8099165.502399999648333, 2636767.7483000010252 ], [ 8099161.751200001686811, 2636766.763599999248981 ], [ 8099160.639899998903275, 2636770.996899999678135 ] ] ] ] } },
{ "type": "Feature", "properties": { "objectid": 314678, "globalid": "{00000000-0000-0000-0000-000000000000}", "uniq_id": null, "state_code": "24", "district_c": "438", "tehsil_cod": "3782", "block_code": "4052", "village_co": "511638", "lgd_code": "511638", "built_up_a": 1, "village_na": "Lalpur", "area_desc": null, "name": "Lalpur", "owner_name": null, "property_i": null, "property_c": null, "area_sqm": 56.52589235, "roof_type": 1, "no_floors": 0, "remarks": null, "adl_info": null, "gp_code": "276150", "gp_name": "KUBADTHAL - LALPUR", "d_pan_code": 397, "d_pan_name": "Ahmedabad", "b_pan_code": 4414, "b_pan_name": "Daskroi", "sourceofda": null, "area_geo": 56.52589235, "st_area_sh": 67.06351974, "st_length_": 35.278595173699998 }, "geometry": { "type": "MultiPolygon", "coordinates": [ [ [ [ 8099383.32039999961853, 2636995.978700000792742 ], [ 8099372.207499999552965, 2636994.038199998438358 ], [ 8099371.253699999302626, 2636999.500500001013279 ], [ 8099376.136900000274181, 2637000.353300001472235 ], [ 8099383.167700000107288, 2637001.581000000238419 ], [ 8099384.121599998325109, 2636996.118700001388788 ], [ 8099383.32039999961853, 2636995.978700000792742 ] ] ] ] } },
{ "type": "Feature", "properties": { "objectid": 314704, "globalid": "{00000000-0000-0000-0000-000000000000}", "uniq_id": null, "state_code": "24", "district_c": "438", "tehsil_cod": "3782", "block_code": "4052", "village_co": "511638", "lgd_code": "511638", "built_up_a": 1, "village_na": "Lalpur", "area_desc": null, "name": "Lalpur", "owner_name": null, "property_i": null, "property_c": null, "area_sqm": 70.16616756000001, "roof_type": 1, "no_floors": 0, "remarks": null, "adl_info": null, "gp_code": "276150", "gp_name": "KUBADTHAL - LALPUR", "d_pan_code": 397, "d_pan_name": "Ahmedabad", "b_pan_code": 4414, "b_pan_name": "Daskroi", "sourceofda": null, "area_geo": 70.16616756000001, "st_area_sh": 83.246822745000003, "st_length_": 42.717467105300003 }, "geometry": { "type": "MultiPolygon", "coordinates": [ [ [ [ 8099328.292899999767542, 2637021.087900001555681 ], [ 8099329.069600000977516, 2637013.977899998426437 ], [ 8099316.748799998313189, 2637012.631900001317263 ], [ 8099315.698699999600649, 2637019.712099999189377 ], [ 8099317.208599999547005, 2637019.877099998295307 ], [ 8099317.3902000002563, 2637018.214800000190735 ], [ 8099321.185199998319149, 2637018.6294 ], [ 8099321.003600001335144, 2637020.291600000113249 ], [ 8099328.292899999767542, 2637021.087900001555681 ] ] ] ] } },
{ "type": "Feature", "properties": { "objectid": 314762, "globalid": "{00000000-0000-0000-0000-000000000000}", "uniq_id": null, "state_code": "24", "district_c": "438", "tehsil_cod": "3782", "block_code": "4052", "village_co": "511638", "lgd_code": "511638", "built_up_a": 1, "village_na": "Lalpur", "area_desc": null, "name": "Lalpur", "owner_name": null, "property_i": null, "property_c": null, "area_sqm": 36.30712826, "roof_type": 4, "no_floors": 0, "remarks": null, "adl_info": null, "gp_code": "276150", "gp_name": "KUBADTHAL - LALPUR", "d_pan_code": 397, "d_pan_name": "Ahmedabad", "b_pan_code": 4414, "b_pan_name": "Daskroi", "sourceofda": null, "area_geo": 36.30712826, "st_area_sh": 43.076055734999997, "st_length_": 30.2400768344 }, "geometry": { "type": "MultiPolygon", "coordinates": [ [ [ [ 8099144.371500000357628, 2637093.022700000554323 ], [ 8099144.424899999052286, 2637096.830299999564886 ], [ 8099155.73589999973774, 2637096.671599999070168 ], [ 8099155.682399999350309, 2637092.864 ], [ 8099144.371500000357628, 2637093.022700000554323 ] ] ] ] } },
{ "type": "Feature", "properties": { "objectid": 314560, "globalid": "{00000000-0000-0000-0000-000000000000}", "uniq_id": null, "state_code": "24", "district_c": "438", "tehsil_cod": "3782", "block_code": "4052", "village_co": "511638", "lgd_code": "511638", "built_up_a": 1, "village_na": "Lalpur", "area_desc": null, "name": "Lalpur", "owner_name": null, "property_i": null, "property_c": null, "area_sqm": 15.13710388, "roof_type": 4, "no_floors": 0, "remarks": null, "adl_info": null, "gp_code": "276150", "gp_name": "KUBADTHAL - LALPUR", "d_pan_code": 397, "d_pan_name": "Ahmedabad", "b_pan_code": 4414, "b_pan_name": "Daskroi", "sourceofda": null, "area_geo": 15.13710388, "st_area_sh": 17.95867472, "st_length_": 17.222503694099998 }, "geometry": { "type": "MultiPolygon", "coordinates": [ [ [ [ 8099394.792199999094009, 2636854.734499998390675 ], [ 8099391.302799999713898, 2636854.113499999046326 ], [ 8099390.41499999910593, 2636859.102200001478195 ], [ 8099393.904399998486042, 2636859.723099999129772 ], [ 8099394.792199999094009, 2636854.734499998390675 ] ] ] ] } },
{ "type": "Feature", "properties": { "objectid": 314482, "globalid": "{00000000-0000-0000-0000-000000000000}", "uniq_id": null, "state_code": "24", "district_c": "438", "tehsil_cod": "3782", "block_code": "4052", "village_co": "511638", "lgd_code": "511638", "built_up_a": 2, "village_na": "Lalpur", "area_desc": null, "name": "Lalpur", "owner_name": null, "property_i": null, "property_c": null, "area_sqm": 10.81400845, "roof_type": 4, "no_floors": 0, "remarks": null, "adl_info": null, "gp_code": "276150", "gp_name": "KUBADTHAL - LALPUR", "d_pan_code": 397, "d_pan_name": "Ahmedabad", "b_pan_code": 4414, "b_pan_name": "Daskroi", "sourceofda": null, "area_geo": 10.81400845, "st_area_sh": 12.82971033, "st_length_": 14.694291486199999 }, "geometry": { "type": "MultiPolygon", "coordinates": [ [ [ [ 8099118.14809999987483, 2636829.184599999338388 ], [ 8099115.293200001120567, 2636829.055100001394749 ], [ 8099115.089800000190735, 2636833.539799999445677 ], [ 8099117.944699998944998, 2636833.669300001114607 ], [ 8099118.14809999987483, 2636829.184599999338388 ] ] ] ] } },
{ "type": "Feature", "properties": { "objectid": 314655, "globalid": "{00000000-0000-0000-0000-000000000000}", "uniq_id": null, "state_code": "24", "district_c": "438", "tehsil_cod": "3782", "block_code": "4052", "village_co": "511638", "lgd_code": "511638", "built_up_a": 1, "village_na": "Lalpur", "area_desc": null, "name": "Lalpur", "owner_name": null, "property_i": null, "property_c": null, "area_sqm": 19.39552913, "roof_type": 4, "no_floors": 0, "remarks": null, "adl_info": null, "gp_code": "276150", "gp_name": "KUBADTHAL - LALPUR", "d_pan_code": 397, "d_pan_name": "Ahmedabad", "b_pan_code": 4414, "b_pan_name": "Daskroi", "sourceofda": null, "area_geo": 19.39552913, "st_area_sh": 23.011213415, "st_length_": 19.1928928289 }, "geometry": { "type": "MultiPolygon", "coordinates": [ [ [ [ 8099327.117600001394749, 2636977.352200001478195 ], [ 8099323.098600000143051, 2636974.971900001168251 ], [ 8099320.6173, 2636979.198100000619888 ], [ 8099324.67850000038743, 2636981.603300001472235 ], [ 8099327.117600001394749, 2636977.352200001478195 ] ] ] ] } },
{ "type": "Feature", "properties": { "objectid": 314329, "globalid": "{00000000-0000-0000-0000-000000000000}", "uniq_id": null, "state_code": "24", "district_c": "439", "tehsil_cod": "3843", "block_code": "4060", "village_co": "515578", "lgd_code": "515578", "built_up_a": 1, "village_na": "Suragpur", "area_desc": null, "name": "Suragpur", "owner_name": null, "property_i": null, "property_c": null, "area_sqm": 159.2284416, "roof_type": 1, "no_floors": 0, "remarks": null, "adl_info": null, "gp_code": "155028", "gp_name": "SURAGPUR", "d_pan_code": 398, "d_pan_name": "Amreli", "b_pan_code": 4422, "b_pan_name": "Amreli", "sourceofda": null, "area_geo": 159.2284416, "st_area_sh": 185.31394384000001, "st_length_": 61.7964259771 }, "geometry": { "type": "MultiPolygon", "coordinates": [ [ [ [ 7938385.236200001090765, 2473958.394000001251698 ], [ 7938384.27930000051856, 2473950.246800001710653 ], [ 7938361.93299999833107, 2473956.033599998801947 ], [ 7938363.678300000727177, 2473964.0647 ], [ 7938385.236200001090765, 2473958.394000001251698 ] ] ] ] } },
{ "type": "Feature", "properties": { "objectid": 314562, "globalid": "{00000000-0000-0000-0000-000000000000}", "uniq_id": null, "state_code": "24", "district_c": "438", "tehsil_cod": "3782", "block_code": "4052", "village_co": "511638", "lgd_code": "511638", "built_up_a": 1, "village_na": "Lalpur", "area_desc": null, "name": "Lalpur", "owner_name": null, "property_i": null, "property_c": null, "area_sqm": 40.14153262, "roof_type": 1, "no_floors": 0, "remarks": null, "adl_info": null, "gp_code": "276150", "gp_name": "KUBADTHAL - LALPUR", "d_pan_code": 397, "d_pan_name": "Ahmedabad", "b_pan_code": 4414, "b_pan_name": "Daskroi", "sourceofda": null, "area_geo": 40.14153262, "st_area_sh": 47.62340975, "st_length_": 28.5537160238 }, "geometry": { "type": "MultiPolygon", "coordinates": [ [ [ [ 8099359.021800000220537, 2636767.646800000220537 ], [ 8099360.172699999064207, 2636758.756700001657009 ], [ 8099354.904100000858307, 2636758.0746 ], [ 8099353.753199998289347, 2636766.964699998497963 ], [ 8099359.021800000220537, 2636767.646800000220537 ] ] ] ] } },
{ "type": "Feature", "properties": { "objectid": 314483, "globalid": "{00000000-0000-0000-0000-000000000000}", "uniq_id": null, "state_code": "24", "district_c": "438", "tehsil_cod": "3782", "block_code": "4052", "village_co": "511638", "lgd_code": "511638", "built_up_a": 2, "village_na": "Lalpur", "area_desc": null, "name": "Lalpur", "owner_name": null, "property_i": null, "property_c": null, "area_sqm": 14.07664096, "roof_type": 4, "no_floors": 0, "remarks": null, "adl_info": null, "gp_code": "276150", "gp_name": "KUBADTHAL - LALPUR", "d_pan_code": 397, "d_pan_name": "Ahmedabad", "b_pan_code": 4414, "b_pan_name": "Daskroi", "sourceofda": null, "area_geo": 14.07664096, "st_area_sh": 16.70049921, "st_length_": 17.479892016600001 }, "geometry": { "type": "MultiPolygon", "coordinates": [ [ [ [ 8099117.944699998944998, 2636833.669300001114607 ], [ 8099115.089800000190735, 2636833.539799999445677 ], [ 8099114.84010000154376, 2636839.044599998742342 ], [ 8099117.664799999445677, 2636839.839999999850988 ], [ 8099117.944699998944998, 2636833.669300001114607 ] ] ] ] } },
{ "type": "Feature", "properties": { "objectid": 314396, "globalid": "{00000000-0000-0000-0000-000000000000}", "uniq_id": null, "state_code": "24", "district_c": "439", "tehsil_cod": "3843", "block_code": "4060", "village_co": "515578", "lgd_code": "515578", "built_up_a": 1, "village_na": "Suragpur", "area_desc": null, "name": "Suragpur", "owner_name": null, "property_i": null, "property_c": null, "area_sqm": 64.39376281, "roof_type": 1, "no_floors": 0, "remarks": null, "adl_info": null, "gp_code": "155028", "gp_name": "SURAGPUR", "d_pan_code": 398, "d_pan_name": "Amreli", "b_pan_code": 4422, "b_pan_name": "Amreli", "sourceofda": null, "area_geo": 64.39376281, "st_area_sh": 74.94263613, "st_length_": 39.478986775499997 }, "geometry": { "type": "MultiPolygon", "coordinates": [ [ [ [ 7938377.672499999403954, 2473917.926300000399351 ], [ 7938378.896000001579523, 2473917.607999999076128 ], [ 7938375.113200001418591, 2473904.574000000953674 ], [ 7938369.111600000411272, 2473906.565900001674891 ], [ 7938371.7347999997437, 2473914.942200001329184 ], [ 7938372.3301, 2473914.74379999935627 ], [ 7938373.361999999731779, 2473917.958500001579523 ], [ 7938377.449799999594688, 2473916.688499998301268 ], [ 7938377.672499999403954, 2473917.926300000399351 ] ] ] ] } },
{ "type": "Feature", "properties": { "objectid": 314334, "globalid": "{00000000-0000-0000-0000-000000000000}", "uniq_id": null, "state_code": "24", "district_c": "439", "tehsil_cod": "3843", "block_code": "4060", "village_co": "515578", "lgd_code": "515578", "built_up_a": 1, "village_na": "Suragpur", "area_desc": null, "name": "Suragpur", "owner_name": null, "property_i": null, "property_c": null, "area_sqm": 63.90135993, "roof_type": 4, "no_floors": 0, "remarks": null, "adl_info": null, "gp_code": "155028", "gp_name": "SURAGPUR", "d_pan_code": 398, "d_pan_name": "Amreli", "b_pan_code": 4422, "b_pan_name": "Amreli", "sourceofda": null, "area_geo": 63.90135993, "st_area_sh": 74.37010075000001, "st_length_": 38.927389784799999 }, "geometry": { "type": "MultiPolygon", "coordinates": [ [ [ [ 7938374.161699999123812, 2473977.278400000184774 ], [ 7938373.514199998229742, 2473972.395799998193979 ], [ 7938372.158300001174212, 2473972.528099998831749 ], [ 7938371.893699999898672, 2473970.080699998885393 ], [ 7938368.487199999392033, 2473970.543699998408556 ], [ 7938368.123399998992682, 2473967.170299999415874 ], [ 7938364.485300000756979, 2473968.063200000673532 ], [ 7938364.650699999183416, 2473969.816100001335144 ], [ 7938365.001299999654293, 2473978.418400000780821 ], [ 7938374.161699999123812, 2473977.278400000184774 ] ] ] ] } },
{ "type": "Feature", "properties": { "objectid": 314276, "globalid": "{00000000-0000-0000-0000-000000000000}", "uniq_id": null, "state_code": "24", "district_c": "439", "tehsil_cod": "3843", "block_code": "4060", "village_co": "515578", "lgd_code": "515578", "built_up_a": 1, "village_na": "Suragpur", "area_desc": null, "name": "Suragpur", "owner_name": null, "property_i": null, "property_c": null, "area_sqm": 24.12335524, "roof_type": 4, "no_floors": 0, "remarks": null, "adl_info": null, "gp_code": "155028", "gp_name": "SURAGPUR", "d_pan_code": 398, "d_pan_name": "Amreli", "b_pan_code": 4422, "b_pan_name": "Amreli", "sourceofda": null, "area_geo": 24.12335524, "st_area_sh": 28.076055345, "st_length_": 21.766766796100001 }, "geometry": { "type": "MultiPolygon", "coordinates": [ [ [ [ 7938397.824700001627207, 2474180.071400001645088 ], [ 7938402.026900000870228, 2474180.113000001758337 ], [ 7938402.092999998480082, 2474173.432300001382828 ], [ 7938397.890900000929832, 2474173.390700001269579 ], [ 7938397.824700001627207, 2474180.071400001645088 ] ] ] ] } },
{ "type": "Feature", "properties": { "objectid": 314507, "globalid": "{00000000-0000-0000-0000-000000000000}", "uniq_id": null, "state_code": "24", "district_c": "438", "tehsil_cod": "3782", "block_code": "4052", "village_co": "511638", "lgd_code": "511638", "built_up_a": 1, "village_na": "Lalpur", "area_desc": null, "name": "Lalpur", "owner_name": null, "property_i": null, "property_c": null, "area_sqm": 29.08762674, "roof_type": 1, "no_floors": 0, "remarks": null, "adl_info": null, "gp_code": "276150", "gp_name": "KUBADTHAL - LALPUR", "d_pan_code": 397, "d_pan_name": "Ahmedabad", "b_pan_code": 4414, "b_pan_name": "Daskroi", "sourceofda": null, "area_geo": 29.08762674, "st_area_sh": 34.509793705, "st_length_": 24.167836686899999 }, "geometry": { "type": "MultiPolygon", "coordinates": [ [ [ [ 8099231.647599998861551, 2636902.184900000691414 ], [ 8099229.593699999153614, 2636906.333700001239777 ], [ 8099236.274500001221895, 2636909.640999998897314 ], [ 8099238.328299999237061, 2636905.492199998348951 ], [ 8099231.647599998861551, 2636902.184900000691414 ] ] ] ] } },
{ "type": "Feature", "properties": { "objectid": 314702, "globalid": "{00000000-0000-0000-0000-000000000000}", "uniq_id": null, "state_code": "24", "district_c": "438", "tehsil_cod": "3782", "block_code": "4052", "village_co": "511638", "lgd_code": "511638", "built_up_a": 1, "village_na": "Lalpur", "area_desc": null, "name": "Lalpur", "owner_name": null, "property_i": null, "property_c": null, "area_sqm": 29.35014414, "roof_type": 1, "no_floors": 0, "remarks": null, "adl_info": null, "gp_code": "276150", "gp_name": "KUBADTHAL - LALPUR", "d_pan_code": 397, "d_pan_name": "Ahmedabad", "b_pan_code": 4414, "b_pan_name": "Daskroi", "sourceofda": null, "area_geo": 29.35014414, "st_area_sh": 34.821691625, "st_length_": 24.658430032199998 }, "geometry": { "type": "MultiPolygon", "coordinates": [ [ [ [ 8099328.228999998420477, 2637013.886100001633167 ], [ 8099328.704799998551607, 2637009.530799999833107 ], [ 8099320.8037, 2637008.667700000107288 ], [ 8099320.328000001609325, 2637013.022900000214577 ], [ 8099328.228999998420477, 2637013.886100001633167 ] ] ] ] } },
{ "type": "Feature", "properties": { "objectid": 314670, "globalid": "{00000000-0000-0000-0000-000000000000}", "uniq_id": null, "state_code": "24", "district_c": "438", "tehsil_cod": "3782", "block_code": "4052", "village_co": "511638", "lgd_code": "511638", "built_up_a": 1, "village_na": "Lalpur", "area_desc": null, "name": "Lalpur", "owner_name": null, "property_i": null, "property_c": null, "area_sqm": 11.1234178, "roof_type": 4, "no_floors": 0, "remarks": null, "adl_info": null, "gp_code": "276150", "gp_name": "KUBADTHAL - LALPUR", "d_pan_code": 397, "d_pan_name": "Ahmedabad", "b_pan_code": 4414, "b_pan_name": "Daskroi", "sourceofda": null, "area_geo": 11.1234178, "st_area_sh": 13.19704196, "st_length_": 15.101216970499999 }, "geometry": { "type": "MultiPolygon", "coordinates": [ [ [ [ 8099347.866700001060963, 2636989.625799998641014 ], [ 8099348.808600001037121, 2636984.916200000792742 ], [ 8099346.114199999719858, 2636984.377399999648333 ], [ 8099345.1722999997437, 2636989.087000001221895 ], [ 8099347.866700001060963, 2636989.625799998641014 ] ] ] ] } },
{ "type": "Feature", "properties": { "objectid": 314649, "globalid": "{00000000-0000-0000-0000-000000000000}", "uniq_id": null, "state_code": "24", "district_c": "438", "tehsil_cod": "3782", "block_code": "4052", "village_co": "511638", "lgd_code": "511638", "built_up_a": 1, "village_na": "Lalpur", "area_desc": null, "name": "Lalpur", "owner_name": null, "property_i": null, "property_c": null, "area_sqm": 4.33719888, "roof_type": 1, "no_floors": 0, "remarks": null, "adl_info": null, "gp_code": "276150", "gp_name": "KUBADTHAL - LALPUR", "d_pan_code": 397, "d_pan_name": "Ahmedabad", "b_pan_code": 4414, "b_pan_name": "Daskroi", "sourceofda": null, "area_geo": 4.33719888, "st_area_sh": 5.14573893, "st_length_": 10.2329195918 }, "geometry": { "type": "MultiPolygon", "coordinates": [ [ [ [ 8099325.700300000607967, 2636988.304200001060963 ], [ 8099328.393300000578165, 2636989.670699998736382 ], [ 8099329.173799999058247, 2636988.407600000500679 ], [ 8099327.5016999989748, 2636987.688000001013279 ], [ 8099327.734499998390675, 2636987.074099998921156 ], [ 8099326.549199998378754, 2636986.545000001788139 ], [ 8099325.700300000607967, 2636988.304200001060963 ] ] ] ] } },
{ "type": "Feature", "properties": { "objectid": 314594, "globalid": "{00000000-0000-0000-0000-000000000000}", "uniq_id": null, "state_code": "24", "district_c": "438", "tehsil_cod": "3782", "block_code": "4052", "village_co": "511638", "lgd_code": "511638", "built_up_a": 1, "village_na": "Lalpur", "area_desc": null, "name": "Lalpur", "owner_name": null, "property_i": null, "property_c": null, "area_sqm": 37.33273529, "roof_type": 4, "no_floors": 0, "remarks": null, "adl_info": null, "gp_code": "276150", "gp_name": "KUBADTHAL - LALPUR", "d_pan_code": 397, "d_pan_name": "Ahmedabad", "b_pan_code": 4414, "b_pan_name": "Daskroi", "sourceofda": null, "area_geo": 37.33273529, "st_area_sh": 44.29191608, "st_length_": 26.856875066200001 }, "geometry": { "type": "MultiPolygon", "coordinates": [ [ [ [ 8099342.804699998348951, 2636914.2018 ], [ 8099335.207499999552965, 2636913.921399999409914 ], [ 8099334.992600001394749, 2636919.743500001728535 ], [ 8099342.589800000190735, 2636920.023899998515844 ], [ 8099342.804699998348951, 2636914.2018 ] ] ] ] } },
{ "type": "Feature", "properties": { "objectid": 314249, "globalid": "{00000000-0000-0000-0000-000000000000}", "uniq_id": null, "state_code": "24", "district_c": "439", "tehsil_cod": "3843", "block_code": "4060", "village_co": "515578", "lgd_code": "515578", "built_up_a": 1, "village_na": "Suragpur", "area_desc": null, "name": "Suragpur", "owner_name": null, "property_i": null, "property_c": null, "area_sqm": 26.4845751, "roof_type": 4, "no_floors": 0, "remarks": null, "adl_info": null, "gp_code": "155028", "gp_name": "SURAGPUR", "d_pan_code": 398, "d_pan_name": "Amreli", "b_pan_code": 4422, "b_pan_name": "Amreli", "sourceofda": null, "area_geo": 26.4845751, "st_area_sh": 30.826489305, "st_length_": 23.014874202200001 }, "geometry": { "type": "MultiPolygon", "coordinates": [ [ [ [ 7938066.968600001186132, 2474835.707299999892712 ], [ 7938074.2314000017941, 2474835.786699999123812 ], [ 7938074.277800001204014, 2474831.54280000180006 ], [ 7938067.014899998903275, 2474831.46339999884367 ], [ 7938066.968600001186132, 2474835.707299999892712 ] ] ] ] } },
{ "type": "Feature", "properties": { "objectid": 314573, "globalid": "{00000000-0000-0000-0000-000000000000}", "uniq_id": null, "state_code": "24", "district_c": "438", "tehsil_cod": "3782", "block_code": "4052", "village_co": "511638", "lgd_code": "511638", "built_up_a": 1, "village_na": "Lalpur", "area_desc": null, "name": "Lalpur", "owner_name": null, "property_i": null, "property_c": null, "area_sqm": 142.42519438, "roof_type": 1, "no_floors": 0, "remarks": null, "adl_info": null, "gp_code": "276150", "gp_name": "KUBADTHAL - LALPUR", "d_pan_code": 397, "d_pan_name": "Ahmedabad", "b_pan_code": 4414, "b_pan_name": "Daskroi", "sourceofda": null, "area_geo": 142.42519438, "st_area_sh": 168.974283095, "st_length_": 55.0222896358 }, "geometry": { "type": "MultiPolygon", "coordinates": [ [ [ [ 8099396.026799999177456, 2636909.699000000953674 ], [ 8099396.355900000780821, 2636891.449000000953674 ], [ 8099386.76630000025034, 2636891.496399998664856 ], [ 8099387.096999999135733, 2636909.743099998682737 ], [ 8099396.026799999177456, 2636909.699000000953674 ] ] ] ] } },
{ "type": "Feature", "properties": { "objectid": 314722, "globalid": "{00000000-0000-0000-0000-000000000000}", "uniq_id": null, "state_code": "24", "district_c": "438", "tehsil_cod": "3782", "block_code": "4052", "village_co": "511638", "lgd_code": "511638", "built_up_a": 1, "village_na": "Lalpur", "area_desc": null, "name": "Lalpur", "owner_name": null, "property_i": null, "property_c": null, "area_sqm": 12.21497509, "roof_type": 4, "no_floors": 0, "remarks": null, "adl_info": null, "gp_code": "276150", "gp_name": "KUBADTHAL - LALPUR", "d_pan_code": 397, "d_pan_name": "Ahmedabad", "b_pan_code": 4414, "b_pan_name": "Daskroi", "sourceofda": null, "area_geo": 12.21497509, "st_area_sh": 14.49223327, "st_length_": 15.3106736944 }, "geometry": { "type": "MultiPolygon", "coordinates": [ [ [ [ 8099289.829500000923872, 2637067.958099998533726 ], [ 8099289.583700001239777, 2637072.160799998790026 ], [ 8099293.052700001746416, 2637072.390999998897314 ], [ 8099293.211500000208616, 2637068.157699998468161 ], [ 8099289.829500000923872, 2637067.958099998533726 ] ] ] ] } },
{ "type": "Feature", "properties": { "objectid": 314410, "globalid": "{00000000-0000-0000-0000-000000000000}", "uniq_id": null, "state_code": "24", "district_c": "439", "tehsil_cod": "3843", "block_code": "4060", "village_co": "515578", "lgd_code": "515578", "built_up_a": 1, "village_na": "Suragpur", "area_desc": null, "name": "Suragpur", "owner_name": null, "property_i": null, "property_c": null, "area_sqm": 114.80339878, "roof_type": 1, "no_floors": 0, "remarks": null, "adl_info": null, "gp_code": "155028", "gp_name": "SURAGPUR", "d_pan_code": 398, "d_pan_name": "Amreli", "b_pan_code": 4422, "b_pan_name": "Amreli", "sourceofda": null, "area_geo": 114.80339878, "st_area_sh": 133.60996731, "st_length_": 46.873273158799996 }, "geometry": { "type": "MultiPolygon", "coordinates": [ [ [ [ 7938357.401900000870228, 2473885.270899999886751 ], [ 7938362.065499998629093, 2473897.953699998557568 ], [ 7938371.278799999505281, 2473894.901099998503923 ], [ 7938366.708700001239777, 2473881.91950000077486 ], [ 7938357.401900000870228, 2473885.270899999886751 ] ] ] ] } },
{ "type": "Feature", "properties": { "objectid": 314790, "globalid": "{00000000-0000-0000-0000-000000000000}", "uniq_id": null, "state_code": "24", "district_c": "438", "tehsil_cod": "3782", "block_code": "4052", "village_co": "511638", "lgd_code": "511638", "built_up_a": 1, "village_na": "Lalpur", "area_desc": null, "name": "Lalpur", "owner_name": null, "property_i": null, "property_c": null, "area_sqm": 111.1943766, "roof_type": 1, "no_floors": 0, "remarks": null, "adl_info": null, "gp_code": "276150", "gp_name": "KUBADTHAL - LALPUR", "d_pan_code": 397, "d_pan_name": "Ahmedabad", "b_pan_code": 4414, "b_pan_name": "Daskroi", "sourceofda": null, "area_geo": 111.1943766, "st_area_sh": 131.92204191, "st_length_": 46.115857977899999 }, "geometry": { "type": "MultiPolygon", "coordinates": [ [ [ [ 8099317.753899998962879, 2636908.795800000429153 ], [ 8099307.225299999117851, 2636908.2029 ], [ 8099306.852000001817942, 2636920.853000000119209 ], [ 8099317.388900000602007, 2636921.163899999111891 ], [ 8099317.753899998962879, 2636908.795800000429153 ] ] ] ] } },
{ "type": "Feature", "properties": { "objectid": 314663, "globalid": "{00000000-0000-0000-0000-000000000000}", "uniq_id": null, "state_code": "24", "district_c": "438", "tehsil_cod": "3782", "block_code": "4052", "village_co": "511638", "lgd_code": "511638", "built_up_a": 1, "village_na": "Lalpur", "area_desc": null, "name": "Lalpur", "owner_name": null, "property_i": null, "property_c": null, "area_sqm": 11.18903294, "roof_type": 1, "no_floors": 0, "remarks": null, "adl_info": null, "gp_code": "276150", "gp_name": "KUBADTHAL - LALPUR", "d_pan_code": 397, "d_pan_name": "Ahmedabad", "b_pan_code": 4414, "b_pan_name": "Daskroi", "sourceofda": null, "area_geo": 11.18903294, "st_area_sh": 13.27486312, "st_length_": 15.716831452799999 }, "geometry": { "type": "MultiPolygon", "coordinates": [ [ [ [ 8099351.803100001066923, 2636972.690000001341105 ], [ 8099352.361099999397993, 2636970.146699998527765 ], [ 8099348.534299999475479, 2636969.307199999690056 ], [ 8099347.488000001758337, 2636969.077599998563528 ], [ 8099346.929999999701977, 2636971.620900001376867 ], [ 8099346.873100001364946, 2636971.880399998277426 ], [ 8099347.919399999082088, 2636972.109999999403954 ], [ 8099347.976399999111891, 2636971.850499998778105 ], [ 8099351.803100001066923, 2636972.690000001341105 ] ] ] ] } },
{ "type": "Feature", "properties": { "objectid": 314407, "globalid": "{00000000-0000-0000-0000-000000000000}", "uniq_id": null, "state_code": "24", "district_c": "439", "tehsil_cod": "3843", "block_code": "4060", "village_co": "515578", "lgd_code": "515578", "built_up_a": 1, "village_na": "Suragpur", "area_desc": null, "name": "Suragpur", "owner_name": null, "property_i": null, "property_c": null, "area_sqm": 14.33708632, "roof_type": 1, "no_floors": 0, "remarks": null, "adl_info": null, "gp_code": "155028", "gp_name": "SURAGPUR", "d_pan_code": 398, "d_pan_name": "Amreli", "b_pan_code": 4422, "b_pan_name": "Amreli", "sourceofda": null, "area_geo": 14.33708632, "st_area_sh": 16.68572483, "st_length_": 16.4298683568 }, "geometry": { "type": "MultiPolygon", "coordinates": [ [ [ [ 7938332.080699998885393, 2473892.330200001597404 ], [ 7938330.958799999207258, 2473888.80290000140667 ], [ 7938326.656700000166893, 2473890.25279999896884 ], [ 7938327.769900001585484, 2473893.734099999070168 ], [ 7938332.080699998885393, 2473892.330200001597404 ] ] ] ] } },
{ "type": "Feature", "properties": { "objectid": 314570, "globalid": "{00000000-0000-0000-0000-000000000000}", "uniq_id": null, "state_code": "24", "district_c": "438", "tehsil_cod": "3782", "block_code": "4052", "village_co": "511638", "lgd_code": "511638", "built_up_a": 1, "village_na": "Lalpur", "area_desc": null, "name": "Lalpur", "owner_name": null, "property_i": null, "property_c": null, "area_sqm": 8.48841765, "roof_type": 1, "no_floors": 0, "remarks": null, "adl_info": null, "gp_code": "276150", "gp_name": "KUBADTHAL - LALPUR", "d_pan_code": 397, "d_pan_name": "Ahmedabad", "b_pan_code": 4414, "b_pan_name": "Daskroi", "sourceofda": null, "area_geo": 8.48841765, "st_area_sh": 10.07069241, "st_length_": 13.3634779471 }, "geometry": { "type": "MultiPolygon", "coordinates": [ [ [ [ 8099376.37049999833107, 2636879.130899999290705 ], [ 8099376.378899998962879, 2636876.828600000590086 ], [ 8099372.13060000166297, 2636876.403999999165535 ], [ 8099371.910999998450279, 2636878.70549999922514 ], [ 8099376.37049999833107, 2636879.130899999290705 ] ] ] ] } },
{ "type": "Feature", "properties": { "objectid": 314460, "globalid": "{00000000-0000-0000-0000-000000000000}", "uniq_id": null, "state_code": "24", "district_c": "439", "tehsil_cod": "3843", "block_code": "4060", "village_co": "515578", "lgd_code": "515578", "built_up_a": 1, "village_na": "Suragpur", "area_desc": null, "name": "Suragpur", "owner_name": null, "property_i": null, "property_c": null, "area_sqm": 85.95645838, "roof_type": 1, "no_floors": 0, "remarks": null, "adl_info": null, "gp_code": "155028", "gp_name": "SURAGPUR", "d_pan_code": 398, "d_pan_name": "Amreli", "b_pan_code": 4422, "b_pan_name": "Amreli", "sourceofda": null, "area_geo": 85.95645838, "st_area_sh": 100.03724728500001, "st_length_": 40.963866246800002 }, "geometry": { "type": "MultiPolygon", "coordinates": [ [ [ [ 7938404.439399998635054, 2473878.953299999237061 ], [ 7938411.383600000292063, 2473876.718800000846386 ], [ 7938407.73759999871254, 2473864.945099998265505 ], [ 7938400.073800001293421, 2473867.152800001204014 ], [ 7938403.6721, 2473879.191399998962879 ], [ 7938404.439399998635054, 2473878.953299999237061 ] ] ] ] } },
{ "type": "Feature", "properties": { "objectid": 314274, "globalid": "{00000000-0000-0000-0000-000000000000}", "uniq_id": null, "state_code": "24", "district_c": "439", "tehsil_cod": "3843", "block_code": "4060", "village_co": "515578", "lgd_code": "515578", "built_up_a": 1, "village_na": "Suragpur", "area_desc": null, "name": "Suragpur", "owner_name": null, "property_i": null, "property_c": null, "area_sqm": 27.13628828, "roof_type": 4, "no_floors": 0, "remarks": null, "adl_info": null, "gp_code": "155028", "gp_name": "SURAGPUR", "d_pan_code": 398, "d_pan_name": "Amreli", "b_pan_code": 4422, "b_pan_name": "Amreli", "sourceofda": null, "area_geo": 27.13628828, "st_area_sh": 31.582822855, "st_length_": 26.098023292800001 }, "geometry": { "type": "MultiPolygon", "coordinates": [ [ [ [ 7938456.477000001817942, 2474224.336100000888109 ], [ 7938456.4037000015378, 2474214.497299998998642 ], [ 7938453.193900000303984, 2474214.521200001239777 ], [ 7938453.267099998891354, 2474224.359999999403954 ], [ 7938456.477000001817942, 2474224.336100000888109 ] ] ] ] } },
{ "type": "Feature", "properties": { "objectid": 314720, "globalid": "{00000000-0000-0000-0000-000000000000}", "uniq_id": null, "state_code": "24", "district_c": "438", "tehsil_cod": "3782", "block_code": "4052", "village_co": "511638", "lgd_code": "511638", "built_up_a": 1, "village_na": "Lalpur", "area_desc": null, "name": "Lalpur", "owner_name": null, "property_i": null, "property_c": null, "area_sqm": 5.50688446, "roof_type": 4, "no_floors": 0, "remarks": null, "adl_info": null, "gp_code": "276150", "gp_name": "KUBADTHAL - LALPUR", "d_pan_code": 397, "d_pan_name": "Ahmedabad", "b_pan_code": 4414, "b_pan_name": "Daskroi", "sourceofda": null, "area_geo": 5.50688446, "st_area_sh": 6.533541175, "st_length_": 11.6186707919 }, "geometry": { "type": "MultiPolygon", "coordinates": [ [ [ [ 8099274.439800001680851, 2637066.950800001621246 ], [ 8099272.957600001245737, 2637066.686500001698732 ], [ 8099272.78940000012517, 2637068.556200001388788 ], [ 8099272.566799998283386, 2637071.031300000846386 ], [ 8099274.118299998342991, 2637071.134300000965595 ], [ 8099274.439800001680851, 2637066.950800001621246 ] ] ] ] } },
{ "type": "Feature", "properties": { "objectid": 314778, "globalid": "{00000000-0000-0000-0000-000000000000}", "uniq_id": null, "state_code": "24", "district_c": "438", "tehsil_cod": "3782", "block_code": "4052", "village_co": "511638", "lgd_code": "511638", "built_up_a": 1, "village_na": "Lalpur", "area_desc": null, "name": "Lalpur", "owner_name": null, "property_i": null, "property_c": null, "area_sqm": 25.50116564, "roof_type": 4, "no_floors": 0, "remarks": null, "adl_info": null, "gp_code": "276150", "gp_name": "KUBADTHAL - LALPUR", "d_pan_code": 397, "d_pan_name": "Ahmedabad", "b_pan_code": 4414, "b_pan_name": "Daskroi", "sourceofda": null, "area_geo": 25.50116564, "st_area_sh": 30.255680265, "st_length_": 22.049098451399999 }, "geometry": { "type": "MultiPolygon", "coordinates": [ [ [ [ 8099296.831599999219179, 2637146.529699999839067 ], [ 8099291.724199999123812, 2637145.849700000137091 ], [ 8099290.949200000613928, 2637151.670400001108646 ], [ 8099296.056499999016523, 2637152.350499998778105 ], [ 8099296.831599999219179, 2637146.529699999839067 ] ] ] ] } },
{ "type": "Feature", "properties": { "objectid": 314320, "globalid": "{00000000-0000-0000-0000-000000000000}", "uniq_id": null, "state_code": "24", "district_c": "439", "tehsil_cod": "3843", "block_code": "4060", "village_co": "515578", "lgd_code": "515578", "built_up_a": 1, "village_na": "Suragpur", "area_desc": null, "name": "Suragpur", "owner_name": null, "property_i": null, "property_c": null, "area_sqm": 6.82058338, "roof_type": 4, "no_floors": 0, "remarks": null, "adl_info": null, "gp_code": "155028", "gp_name": "SURAGPUR", "d_pan_code": 398, "d_pan_name": "Amreli", "b_pan_code": 4422, "b_pan_name": "Amreli", "sourceofda": null, "area_geo": 6.82058338, "st_area_sh": 7.93792761, "st_length_": 11.811937174400001 }, "geometry": { "type": "MultiPolygon", "coordinates": [ [ [ [ 7938405.64640000090003, 2473918.298700001090765 ], [ 7938403.583999998867512, 2473918.138999998569489 ], [ 7938403.287799999117851, 2473921.964999999850988 ], [ 7938405.35020000115037, 2473922.124600000679493 ], [ 7938405.64640000090003, 2473918.298700001090765 ] ] ] ] } },
{ "type": "Feature", "properties": { "objectid": 314752, "globalid": "{00000000-0000-0000-0000-000000000000}", "uniq_id": null, "state_code": "24", "district_c": "438", "tehsil_cod": "3782", "block_code": "4052", "village_co": "511638", "lgd_code": "511638", "built_up_a": 1, "village_na": "Lalpur", "area_desc": null, "name": "Lalpur", "owner_name": null, "property_i": null, "property_c": null, "area_sqm": 37.88486918, "roof_type": 4, "no_floors": 0, "remarks": null, "adl_info": null, "gp_code": "276150", "gp_name": "KUBADTHAL - LALPUR", "d_pan_code": 397, "d_pan_name": "Ahmedabad", "b_pan_code": 4414, "b_pan_name": "Daskroi", "sourceofda": null, "area_geo": 37.88486918, "st_area_sh": 44.947136535, "st_length_": 29.502979046299998 }, "geometry": { "type": "MultiPolygon", "coordinates": [ [ [ [ 8099270.08219999819994, 2636943.44029999896884 ], [ 8099268.889899998903275, 2636947.572599999606609 ], [ 8099278.930799998342991, 2636950.469799999147654 ], [ 8099280.123199999332428, 2636946.337400000542402 ], [ 8099270.08219999819994, 2636943.44029999896884 ] ] ] ] } },
{ "type": "Feature", "properties": { "objectid": 314390, "globalid": "{00000000-0000-0000-0000-000000000000}", "uniq_id": null, "state_code": "24", "district_c": "439", "tehsil_cod": "3843", "block_code": "4060", "village_co": "515578", "lgd_code": "515578", "built_up_a": 1, "village_na": "Suragpur", "area_desc": null, "name": "Suragpur", "owner_name": null, "property_i": null, "property_c": null, "area_sqm": 123.49455383, "roof_type": 4, "no_floors": 0, "remarks": null, "adl_info": null, "gp_code": "155028", "gp_name": "SURAGPUR", "d_pan_code": 398, "d_pan_name": "Amreli", "b_pan_code": 4422, "b_pan_name": "Amreli", "sourceofda": null, "area_geo": 123.49455383, "st_area_sh": 143.72603765, "st_length_": 52.133713318600002 }, "geometry": { "type": "MultiPolygon", "coordinates": [ [ [ [ 7938299.158100001513958, 2473968.5088 ], [ 7938293.677799999713898, 2473951.080899998545647 ], [ 7938286.188099998980761, 2473953.795899998396635 ], [ 7938291.660799998790026, 2473970.955699998885393 ], [ 7938299.158100001513958, 2473968.5088 ] ] ] ] } },
{ "type": "Feature", "properties": { "objectid": 314369, "globalid": "{00000000-0000-0000-0000-000000000000}", "uniq_id": null, "state_code": "24", "district_c": "439", "tehsil_cod": "3843", "block_code": "4060", "village_co": "515578", "lgd_code": "515578", "built_up_a": 1, "village_na": "Suragpur", "area_desc": null, "name": "Suragpur", "owner_name": null, "property_i": null, "property_c": null, "area_sqm": 113.21776717, "roof_type": 1, "no_floors": 0, "remarks": null, "adl_info": null, "gp_code": "155028", "gp_name": "SURAGPUR", "d_pan_code": 398, "d_pan_name": "Amreli", "b_pan_code": 4422, "b_pan_name": "Amreli", "sourceofda": null, "area_geo": 113.21776717, "st_area_sh": 131.76569999, "st_length_": 51.606183871799999 }, "geometry": { "type": "MultiPolygon", "coordinates": [ [ [ [ 7938261.848299998790026, 2473959.092599999159575 ], [ 7938265.67339999973774, 2473970.261100001633167 ], [ 7938265.0304000005126, 2473970.477899998426437 ], [ 7938266.0625, 2473973.317600000649691 ], [ 7938269.478199999779463, 2473972.217500001192093 ], [ 7938268.66499999910593, 2473969.814599998295307 ], [ 7938272.874299999326468, 2473968.45890000090003 ], [ 7938272.354499999433756, 2473966.923099998384714 ], [ 7938275.121500000357628, 2473966.031899999827147 ], [ 7938273.1974, 2473960.346400000154972 ], [ 7938271.699299998581409, 2473955.919700000435114 ], [ 7938261.848299998790026, 2473959.092599999159575 ] ] ] ] } },
{ "type": "Feature", "properties": { "objectid": 314282, "globalid": "{00000000-0000-0000-0000-000000000000}", "uniq_id": null, "state_code": "24", "district_c": "439", "tehsil_cod": "3843", "block_code": "4060", "village_co": "515578", "lgd_code": "515578", "built_up_a": 1, "village_na": "Suragpur", "area_desc": null, "name": "Suragpur", "owner_name": null, "property_i": null, "property_c": null, "area_sqm": 21.65341091, "roof_type": 4, "no_floors": 0, "remarks": null, "adl_info": null, "gp_code": "155028", "gp_name": "SURAGPUR", "d_pan_code": 398, "d_pan_name": "Amreli", "b_pan_code": 4422, "b_pan_name": "Amreli", "sourceofda": null, "area_geo": 21.65341091, "st_area_sh": 25.19994382, "st_length_": 20.549902875899999 }, "geometry": { "type": "MultiPolygon", "coordinates": [ [ [ [ 7938844.196400001645088, 2473674.876600001007318 ], [ 7938849.792399998754263, 2473672.1382 ], [ 7938848.014400001615286, 2473668.504999998956919 ], [ 7938842.418499998748302, 2473671.2434 ], [ 7938844.196400001645088, 2473674.876600001007318 ] ] ] ] } },
{ "type": "Feature", "properties": { "objectid": 314690, "globalid": "{00000000-0000-0000-0000-000000000000}", "uniq_id": null, "state_code": "24", "district_c": "438", "tehsil_cod": "3782", "block_code": "4052", "village_co": "511638", "lgd_code": "511638", "built_up_a": 1, "village_na": "Lalpur", "area_desc": null, "name": "Lalpur", "owner_name": null, "property_i": null, "property_c": null, "area_sqm": 10.04645328, "roof_type": 4, "no_floors": 0, "remarks": null, "adl_info": null, "gp_code": "276150", "gp_name": "KUBADTHAL - LALPUR", "d_pan_code": 397, "d_pan_name": "Ahmedabad", "b_pan_code": 4414, "b_pan_name": "Daskroi", "sourceofda": null, "area_geo": 10.04645328, "st_area_sh": 11.9193488, "st_length_": 13.8197641616 }, "geometry": { "type": "MultiPolygon", "coordinates": [ [ [ [ 8099393.826099999248981, 2637015.686700001358986 ], [ 8099397.382100000977516, 2637015.221099998801947 ], [ 8099396.950599998235703, 2637011.925700001418591 ], [ 8099393.394600000232458, 2637012.39130000025034 ], [ 8099393.826099999248981, 2637015.686700001358986 ] ] ] ] } },
{ "type": "Feature", "properties": { "objectid": 314633, "globalid": "{00000000-0000-0000-0000-000000000000}", "uniq_id": null, "state_code": "24", "district_c": "438", "tehsil_cod": "3782", "block_code": "4052", "village_co": "511638", "lgd_code": "511638", "built_up_a": 1, "village_na": "Lalpur", "area_desc": null, "name": "Lalpur", "owner_name": null, "property_i": null, "property_c": null, "area_sqm": 4.66027387, "roof_type": 4, "no_floors": 0, "remarks": null, "adl_info": null, "gp_code": "276150", "gp_name": "KUBADTHAL - LALPUR", "d_pan_code": 397, "d_pan_name": "Ahmedabad", "b_pan_code": 4414, "b_pan_name": "Daskroi", "sourceofda": null, "area_geo": 4.66027387, "st_area_sh": 5.52902341, "st_length_": 9.4089937506800005 }, "geometry": { "type": "MultiPolygon", "coordinates": [ [ [ [ 8099371.138599999248981, 2636960.284699998795986 ], [ 8099368.89979999884963, 2636959.809799998998642 ], [ 8099368.398499999195337, 2636962.173099998384714 ], [ 8099370.637299999594688, 2636962.647999998182058 ], [ 8099371.138599999248981, 2636960.284699998795986 ] ] ] ] } },
{ "type": "Feature", "properties": { "objectid": 314312, "globalid": "{00000000-0000-0000-0000-000000000000}", "uniq_id": null, "state_code": "24", "district_c": "439", "tehsil_cod": "3843", "block_code": "4060", "village_co": "515578", "lgd_code": "515578", "built_up_a": 1, "village_na": "Suragpur", "area_desc": null, "name": "Suragpur", "owner_name": null, "property_i": null, "property_c": null, "area_sqm": 46.62072789, "roof_type": 4, "no_floors": 0, "remarks": null, "adl_info": null, "gp_code": "155028", "gp_name": "SURAGPUR", "d_pan_code": 398, "d_pan_name": "Amreli", "b_pan_code": 4422, "b_pan_name": "Amreli", "sourceofda": null, "area_geo": 46.62072789, "st_area_sh": 54.25826311, "st_length_": 29.513079037099999 }, "geometry": { "type": "MultiPolygon", "coordinates": [ [ [ [ 7938399.908599998801947, 2473948.491399999707937 ], [ 7938406.968699999153614, 2473948.752900000661612 ], [ 7938406.746399998664856, 2473940.750399999320507 ], [ 7938399.772100001573563, 2473941.030000001192093 ], [ 7938399.908599998801947, 2473948.491399999707937 ] ] ] ] } },
{ "type": "Feature", "properties": { "objectid": 314750, "globalid": "{00000000-0000-0000-0000-000000000000}", "uniq_id": null, "state_code": "24", "district_c": "438", "tehsil_cod": "3782", "block_code": "4052", "village_co": "511638", "lgd_code": "511638", "built_up_a": 1, "village_na": "Lalpur", "area_desc": null, "name": "Lalpur", "owner_name": null, "property_i": null, "property_c": null, "area_sqm": 5.70927846, "roof_type": 4, "no_floors": 0, "remarks": null, "adl_info": null, "gp_code": "276150", "gp_name": "KUBADTHAL - LALPUR", "d_pan_code": 397, "d_pan_name": "Ahmedabad", "b_pan_code": 4414, "b_pan_name": "Daskroi", "sourceofda": null, "area_geo": 5.70927846, "st_area_sh": 6.77360993, "st_length_": 10.4128121255 }, "geometry": { "type": "MultiPolygon", "coordinates": [ [ [ [ 8099262.160799998790026, 2636997.340399999171495 ], [ 8099262.201200000941753, 2636999.888000000268221 ], [ 8099264.859400000423193, 2636999.845800001174212 ], [ 8099264.818900000303984, 2636997.2982 ], [ 8099262.160799998790026, 2636997.340399999171495 ] ] ] ] } },
{ "type": "Feature", "properties": { "objectid": 314727, "globalid": "{00000000-0000-0000-0000-000000000000}", "uniq_id": null, "state_code": "24", "district_c": "438", "tehsil_cod": "3782", "block_code": "4052", "village_co": "511638", "lgd_code": "511638", "built_up_a": 1, "village_na": "Lalpur", "area_desc": null, "name": "Lalpur", "owner_name": null, "property_i": null, "property_c": null, "area_sqm": 156.64565991000001, "roof_type": 1, "no_floors": 0, "remarks": null, "adl_info": null, "gp_code": "276150", "gp_name": "KUBADTHAL - LALPUR", "d_pan_code": 397, "d_pan_name": "Ahmedabad", "b_pan_code": 4414, "b_pan_name": "Daskroi", "sourceofda": null, "area_geo": 156.64565991000001, "st_area_sh": 185.84874072, "st_length_": 59.606940211000001 }, "geometry": { "type": "MultiPolygon", "coordinates": [ [ [ [ 8099294.350299999117851, 2637038.488600000739098 ], [ 8099283.456000000238419, 2637037.472600001841784 ], [ 8099280.558800000697374, 2637037.274099998176098 ], [ 8099275.796300001442432, 2637036.480399999767542 ], [ 8099275.711599998176098, 2637036.914299998432398 ], [ 8099274.632100000977516, 2637036.808499999344349 ], [ 8099273.668999999761581, 2637046.165500000119209 ], [ 8099283.954700000584126, 2637047.6537000015378 ], [ 8099284.120099999010563, 2637046.396999999880791 ], [ 8099293.777399998158216, 2637047.124600000679493 ], [ 8099294.350299999117851, 2637038.488600000739098 ] ] ] ] } },
{ "type": "Feature", "properties": { "objectid": 314439, "globalid": "{00000000-0000-0000-0000-000000000000}", "uniq_id": null, "state_code": "24", "district_c": "439", "tehsil_cod": "3843", "block_code": "4060", "village_co": "515578", "lgd_code": "515578", "built_up_a": 1, "village_na": "Suragpur", "area_desc": null, "name": "Suragpur", "owner_name": null, "property_i": null, "property_c": null, "area_sqm": 132.83335941000001, "roof_type": 1, "no_floors": 0, "remarks": null, "adl_info": null, "gp_code": "155028", "gp_name": "SURAGPUR", "d_pan_code": 398, "d_pan_name": "Amreli", "b_pan_code": 4422, "b_pan_name": "Amreli", "sourceofda": null, "area_geo": 132.83335941000001, "st_area_sh": 154.59228603, "st_length_": 58.893290690900002 }, "geometry": { "type": "MultiPolygon", "coordinates": [ [ [ [ 7938426.936500001698732, 2473810.908500000834465 ], [ 7938419.108800001442432, 2473813.968400001525879 ], [ 7938422.2043999992311, 2473822.97749999910593 ], [ 7938416.132199998944998, 2473825.160300001502037 ], [ 7938417.809799998998642, 2473829.948399998247623 ], [ 7938427.182900000363588, 2473826.373100001364946 ], [ 7938431.725400000810623, 2473824.6404 ], [ 7938426.936500001698732, 2473810.908500000834465 ] ] ] ] } },
{ "type": "Feature", "properties": { "objectid": 314539, "globalid": "{00000000-0000-0000-0000-000000000000}", "uniq_id": null, "state_code": "24", "district_c": "438", "tehsil_cod": "3782", "block_code": "4052", "village_co": "511638", "lgd_code": "511638", "built_up_a": 1, "village_na": "Lalpur", "area_desc": null, "name": "Lalpur", "owner_name": null, "property_i": null, "property_c": null, "area_sqm": 1.78372706, "roof_type": 1, "no_floors": 0, "remarks": null, "adl_info": null, "gp_code": "276150", "gp_name": "KUBADTHAL - LALPUR", "d_pan_code": 397, "d_pan_name": "Ahmedabad", "b_pan_code": 4414, "b_pan_name": "Daskroi", "sourceofda": null, "area_geo": 1.78372706, "st_area_sh": 2.116247, "st_length_": 6.2667953541000001 }, "geometry": { "type": "MultiPolygon", "coordinates": [ [ [ [ 8099302.184300001710653, 2636980.511199999600649 ], [ 8099303.157800000160933, 2636980.661699999123812 ], [ 8099303.486099999397993, 2636978.538600001484156 ], [ 8099302.512600000947714, 2636978.388099998235703 ], [ 8099302.184300001710653, 2636980.511199999600649 ] ] ] ] } },
{ "type": "Feature", "properties": { "objectid": 314488, "globalid": "{00000000-0000-0000-0000-000000000000}", "uniq_id": null, "state_code": "24", "district_c": "438", "tehsil_cod": "3782", "block_code": "4052", "village_co": "511638", "lgd_code": "511638", "built_up_a": 2, "village_na": "Lalpur", "area_desc": null, "name": "Lalpur", "owner_name": null, "property_i": null, "property_c": null, "area_sqm": 15.63810526, "roof_type": 4, "no_floors": 0, "remarks": null, "adl_info": null, "gp_code": "276150", "gp_name": "KUBADTHAL - LALPUR", "d_pan_code": 397, "d_pan_name": "Ahmedabad", "b_pan_code": 4414, "b_pan_name": "Daskroi", "sourceofda": null, "area_geo": 15.63810526, "st_area_sh": 18.552923, "st_length_": 17.576286918600001 }, "geometry": { "type": "MultiPolygon", "coordinates": [ [ [ [ 8099119.632399998605251, 2636792.258900001645088 ], [ 8099115.897399999201298, 2636791.7949 ], [ 8099115.729800000786781, 2636797.087499998509884 ], [ 8099119.037099998444319, 2636797.418200001120567 ], [ 8099119.632399998605251, 2636792.258900001645088 ] ] ] ] } },
{ "type": "Feature", "properties": { "objectid": 314619, "globalid": "{00000000-0000-0000-0000-000000000000}", "uniq_id": null, "state_code": "24", "district_c": "438", "tehsil_cod": "3782", "block_code": "4052", "village_co": "511638", "lgd_code": "511638", "built_up_a": 1, "village_na": "Lalpur", "area_desc": null, "name": "Lalpur", "owner_name": null, "property_i": null, "property_c": null, "area_sqm": 118.4073078, "roof_type": 1, "no_floors": 0, "remarks": null, "adl_info": null, "gp_code": "276150", "gp_name": "KUBADTHAL - LALPUR", "d_pan_code": 397, "d_pan_name": "Ahmedabad", "b_pan_code": 4414, "b_pan_name": "Daskroi", "sourceofda": null, "area_geo": 118.4073078, "st_area_sh": 140.48022737, "st_length_": 48.300532560100002 }, "geometry": { "type": "MultiPolygon", "coordinates": [ [ [ [ 8099425.636199999600649, 2636950.7043999992311 ], [ 8099416.816799998283386, 2636949.046300001442432 ], [ 8099416.890900000929832, 2636948.570000000298023 ], [ 8099414.241300001740456, 2636948.034299999475479 ], [ 8099412.866099998354912, 2636960.75730000063777 ], [ 8099423.620999999344349, 2636962.91440000012517 ], [ 8099425.636199999600649, 2636950.7043999992311 ] ] ] ] } },
{ "type": "Feature", "properties": { "objectid": 314388, "globalid": "{00000000-0000-0000-0000-000000000000}", "uniq_id": null, "state_code": "24", "district_c": "439", "tehsil_cod": "3843", "block_code": "4060", "village_co": "515578", "lgd_code": "515578", "built_up_a": 1, "village_na": "Suragpur", "area_desc": null, "name": "Suragpur", "owner_name": null, "property_i": null, "property_c": null, "area_sqm": 131.29126436000001, "roof_type": 1, "no_floors": 0, "remarks": null, "adl_info": null, "gp_code": "155028", "gp_name": "SURAGPUR", "d_pan_code": 398, "d_pan_name": "Amreli", "b_pan_code": 4422, "b_pan_name": "Amreli", "sourceofda": null, "area_geo": 131.29126436000001, "st_area_sh": 152.79944419, "st_length_": 55.117038944500003 }, "geometry": { "type": "MultiPolygon", "coordinates": [ [ [ [ 7938326.909000001847744, 2473919.48759999871254 ], [ 7938313.730500001460314, 2473923.949400000274181 ], [ 7938316.823699999600649, 2473933.420899998396635 ], [ 7938326.507500000298023, 2473930.431099999696016 ], [ 7938327.671599999070168, 2473933.976500000804663 ], [ 7938330.925999999046326, 2473932.812399998307228 ], [ 7938326.909000001847744, 2473919.48759999871254 ] ] ] ] } },
{ "type": "Feature", "properties": { "objectid": 314637, "globalid": "{00000000-0000-0000-0000-000000000000}", "uniq_id": null, "state_code": "24", "district_c": "438", "tehsil_cod": "3782", "block_code": "4052", "village_co": "511638", "lgd_code": "511638", "built_up_a": 1, "village_na": "Lalpur", "area_desc": null, "name": "Lalpur", "owner_name": null, "property_i": null, "property_c": null, "area_sqm": 88.30675443, "roof_type": 4, "no_floors": 0, "remarks": null, "adl_info": null, "gp_code": "276150", "gp_name": "KUBADTHAL - LALPUR", "d_pan_code": 397, "d_pan_name": "Ahmedabad", "b_pan_code": 4414, "b_pan_name": "Daskroi", "sourceofda": null, "area_geo": 88.30675443, "st_area_sh": 104.76849662, "st_length_": 41.342187936800002 }, "geometry": { "type": "MultiPolygon", "coordinates": [ [ [ [ 8099391.929900001734495, 2636962.698300000280142 ], [ 8099400.761500000953674, 2636963.815699998289347 ], [ 8099402.238800000399351, 2636952.139699999243021 ], [ 8099393.407200001180172, 2636951.022300001233816 ], [ 8099391.929900001734495, 2636962.698300000280142 ] ] ] ] } },
{ "type": "Feature", "properties": { "objectid": 314437, "globalid": "{00000000-0000-0000-0000-000000000000}", "uniq_id": null, "state_code": "24", "district_c": "439", "tehsil_cod": "3843", "block_code": "4060", "village_co": "515578", "lgd_code": "515578", "built_up_a": 1, "village_na": "Suragpur", "area_desc": null, "name": "Suragpur", "owner_name": null, "property_i": null, "property_c": null, "area_sqm": 238.68655862, "roof_type": 1, "no_floors": 0, "remarks": null, "adl_info": null, "gp_code": "155028", "gp_name": "SURAGPUR", "d_pan_code": 398, "d_pan_name": "Amreli", "b_pan_code": 4422, "b_pan_name": "Amreli", "sourceofda": null, "area_geo": 238.68655862, "st_area_sh": 277.78524418000001, "st_length_": 83.705995272699994 }, "geometry": { "type": "MultiPolygon", "coordinates": [ [ [ [ 7938399.611400000751019, 2473838.6096 ], [ 7938397.448600001633167, 2473832.071899998933077 ], [ 7938391.217599999159575, 2473834.214999999850988 ], [ 7938385.462900001555681, 2473815.8794 ], [ 7938377.217300001531839, 2473818.560899998992682 ], [ 7938385.329500000923872, 2473844.285999998450279 ], [ 7938399.611400000751019, 2473838.6096 ] ] ] ] } },
{ "type": "Feature", "properties": { "objectid": 314526, "globalid": "{00000000-0000-0000-0000-000000000000}", "uniq_id": null, "state_code": "24", "district_c": "438", "tehsil_cod": "3782", "block_code": "4052", "village_co": "511638", "lgd_code": "511638", "built_up_a": 1, "village_na": "Lalpur", "area_desc": null, "name": "Lalpur", "owner_name": null, "property_i": null, "property_c": null, "area_sqm": 3.45358129, "roof_type": 1, "no_floors": 0, "remarks": null, "adl_info": null, "gp_code": "276150", "gp_name": "KUBADTHAL - LALPUR", "d_pan_code": 397, "d_pan_name": "Ahmedabad", "b_pan_code": 4414, "b_pan_name": "Daskroi", "sourceofda": null, "area_geo": 3.45358129, "st_area_sh": 4.09735149, "st_length_": 8.3050340712500006 }, "geometry": { "type": "MultiPolygon", "coordinates": [ [ [ [ 8099308.090300001204014, 2636897.019299998879433 ], [ 8099308.17509999871254, 2636894.4824 ], [ 8099306.561799999326468, 2636894.42850000038743 ], [ 8099306.477000001817942, 2636896.965399999171495 ], [ 8099308.090300001204014, 2636897.019299998879433 ] ] ] ] } },
{ "type": "Feature", "properties": { "objectid": 314253, "globalid": "{00000000-0000-0000-0000-000000000000}", "uniq_id": null, "state_code": "24", "district_c": "439", "tehsil_cod": "3843", "block_code": "4060", "village_co": "515578", "lgd_code": "515578", "built_up_a": 1, "village_na": "Suragpur", "area_desc": null, "name": "Suragpur", "owner_name": null, "property_i": null, "property_c": null, "area_sqm": 117.84697209, "roof_type": 4, "no_floors": 0, "remarks": null, "adl_info": null, "gp_code": "155028", "gp_name": "SURAGPUR", "d_pan_code": 398, "d_pan_name": "Amreli", "b_pan_code": 4422, "b_pan_name": "Amreli", "sourceofda": null, "area_geo": 117.84697209, "st_area_sh": 137.16767031000001, "st_length_": 49.904700825900001 }, "geometry": { "type": "MultiPolygon", "coordinates": [ [ [ [ 7938362.569200001657009, 2474875.867899999022484 ], [ 7938345.832100000232458, 2474874.728199999779463 ], [ 7938345.276599999517202, 2474882.885800000280142 ], [ 7938362.013700000941753, 2474884.025499999523163 ], [ 7938362.569200001657009, 2474875.867899999022484 ] ] ] ] } },
{ "type": "Feature", "properties": { "objectid": 314745, "globalid": "{00000000-0000-0000-0000-000000000000}", "uniq_id": null, "state_code": "24", "district_c": "438", "tehsil_cod": "3782", "block_code": "4052", "village_co": "511638", "lgd_code": "511638", "built_up_a": 1, "village_na": "Lalpur", "area_desc": null, "name": "Lalpur", "owner_name": null, "property_i": null, "property_c": null, "area_sqm": 25.43048708, "roof_type": 1, "no_floors": 0, "remarks": null, "adl_info": null, "gp_code": "276150", "gp_name": "KUBADTHAL - LALPUR", "d_pan_code": 397, "d_pan_name": "Ahmedabad", "b_pan_code": 4414, "b_pan_name": "Daskroi", "sourceofda": null, "area_geo": 25.43048708, "st_area_sh": 30.17117539, "st_length_": 23.963419105900002 }, "geometry": { "type": "MultiPolygon", "coordinates": [ [ [ [ 8099265.095899999141693, 2636976.44310000166297 ], [ 8099268.087799999862909, 2636968.6129 ], [ 8099264.725499998778105, 2636967.328200001269579 ], [ 8099261.733600001782179, 2636975.158399999141693 ], [ 8099265.095899999141693, 2636976.44310000166297 ] ] ] ] } },
{ "type": "Feature", "properties": { "objectid": 314391, "globalid": "{00000000-0000-0000-0000-000000000000}", "uniq_id": null, "state_code": "24", "district_c": "439", "tehsil_cod": "3843", "block_code": "4060", "village_co": "515578", "lgd_code": "515578", "built_up_a": 1, "village_na": "Suragpur", "area_desc": null, "name": "Suragpur", "owner_name": null, "property_i": null, "property_c": null, "area_sqm": 24.90459087, "roof_type": 4, "no_floors": 0, "remarks": null, "adl_info": null, "gp_code": "155028", "gp_name": "SURAGPUR", "d_pan_code": 398, "d_pan_name": "Amreli", "b_pan_code": 4422, "b_pan_name": "Amreli", "sourceofda": null, "area_geo": 24.90459087, "st_area_sh": 28.98459795, "st_length_": 24.99409326 }, "geometry": { "type": "MultiPolygon", "coordinates": [ [ [ [ 7938305.753699999302626, 2473966.356199998408556 ], [ 7938304.825599998235703, 2473963.60080000013113 ], [ 7938301.333099998533726, 2473964.659099999815226 ], [ 7938300.645199999213219, 2473962.225000001490116 ], [ 7938297.458999998867512, 2473963.105399999767542 ], [ 7938299.158100001513958, 2473968.5088 ], [ 7938305.753699999302626, 2473966.356199998408556 ] ] ] ] } },
{ "type": "Feature", "properties": { "objectid": 314753, "globalid": "{00000000-0000-0000-0000-000000000000}", "uniq_id": null, "state_code": "24", "district_c": "438", "tehsil_cod": "3782", "block_code": "4052", "village_co": "511638", "lgd_code": "511638", "built_up_a": 1, "village_na": "Lalpur", "area_desc": null, "name": "Lalpur", "owner_name": null, "property_i": null, "property_c": null, "area_sqm": 4.70244584, "roof_type": 1, "no_floors": 0, "remarks": null, "adl_info": null, "gp_code": "276150", "gp_name": "KUBADTHAL - LALPUR", "d_pan_code": 397, "d_pan_name": "Ahmedabad", "b_pan_code": 4414, "b_pan_name": "Daskroi", "sourceofda": null, "area_geo": 4.70244584, "st_area_sh": 5.5790336, "st_length_": 9.7632 }, "geometry": { "type": "MultiPolygon", "coordinates": [ [ [ [ 8099279.686599999666214, 2636928.319299999624491 ], [ 8099281.512200001627207, 2636928.319299999624491 ], [ 8099281.512200001627207, 2636925.263300001621246 ], [ 8099279.686599999666214, 2636925.263300001621246 ], [ 8099279.686599999666214, 2636928.319299999624491 ] ] ] ] } },
{ "type": "Feature", "properties": { "objectid": 314387, "globalid": "{00000000-0000-0000-0000-000000000000}", "uniq_id": null, "state_code": "24", "district_c": "439", "tehsil_cod": "3843", "block_code": "4060", "village_co": "515578", "lgd_code": "515578", "built_up_a": 1, "village_na": "Suragpur", "area_desc": null, "name": "Suragpur", "owner_name": null, "property_i": null, "property_c": null, "area_sqm": 124.22778451000001, "roof_type": 1, "no_floors": 0, "remarks": null, "adl_info": null, "gp_code": "155028", "gp_name": "SURAGPUR", "d_pan_code": 398, "d_pan_name": "Amreli", "b_pan_code": 4422, "b_pan_name": "Amreli", "sourceofda": null, "area_geo": 124.22778451000001, "st_area_sh": 144.57905975, "st_length_": 80.3501141 }, "geometry": { "type": "MultiPolygon", "coordinates": [ [ [ [ 7938305.412000000476837, 2473946.827300000935793 ], [ 7938299.889199998229742, 2473929.424199998378754 ], [ 7938290.173099998384714, 2473932.713700000196695 ], [ 7938296.567699998617172, 2473950.033399999141693 ], [ 7938305.412000000476837, 2473946.827300000935793 ] ], [ [ 7938301.414700001478195, 2473935.769200000911951 ], [ 7938295.778999999165535, 2473937.7007 ], [ 7938293.794599998742342, 2473932.038600001484156 ], [ 7938299.509700000286102, 2473930.107099998742342 ], [ 7938301.414700001478195, 2473935.769200000911951 ] ] ] ] } },
{ "type": "Feature", "properties": { "objectid": 314303, "globalid": "{00000000-0000-0000-0000-000000000000}", "uniq_id": null, "state_code": "24", "district_c": "439", "tehsil_cod": "3843", "block_code": "4060", "village_co": "515578", "lgd_code": "515578", "built_up_a": 1, "village_na": "Suragpur", "area_desc": null, "name": "Suragpur", "owner_name": null, "property_i": null, "property_c": null, "area_sqm": 21.92336734, "roof_type": 1, "no_floors": 0, "remarks": null, "adl_info": null, "gp_code": "155028", "gp_name": "SURAGPUR", "d_pan_code": 398, "d_pan_name": "Amreli", "b_pan_code": 4422, "b_pan_name": "Amreli", "sourceofda": null, "area_geo": 21.92336734, "st_area_sh": 25.51489368, "st_length_": 20.9326540968 }, "geometry": { "type": "MultiPolygon", "coordinates": [ [ [ [ 7938445.040600001811981, 2473936.222199998795986 ], [ 7938445.161400001496077, 2473940.031500000506639 ], [ 7938451.750500001013279, 2473939.8761 ], [ 7938451.645700000226498, 2473935.957400001585484 ], [ 7938445.040600001811981, 2473936.222199998795986 ] ] ] ] } },
{ "type": "Feature", "properties": { "objectid": 314338, "globalid": "{00000000-0000-0000-0000-000000000000}", "uniq_id": null, "state_code": "24", "district_c": "439", "tehsil_cod": "3843", "block_code": "4060", "village_co": "515578", "lgd_code": "515578", "built_up_a": 1, "village_na": "Suragpur", "area_desc": null, "name": "Suragpur", "owner_name": null, "property_i": null, "property_c": null, "area_sqm": 101.39140277, "roof_type": 1, "no_floors": 0, "remarks": null, "adl_info": null, "gp_code": "155028", "gp_name": "SURAGPUR", "d_pan_code": 398, "d_pan_name": "Amreli", "b_pan_code": 4422, "b_pan_name": "Amreli", "sourceofda": null, "area_geo": 101.39140277, "st_area_sh": 118.00214228, "st_length_": 47.735094518499999 }, "geometry": { "type": "MultiPolygon", "coordinates": [ [ [ [ 7938370.908100001513958, 2473989.805399999022484 ], [ 7938375.505199998617172, 2473989.177000001072884 ], [ 7938374.546100001782179, 2473980.644200000911951 ], [ 7938377.324299998581409, 2473980.346500001847744 ], [ 7938376.944899998605251, 2473976.932100001722574 ], [ 7938365.001299999654293, 2473978.418400000780821 ], [ 7938366.785999998450279, 2473990.368900001049042 ], [ 7938370.908100001513958, 2473989.805399999022484 ] ] ] ] } },
{ "type": "Feature", "properties": { "objectid": 314530, "globalid": "{00000000-0000-0000-0000-000000000000}", "uniq_id": null, "state_code": "24", "district_c": "438", "tehsil_cod": "3782", "block_code": "4052", "village_co": "511638", "lgd_code": "511638", "built_up_a": 1, "village_na": "Lalpur", "area_desc": null, "name": "Lalpur", "owner_name": null, "property_i": null, "property_c": null, "area_sqm": 8.70664229, "roof_type": 1, "no_floors": 0, "remarks": null, "adl_info": null, "gp_code": "276150", "gp_name": "KUBADTHAL - LALPUR", "d_pan_code": 397, "d_pan_name": "Ahmedabad", "b_pan_code": 4414, "b_pan_name": "Daskroi", "sourceofda": null, "area_geo": 8.70664229, "st_area_sh": 10.329636625, "st_length_": 24.364373755100001 }, "geometry": { "type": "MultiPolygon", "coordinates": [ [ [ [ 8099325.1228, 2636913.976199999451637 ], [ 8099325.152300000190735, 2636911.441799998283386 ], [ 8099326.444600000977516, 2636911.456900000572205 ], [ 8099326.481300000101328, 2636908.302700001746416 ], [ 8099323.536699999123812, 2636908.268399998545647 ], [ 8099323.470499999821186, 2636913.956999998539686 ], [ 8099325.1228, 2636913.976199999451637 ] ], [ [ 8099323.848299998790026, 2636910.77479999884963 ], [ 8099323.888599999248981, 2636908.9868 ], [ 8099325.64809999987483, 2636909.026399999856949 ], [ 8099325.607700001448393, 2636910.814500000327826 ], [ 8099323.848299998790026, 2636910.77479999884963 ] ] ] ] } },
{ "type": "Feature", "properties": { "objectid": 314442, "globalid": "{00000000-0000-0000-0000-000000000000}", "uniq_id": null, "state_code": "24", "district_c": "439", "tehsil_cod": "3843", "block_code": "4060", "village_co": "515578", "lgd_code": "515578", "built_up_a": 1, "village_na": "Suragpur", "area_desc": null, "name": "Suragpur", "owner_name": null, "property_i": null, "property_c": null, "area_sqm": 52.2888334, "roof_type": 4, "no_floors": 0, "remarks": null, "adl_info": null, "gp_code": "155028", "gp_name": "SURAGPUR", "d_pan_code": 398, "d_pan_name": "Amreli", "b_pan_code": 4422, "b_pan_name": "Amreli", "sourceofda": null, "area_geo": 52.2888334, "st_area_sh": 60.8541679, "st_length_": 31.907861583700001 }, "geometry": { "type": "MultiPolygon", "coordinates": [ [ [ [ 7938373.311900001019239, 2473833.732200000435114 ], [ 7938371.870200000703335, 2473829.160100001841784 ], [ 7938365.988099999725819, 2473831.153099998831749 ], [ 7938368.772300001233816, 2473840.619699999690056 ], [ 7938374.5768, 2473838.375500001013279 ], [ 7938373.311900001019239, 2473833.732200000435114 ] ] ] ] } },
{ "type": "Feature", "properties": { "objectid": 314692, "globalid": "{00000000-0000-0000-0000-000000000000}", "uniq_id": null, "state_code": "24", "district_c": "438", "tehsil_cod": "3782", "block_code": "4052", "village_co": "511638", "lgd_code": "511638", "built_up_a": 1, "village_na": "Lalpur", "area_desc": null, "name": "Lalpur", "owner_name": null, "property_i": null, "property_c": null, "area_sqm": 93.41419488, "roof_type": 1, "no_floors": 0, "remarks": null, "adl_info": null, "gp_code": "276150", "gp_name": "KUBADTHAL - LALPUR", "d_pan_code": 397, "d_pan_name": "Ahmedabad", "b_pan_code": 4414, "b_pan_name": "Daskroi", "sourceofda": null, "area_geo": 93.41419488, "st_area_sh": 110.82862002, "st_length_": 59.839729352200003 }, "geometry": { "type": "MultiPolygon", "coordinates": [ [ [ [ 8099422.739999998360872, 2637003.412300001829863 ], [ 8099422.402899999171495, 2636996.306600000709295 ], [ 8099405.668000001460314, 2636997.100299999117851 ], [ 8099406.004999998956919, 2637004.206000000238419 ], [ 8099422.739999998360872, 2637003.412300001829863 ] ], [ [ 8099419.999200001358986, 2636997.155900001525879 ], [ 8099422.126499999314547, 2636997.078400000929832 ], [ 8099422.269400000572205, 2637000.999499998986721 ], [ 8099420.142099998891354, 2637001.076999999582767 ], [ 8099419.999200001358986, 2636997.155900001525879 ] ] ] ] } },
{ "type": "Feature", "properties": { "objectid": 314628, "globalid": "{00000000-0000-0000-0000-000000000000}", "uniq_id": null, "state_code": "24", "district_c": "438", "tehsil_cod": "3782", "block_code": "4052", "village_co": "511638", "lgd_code": "511638", "built_up_a": 1, "village_na": "Lalpur", "area_desc": null, "name": "Lalpur", "owner_name": null, "property_i": null, "property_c": null, "area_sqm": 24.90487017, "roof_type": 4, "no_floors": 0, "remarks": null, "adl_info": null, "gp_code": "276150", "gp_name": "KUBADTHAL - LALPUR", "d_pan_code": 397, "d_pan_name": "Ahmedabad", "b_pan_code": 4414, "b_pan_name": "Daskroi", "sourceofda": null, "area_geo": 24.90487017, "st_area_sh": 29.5474979, "st_length_": 22.1949109213 }, "geometry": { "type": "MultiPolygon", "coordinates": [ [ [ [ 8099356.17790000140667, 2636947.0337999984622 ], [ 8099355.459199998527765, 2636953.657600000500679 ], [ 8099359.868099998682737, 2636954.136 ], [ 8099360.586800001561642, 2636947.512200001627207 ], [ 8099356.17790000140667, 2636947.0337999984622 ] ] ] ] } },
{ "type": "Feature", "properties": { "objectid": 314588, "globalid": "{00000000-0000-0000-0000-000000000000}", "uniq_id": null, "state_code": "24", "district_c": "438", "tehsil_cod": "3782", "block_code": "4052", "village_co": "511638", "lgd_code": "511638", "built_up_a": 1, "village_na": "Lalpur", "area_desc": null, "name": "Lalpur", "owner_name": null, "property_i": null, "property_c": null, "area_sqm": 18.11891408, "roof_type": 4, "no_floors": 0, "remarks": null, "adl_info": null, "gp_code": "276150", "gp_name": "KUBADTHAL - LALPUR", "d_pan_code": 397, "d_pan_name": "Ahmedabad", "b_pan_code": 4414, "b_pan_name": "Daskroi", "sourceofda": null, "area_geo": 18.11891408, "st_area_sh": 21.49644531, "st_length_": 20.236765973200001 }, "geometry": { "type": "MultiPolygon", "coordinates": [ [ [ [ 8099359.873799998313189, 2636917.159400001168251 ], [ 8099359.683299999684095, 2636910.576499998569489 ], [ 8099356.151999998837709, 2636910.6787 ], [ 8099356.3026, 2636915.8827 ], [ 8099357.584499999880791, 2636915.845600001513958 ], [ 8099357.624400001019239, 2636917.224399998784065 ], [ 8099359.873799998313189, 2636917.159400001168251 ] ] ] ] } },
{ "type": "Feature", "properties": { "objectid": 314315, "globalid": "{00000000-0000-0000-0000-000000000000}", "uniq_id": null, "state_code": "24", "district_c": "439", "tehsil_cod": "3843", "block_code": "4060", "village_co": "515578", "lgd_code": "515578", "built_up_a": 1, "village_na": "Suragpur", "area_desc": null, "name": "Suragpur", "owner_name": null, "property_i": null, "property_c": null, "area_sqm": 37.85173186, "roof_type": 1, "no_floors": 0, "remarks": null, "adl_info": null, "gp_code": "155028", "gp_name": "SURAGPUR", "d_pan_code": 398, "d_pan_name": "Amreli", "b_pan_code": 4422, "b_pan_name": "Amreli", "sourceofda": null, "area_geo": 37.85173186, "st_area_sh": 44.052536394999997, "st_length_": 26.670093628 }, "geometry": { "type": "MultiPolygon", "coordinates": [ [ [ [ 7938393.541200000792742, 2473914.15089999884367 ], [ 7938400.843699999153614, 2473914.111200001090765 ], [ 7938400.810899998992682, 2473908.078899998217821 ], [ 7938393.508400000631809, 2473908.118500001728535 ], [ 7938393.541200000792742, 2473914.15089999884367 ] ] ] ] } },
{ "type": "Feature", "properties": { "objectid": 314669, "globalid": "{00000000-0000-0000-0000-000000000000}", "uniq_id": null, "state_code": "24", "district_c": "438", "tehsil_cod": "3782", "block_code": "4052", "village_co": "511638", "lgd_code": "511638", "built_up_a": 1, "village_na": "Lalpur", "area_desc": null, "name": "Lalpur", "owner_name": null, "property_i": null, "property_c": null, "area_sqm": 46.93398083, "roof_type": 1, "no_floors": 0, "remarks": null, "adl_info": null, "gp_code": "276150", "gp_name": "KUBADTHAL - LALPUR", "d_pan_code": 397, "d_pan_name": "Ahmedabad", "b_pan_code": 4414, "b_pan_name": "Daskroi", "sourceofda": null, "area_geo": 46.93398083, "st_area_sh": 55.683366765000002, "st_length_": 31.962402110300001 }, "geometry": { "type": "MultiPolygon", "coordinates": [ [ [ [ 8099359.64469999819994, 2636985.980700001120567 ], [ 8099360.631999999284744, 2636980.837200000882149 ], [ 8099350.174899999052286, 2636978.4934 ], [ 8099348.984499998390675, 2636983.388300001621246 ], [ 8099359.64469999819994, 2636985.980700001120567 ] ] ] ] } },
{ "type": "Feature", "properties": { "objectid": 314457, "globalid": "{00000000-0000-0000-0000-000000000000}", "uniq_id": null, "state_code": "24", "district_c": "439", "tehsil_cod": "3843", "block_code": "4060", "village_co": "515578", "lgd_code": "515578", "built_up_a": 1, "village_na": "Suragpur", "area_desc": null, "name": "Suragpur", "owner_name": null, "property_i": null, "property_c": null, "area_sqm": 123.32433372, "roof_type": 1, "no_floors": 0, "remarks": null, "adl_info": null, "gp_code": "155028", "gp_name": "SURAGPUR", "d_pan_code": 398, "d_pan_name": "Amreli", "b_pan_code": 4422, "b_pan_name": "Amreli", "sourceofda": null, "area_geo": 123.32433372, "st_area_sh": 143.52611612000001, "st_length_": 54.224649795799998 }, "geometry": { "type": "MultiPolygon", "coordinates": [ [ [ [ 7938444.160199999809265, 2473858.786800000816584 ], [ 7938437.6919, 2473840.004799999296665 ], [ 7938437.637699998915195, 2473839.8827 ], [ 7938431.049699999392033, 2473842.453899998217821 ], [ 7938437.240899998694658, 2473861.265799999237061 ], [ 7938444.160199999809265, 2473858.786800000816584 ] ] ] ] } },
{ "type": "Feature", "properties": { "objectid": 314302, "globalid": "{00000000-0000-0000-0000-000000000000}", "uniq_id": null, "state_code": "24", "district_c": "439", "tehsil_cod": "3843", "block_code": "4060", "village_co": "515578", "lgd_code": "515578", "built_up_a": 1, "village_na": "Suragpur", "area_desc": null, "name": "Suragpur", "owner_name": null, "property_i": null, "property_c": null, "area_sqm": 12.93350879, "roof_type": 4, "no_floors": 0, "remarks": null, "adl_info": null, "gp_code": "155028", "gp_name": "SURAGPUR", "d_pan_code": 398, "d_pan_name": "Amreli", "b_pan_code": 4422, "b_pan_name": "Amreli", "sourceofda": null, "area_geo": 12.93350879, "st_area_sh": 15.05242791, "st_length_": 15.534222791299999 }, "geometry": { "type": "MultiPolygon", "coordinates": [ [ [ [ 7938409.026299998164177, 2474013.926100000739098 ], [ 7938408.469399999827147, 2474009.910700000822544 ], [ 7938404.789299998432398, 2474010.568300001323223 ], [ 7938405.339499998837709, 2474014.535500001162291 ], [ 7938409.026299998164177, 2474013.926100000739098 ] ] ] ] } },
{ "type": "Feature", "properties": { "objectid": 314713, "globalid": "{00000000-0000-0000-0000-000000000000}", "uniq_id": null, "state_code": "24", "district_c": "438", "tehsil_cod": "3782", "block_code": "4052", "village_co": "511638", "lgd_code": "511638", "built_up_a": 1, "village_na": "Lalpur", "area_desc": null, "name": "Lalpur", "owner_name": null, "property_i": null, "property_c": null, "area_sqm": 83.16196276, "roof_type": 1, "no_floors": 0, "remarks": null, "adl_info": null, "gp_code": "276150", "gp_name": "KUBADTHAL - LALPUR", "d_pan_code": 397, "d_pan_name": "Ahmedabad", "b_pan_code": 4414, "b_pan_name": "Daskroi", "sourceofda": null, "area_geo": 83.16196276, "st_area_sh": 98.6658332, "st_length_": 43.122182658100002 }, "geometry": { "type": "MultiPolygon", "coordinates": [ [ [ [ 8099291.124000001698732, 2637057.97859999909997 ], [ 8099291.381499998271465, 2637054.822599999606609 ], [ 8099276.504700001329184, 2637053.428199999034405 ], [ 8099275.902699999511242, 2637060.108300000429153 ], [ 8099290.854899998754263, 2637061.276399999856949 ], [ 8099291.124000001698732, 2637057.97859999909997 ] ] ] ] } },
{ "type": "Feature", "properties": { "objectid": 314381, "globalid": "{00000000-0000-0000-0000-000000000000}", "uniq_id": null, "state_code": "24", "district_c": "439", "tehsil_cod": "3843", "block_code": "4060", "village_co": "515578", "lgd_code": "515578", "built_up_a": 1, "village_na": "Suragpur", "area_desc": null, "name": "Suragpur", "owner_name": null, "property_i": null, "property_c": null, "area_sqm": 121.20103567, "roof_type": 1, "no_floors": 0, "remarks": null, "adl_info": null, "gp_code": "155028", "gp_name": "SURAGPUR", "d_pan_code": 398, "d_pan_name": "Amreli", "b_pan_code": 4422, "b_pan_name": "Amreli", "sourceofda": null, "area_geo": 121.20103567, "st_area_sh": 141.055999095, "st_length_": 55.779578903000001 }, "geometry": { "type": "MultiPolygon", "coordinates": [ [ [ [ 7938310.765500001609325, 2473917.162399999797344 ], [ 7938308.665300000458956, 2473911.152399998158216 ], [ 7938313.978199999779463, 2473909.469099998474121 ], [ 7938315.124000001698732, 2473909.106100000441074 ], [ 7938313.817099999636412, 2473904.984099999070168 ], [ 7938298.422400001436472, 2473909.619100000709295 ], [ 7938297.552999999374151, 2473909.880800001323223 ], [ 7938300.954799998551607, 2473920.353999998420477 ], [ 7938310.765500001609325, 2473917.162399999797344 ] ] ] ] } },
{ "type": "Feature", "properties": { "objectid": 314428, "globalid": "{00000000-0000-0000-0000-000000000000}", "uniq_id": null, "state_code": "24", "district_c": "439", "tehsil_cod": "3843", "block_code": "4060", "village_co": "515578", "lgd_code": "515578", "built_up_a": 1, "village_na": "Suragpur", "area_desc": null, "name": "Suragpur", "owner_name": null, "property_i": null, "property_c": null, "area_sqm": 12.36164147, "roof_type": 4, "no_floors": 0, "remarks": null, "adl_info": null, "gp_code": "155028", "gp_name": "SURAGPUR", "d_pan_code": 398, "d_pan_name": "Amreli", "b_pan_code": 4422, "b_pan_name": "Amreli", "sourceofda": null, "area_geo": 12.36164147, "st_area_sh": 14.386657035000001, "st_length_": 17.522971005500001 }, "geometry": { "type": "MultiPolygon", "coordinates": [ [ [ [ 7938355.475299999117851, 2473880.031300000846386 ], [ 7938352.441599998623133, 2473881.218499999493361 ], [ 7938353.632199998944998, 2473884.294199999421835 ], [ 7938355.153499998152256, 2473883.798099998384714 ], [ 7938355.861900001764297, 2473885.825500000268221 ], [ 7938357.401900000870228, 2473885.270899999886751 ], [ 7938355.475299999117851, 2473880.031300000846386 ] ] ] ] } },
{ "type": "Feature", "properties": { "objectid": 314706, "globalid": "{00000000-0000-0000-0000-000000000000}", "uniq_id": null, "state_code": "24", "district_c": "438", "tehsil_cod": "3782", "block_code": "4052", "village_co": "511638", "lgd_code": "511638", "built_up_a": 1, "village_na": "Lalpur", "area_desc": null, "name": "Lalpur", "owner_name": null, "property_i": null, "property_c": null, "area_sqm": 27.00207019, "roof_type": 4, "no_floors": 0, "remarks": null, "adl_info": null, "gp_code": "276150", "gp_name": "KUBADTHAL - LALPUR", "d_pan_code": 397, "d_pan_name": "Ahmedabad", "b_pan_code": 4414, "b_pan_name": "Daskroi", "sourceofda": null, "area_geo": 27.00207019, "st_area_sh": 32.035894534999997, "st_length_": 28.35574078 }, "geometry": { "type": "MultiPolygon", "coordinates": [ [ [ [ 8099315.698699999600649, 2637019.712099999189377 ], [ 8099316.748799998313189, 2637012.631900001317263 ], [ 8099317.41270000115037, 2637012.704500000923872 ], [ 8099317.746399998664856, 2637009.650400001555681 ], [ 8099314.57880000025034, 2637009.021600000560284 ], [ 8099313.685400001704693, 2637015.045699998736382 ], [ 8099313.1206, 2637014.961899999529123 ], [ 8099312.4868, 2637019.2357 ], [ 8099313.0515, 2637019.319499999284744 ], [ 8099315.698699999600649, 2637019.712099999189377 ] ] ] ] } },
{ "type": "Feature", "properties": { "objectid": 314697, "globalid": "{00000000-0000-0000-0000-000000000000}", "uniq_id": null, "state_code": "24", "district_c": "438", "tehsil_cod": "3782", "block_code": "4052", "village_co": "511638", "lgd_code": "511638", "built_up_a": 1, "village_na": "Lalpur", "area_desc": null, "name": "Lalpur", "owner_name": null, "property_i": null, "property_c": null, "area_sqm": 22.71238165, "roof_type": 4, "no_floors": 0, "remarks": null, "adl_info": null, "gp_code": "276150", "gp_name": "KUBADTHAL - LALPUR", "d_pan_code": 397, "d_pan_name": "Ahmedabad", "b_pan_code": 4414, "b_pan_name": "Daskroi", "sourceofda": null, "area_geo": 22.71238165, "st_area_sh": 26.946401895000001, "st_length_": 20.8131284006 }, "geometry": { "type": "MultiPolygon", "coordinates": [ [ [ [ 8099406.6941, 2636979.895100001245737 ], [ 8099401.73030000180006, 2636979.77930000051856 ], [ 8099401.6118, 2636984.860100001096725 ], [ 8099407.249400001019239, 2636984.991599999368191 ], [ 8099406.6941, 2636979.895100001245737 ] ] ] ] } },
{ "type": "Feature", "properties": { "objectid": 314659, "globalid": "{00000000-0000-0000-0000-000000000000}", "uniq_id": null, "state_code": "24", "district_c": "438", "tehsil_cod": "3782", "block_code": "4052", "village_co": "511638", "lgd_code": "511638", "built_up_a": 1, "village_na": "Lalpur", "area_desc": null, "name": "Lalpur", "owner_name": null, "property_i": null, "property_c": null, "area_sqm": 35.9757788, "roof_type": 4, "no_floors": 0, "remarks": null, "adl_info": null, "gp_code": "276150", "gp_name": "KUBADTHAL - LALPUR", "d_pan_code": 397, "d_pan_name": "Ahmedabad", "b_pan_code": 4414, "b_pan_name": "Daskroi", "sourceofda": null, "area_geo": 35.9757788, "st_area_sh": 42.682299325000002, "st_length_": 26.840389181700001 }, "geometry": { "type": "MultiPolygon", "coordinates": [ [ [ [ 8099332.28999999910593, 2636968.8673 ], [ 8099329.713599998503923, 2636972.8277000002563 ], [ 8099336.920899998396635, 2636977.0962999984622 ], [ 8099339.619300000369549, 2636971.996199999004602 ], [ 8099332.28999999910593, 2636968.8673 ] ] ] ] } },
{ "type": "Feature", "properties": { "objectid": 314296, "globalid": "{00000000-0000-0000-0000-000000000000}", "uniq_id": null, "state_code": "24", "district_c": "439", "tehsil_cod": "3843", "block_code": "4060", "village_co": "515578", "lgd_code": "515578", "built_up_a": 1, "village_na": "Suragpur", "area_desc": null, "name": "Suragpur", "owner_name": null, "property_i": null, "property_c": null, "area_sqm": 62.10909426, "roof_type": 4, "no_floors": 0, "remarks": null, "adl_info": null, "gp_code": "155028", "gp_name": "SURAGPUR", "d_pan_code": 398, "d_pan_name": "Amreli", "b_pan_code": 4422, "b_pan_name": "Amreli", "sourceofda": null, "area_geo": 62.10909426, "st_area_sh": 72.28486692, "st_length_": 52.222553928899998 }, "geometry": { "type": "MultiPolygon", "coordinates": [ [ [ [ 7938381.114500001072884, 2474053.016699999570847 ], [ 7938381.0489999987185, 2474049.839000001549721 ], [ 7938358.176699999719858, 2474051.737300001084805 ], [ 7938358.228000000119209, 2474054.86879999935627 ], [ 7938381.114500001072884, 2474053.016699999570847 ] ] ] ] } },
{ "type": "Feature", "properties": { "objectid": 314492, "globalid": "{00000000-0000-0000-0000-000000000000}", "uniq_id": null, "state_code": "24", "district_c": "438", "tehsil_cod": "3782", "block_code": "4052", "village_co": "511638", "lgd_code": "511638", "built_up_a": 2, "village_na": "Lalpur", "area_desc": null, "name": "Lalpur", "owner_name": null, "property_i": null, "property_c": null, "area_sqm": 387.54227985, "roof_type": 4, "no_floors": 0, "remarks": null, "adl_info": null, "gp_code": "276150", "gp_name": "KUBADTHAL - LALPUR", "d_pan_code": 397, "d_pan_name": "Ahmedabad", "b_pan_code": 4414, "b_pan_name": "Daskroi", "sourceofda": null, "area_geo": 387.54227985, "st_area_sh": 459.77572831999998, "st_length_": 104.98203725800001 }, "geometry": { "type": "MultiPolygon", "coordinates": [ [ [ [ 8099138.834600001573563, 2636757.505800001323223 ], [ 8099146.070900000631809, 2636759.479600001126528 ], [ 8099145.541799999773502, 2636761.530099999159575 ], [ 8099142.035999998450279, 2636760.670200001448393 ], [ 8099140.845400001853704, 2636765.366599999368191 ], [ 8099136.215199999511242, 2636764.308200001716614 ], [ 8099132.84910000115633, 2636777.492199998348951 ], [ 8099149.427999999374151, 2636781.934900000691414 ], [ 8099154.828699998557568, 2636783.382100000977516 ], [ 8099160.265900000929832, 2636762.903299998492002 ], [ 8099156.376499999314547, 2636761.950800001621246 ], [ 8099156.693999998271465, 2636760.9189000017941 ], [ 8099139.072700001299381, 2636756.235800001770258 ], [ 8099138.834600001573563, 2636757.505800001323223 ] ] ] ] } },
{ "type": "Feature", "properties": { "objectid": 314412, "globalid": "{00000000-0000-0000-0000-000000000000}", "uniq_id": null, "state_code": "24", "district_c": "439", "tehsil_cod": "3843", "block_code": "4060", "village_co": "515578", "lgd_code": "515578", "built_up_a": 1, "village_na": "Suragpur", "area_desc": null, "name": "Suragpur", "owner_name": null, "property_i": null, "property_c": null, "area_sqm": 14.4948513, "roof_type": 4, "no_floors": 0, "remarks": null, "adl_info": null, "gp_code": "155028", "gp_name": "SURAGPUR", "d_pan_code": 398, "d_pan_name": "Amreli", "b_pan_code": 4422, "b_pan_name": "Amreli", "sourceofda": null, "area_geo": 14.4948513, "st_area_sh": 16.8693456, "st_length_": 16.458483623100001 }, "geometry": { "type": "MultiPolygon", "coordinates": [ [ [ [ 7938358.645300000905991, 2473898.640500001609325 ], [ 7938357.36939999833703, 2473894.480700001120567 ], [ 7938353.666900001466274, 2473895.748500000685453 ], [ 7938355.006700001657009, 2473899.885200001299381 ], [ 7938358.645300000905991, 2473898.640500001609325 ] ] ] ] } },
{ "type": "Feature", "properties": { "objectid": 314290, "globalid": "{00000000-0000-0000-0000-000000000000}", "uniq_id": null, "state_code": "24", "district_c": "439", "tehsil_cod": "3843", "block_code": "4060", "village_co": "515578", "lgd_code": "515578", "built_up_a": 1, "village_na": "Suragpur", "area_desc": null, "name": "Suragpur", "owner_name": null, "property_i": null, "property_c": null, "area_sqm": 73.71331574, "roof_type": 4, "no_floors": 0, "remarks": null, "adl_info": null, "gp_code": "155028", "gp_name": "SURAGPUR", "d_pan_code": 398, "d_pan_name": "Amreli", "b_pan_code": 4422, "b_pan_name": "Amreli", "sourceofda": null, "area_geo": 73.71331574, "st_area_sh": 85.79117992, "st_length_": 39.287201640299998 }, "geometry": { "type": "MultiPolygon", "coordinates": [ [ [ [ 7938387.059900000691414, 2474139.191500000655651 ], [ 7938373.875500001013279, 2474140.087600000202656 ], [ 7938374.237199999392033, 2474146.643699999898672 ], [ 7938387.149599999189377, 2474145.754200000315905 ], [ 7938387.059900000691414, 2474139.191500000655651 ] ] ] ] } },
{ "type": "Feature", "properties": { "objectid": 314495, "globalid": "{00000000-0000-0000-0000-000000000000}", "uniq_id": null, "state_code": "24", "district_c": "438", "tehsil_cod": "3782", "block_code": "4052", "village_co": "511638", "lgd_code": "511638", "built_up_a": 1, "village_na": "Lalpur", "area_desc": null, "name": "Lalpur", "owner_name": null, "property_i": null, "property_c": null, "area_sqm": 11.31470283, "roof_type": 4, "no_floors": 0, "remarks": null, "adl_info": null, "gp_code": "276150", "gp_name": "KUBADTHAL - LALPUR", "d_pan_code": 397, "d_pan_name": "Ahmedabad", "b_pan_code": 4414, "b_pan_name": "Daskroi", "sourceofda": null, "area_geo": 11.31470283, "st_area_sh": 13.42363905, "st_length_": 16.420740986199998 }, "geometry": { "type": "MultiPolygon", "coordinates": [ [ [ [ 8099158.211500000208616, 2636770.640700001269579 ], [ 8099156.682900000363588, 2636776.398200001567602 ], [ 8099158.86089999973774, 2636776.976399999111891 ], [ 8099160.389499999582767, 2636771.219000000506639 ], [ 8099158.211500000208616, 2636770.640700001269579 ] ] ] ] } },
{ "type": "Feature", "properties": { "objectid": 314595, "globalid": "{00000000-0000-0000-0000-000000000000}", "uniq_id": null, "state_code": "24", "district_c": "438", "tehsil_cod": "3782", "block_code": "4052", "village_co": "511638", "lgd_code": "511638", "built_up_a": 1, "village_na": "Lalpur", "area_desc": null, "name": "Lalpur", "owner_name": null, "property_i": null, "property_c": null, "area_sqm": 4.79736927, "roof_type": 1, "no_floors": 0, "remarks": null, "adl_info": null, "gp_code": "276150", "gp_name": "KUBADTHAL - LALPUR", "d_pan_code": 397, "d_pan_name": "Ahmedabad", "b_pan_code": 4414, "b_pan_name": "Daskroi", "sourceofda": null, "area_geo": 4.79736927, "st_area_sh": 5.69164386, "st_length_": 10.1068778483 }, "geometry": { "type": "MultiPolygon", "coordinates": [ [ [ [ 8099350.510400000959635, 2636914.486200001090765 ], [ 8099347.1537000015378, 2636914.362300001084805 ], [ 8099347.0912000015378, 2636916.055599998682737 ], [ 8099350.447900000959635, 2636916.179499998688698 ], [ 8099350.510400000959635, 2636914.486200001090765 ] ] ] ] } },
{ "type": "Feature", "properties": { "objectid": 314361, "globalid": "{00000000-0000-0000-0000-000000000000}", "uniq_id": null, "state_code": "24", "district_c": "439", "tehsil_cod": "3843", "block_code": "4060", "village_co": "515578", "lgd_code": "515578", "built_up_a": 1, "village_na": "Suragpur", "area_desc": null, "name": "Suragpur", "owner_name": null, "property_i": null, "property_c": null, "area_sqm": 37.99278725, "roof_type": 4, "no_floors": 0, "remarks": null, "adl_info": null, "gp_code": "155028", "gp_name": "SURAGPUR", "d_pan_code": 398, "d_pan_name": "Amreli", "b_pan_code": 4422, "b_pan_name": "Amreli", "sourceofda": null, "area_geo": 37.99278725, "st_area_sh": 44.21708221, "st_length_": 29.0224239249 }, "geometry": { "type": "MultiPolygon", "coordinates": [ [ [ [ 7938247.3761, 2473989.469200000166893 ], [ 7938255.224199999123812, 2473987.798500001430511 ], [ 7938254.293600000441074, 2473983.572200000286102 ], [ 7938246.9397, 2473985.088100001215935 ], [ 7938244.369300000369549, 2473985.618000000715256 ], [ 7938245.321800000965595, 2473989.943900000303984 ], [ 7938247.3761, 2473989.469200000166893 ] ] ] ] } },
{ "type": "Feature", "properties": { "objectid": 314714, "globalid": "{00000000-0000-0000-0000-000000000000}", "uniq_id": null, "state_code": "24", "district_c": "438", "tehsil_cod": "3782", "block_code": "4052", "village_co": "511638", "lgd_code": "511638", "built_up_a": 1, "village_na": "Lalpur", "area_desc": null, "name": "Lalpur", "owner_name": null, "property_i": null, "property_c": null, "area_sqm": 87.08231543, "roof_type": 1, "no_floors": 0, "remarks": null, "adl_info": null, "gp_code": "276150", "gp_name": "KUBADTHAL - LALPUR", "d_pan_code": 397, "d_pan_name": "Ahmedabad", "b_pan_code": 4414, "b_pan_name": "Daskroi", "sourceofda": null, "area_geo": 87.08231543, "st_area_sh": 103.31714076, "st_length_": 43.8102208926 }, "geometry": { "type": "MultiPolygon", "coordinates": [ [ [ [ 8099290.854899998754263, 2637061.276399999856949 ], [ 8099275.902699999511242, 2637060.108300000429153 ], [ 8099275.272700000554323, 2637067.099300000816584 ], [ 8099290.307500001043081, 2637067.986299999058247 ], [ 8099290.854899998754263, 2637061.276399999856949 ] ] ] ] } },
{ "type": "Feature", "properties": { "objectid": 314423, "globalid": "{00000000-0000-0000-0000-000000000000}", "uniq_id": null, "state_code": "24", "district_c": "439", "tehsil_cod": "3843", "block_code": "4060", "village_co": "515578", "lgd_code": "515578", "built_up_a": 1, "village_na": "Suragpur", "area_desc": null, "name": "Suragpur", "owner_name": null, "property_i": null, "property_c": null, "area_sqm": 13.68544303, "roof_type": 4, "no_floors": 0, "remarks": null, "adl_info": null, "gp_code": "155028", "gp_name": "SURAGPUR", "d_pan_code": 398, "d_pan_name": "Amreli", "b_pan_code": 4422, "b_pan_name": "Amreli", "sourceofda": null, "area_geo": 13.68544303, "st_area_sh": 15.927423695, "st_length_": 17.6707550456 }, "geometry": { "type": "MultiPolygon", "coordinates": [ [ [ [ 7938355.651900000870228, 2473941.698800001293421 ], [ 7938354.830299999564886, 2473939.244699999690056 ], [ 7938348.86259999871254, 2473941.271499998867512 ], [ 7938349.626400001347065, 2473943.609099999070168 ], [ 7938355.651900000870228, 2473941.698800001293421 ] ] ] ] } },
{ "type": "Feature", "properties": { "objectid": 314304, "globalid": "{00000000-0000-0000-0000-000000000000}", "uniq_id": null, "state_code": "24", "district_c": "439", "tehsil_cod": "3843", "block_code": "4060", "village_co": "515578", "lgd_code": "515578", "built_up_a": 1, "village_na": "Suragpur", "area_desc": null, "name": "Suragpur", "owner_name": null, "property_i": null, "property_c": null, "area_sqm": 114.05805823, "roof_type": 1, "no_floors": 0, "remarks": null, "adl_info": null, "gp_code": "155028", "gp_name": "SURAGPUR", "d_pan_code": 398, "d_pan_name": "Amreli", "b_pan_code": 4422, "b_pan_name": "Amreli", "sourceofda": null, "area_geo": 114.05805823, "st_area_sh": 132.74369436000001, "st_length_": 46.109290507899999 }, "geometry": { "type": "MultiPolygon", "coordinates": [ [ [ [ 7938417.194200001657009, 2473966.289000000804663 ], [ 7938417.07319999858737, 2473960.794300001114607 ], [ 7938405.232700001448393, 2473961.306600000709295 ], [ 7938405.479400001466274, 2473972.506900001317263 ], [ 7938417.320000000298023, 2473971.994600001722574 ], [ 7938417.194200001657009, 2473966.289000000804663 ] ] ] ] } },
{ "type": "Feature", "properties": { "objectid": 314467, "globalid": "{00000000-0000-0000-0000-000000000000}", "uniq_id": null, "state_code": "24", "district_c": "439", "tehsil_cod": "3843", "block_code": "4060", "village_co": "515578", "lgd_code": "515578", "built_up_a": 1, "village_na": "Suragpur", "area_desc": null, "name": "Suragpur", "owner_name": null, "property_i": null, "property_c": null, "area_sqm": 9.84809565, "roof_type": 4, "no_floors": 0, "remarks": null, "adl_info": null, "gp_code": "155028", "gp_name": "SURAGPUR", "d_pan_code": 398, "d_pan_name": "Amreli", "b_pan_code": 4422, "b_pan_name": "Amreli", "sourceofda": null, "area_geo": 9.84809565, "st_area_sh": 11.46129999, "st_length_": 14.245599263000001 }, "geometry": { "type": "MultiPolygon", "coordinates": [ [ [ [ 7938431.565600000321865, 2473839.636100001633167 ], [ 7938431.8037, 2473840.271099999547005 ], [ 7938432.421500001102686, 2473841.918499998748302 ], [ 7938436.72580000013113, 2473840.238600000739098 ], [ 7938435.933699999004602, 2473837.886399999260902 ], [ 7938431.565600000321865, 2473839.636100001633167 ] ] ] ] } },
{ "type": "Feature", "properties": { "objectid": 314617, "globalid": "{00000000-0000-0000-0000-000000000000}", "uniq_id": null, "state_code": "24", "district_c": "438", "tehsil_cod": "3782", "block_code": "4052", "village_co": "511638", "lgd_code": "511638", "built_up_a": 1, "village_na": "Lalpur", "area_desc": null, "name": "Lalpur", "owner_name": null, "property_i": null, "property_c": null, "area_sqm": 75.03415332, "roof_type": 1, "no_floors": 0, "remarks": null, "adl_info": null, "gp_code": "276150", "gp_name": "KUBADTHAL - LALPUR", "d_pan_code": 397, "d_pan_name": "Ahmedabad", "b_pan_code": 4414, "b_pan_name": "Daskroi", "sourceofda": null, "area_geo": 75.03415332, "st_area_sh": 89.021683324999998, "st_length_": 45.672659905499998 }, "geometry": { "type": "MultiPolygon", "coordinates": [ [ [ [ 8099432.3048, 2636966.211899999529123 ], [ 8099433.592000000178814, 2636958.412999998778105 ], [ 8099438.039500001817942, 2636959.146999999880791 ], [ 8099439.001200001686811, 2636953.319899998605251 ], [ 8099430.095800001174212, 2636951.850000001490116 ], [ 8099427.846799999475479, 2636965.476100001484156 ], [ 8099432.3048, 2636966.211899999529123 ] ] ] ] } },
{ "type": "Feature", "properties": { "objectid": 314630, "globalid": "{00000000-0000-0000-0000-000000000000}", "uniq_id": null, "state_code": "24", "district_c": "438", "tehsil_cod": "3782", "block_code": "4052", "village_co": "511638", "lgd_code": "511638", "built_up_a": 1, "village_na": "Lalpur", "area_desc": null, "name": "Lalpur", "owner_name": null, "property_i": null, "property_c": null, "area_sqm": 72.00706093, "roof_type": 4, "no_floors": 0, "remarks": null, "adl_info": null, "gp_code": "276150", "gp_name": "KUBADTHAL - LALPUR", "d_pan_code": 397, "d_pan_name": "Ahmedabad", "b_pan_code": 4414, "b_pan_name": "Daskroi", "sourceofda": null, "area_geo": 72.00706093, "st_area_sh": 85.43015979, "st_length_": 42.058431989500001 }, "geometry": { "type": "MultiPolygon", "coordinates": [ [ [ [ 8099346.126200001686811, 2636952.007100000977516 ], [ 8099347.212999999523163, 2636940.214499998837709 ], [ 8099341.09910000115633, 2636939.651000000536442 ], [ 8099341.009100001305342, 2636940.626600001007318 ], [ 8099337.975299999117851, 2636940.346900001168251 ], [ 8099337.329100001603365, 2636947.3574 ], [ 8099340.363000001758337, 2636947.636999998241663 ], [ 8099340.287599999457598, 2636948.4551 ], [ 8099343.184799998998642, 2636948.722199998795986 ], [ 8099342.909299999475479, 2636951.71059999987483 ], [ 8099346.126200001686811, 2636952.007100000977516 ] ] ] ] } },
{ "type": "Feature", "properties": { "objectid": 314771, "globalid": "{00000000-0000-0000-0000-000000000000}", "uniq_id": null, "state_code": "24", "district_c": "438", "tehsil_cod": "3782", "block_code": "4052", "village_co": "511638", "lgd_code": "511638", "built_up_a": 1, "village_na": "Lalpur", "area_desc": null, "name": "Lalpur", "owner_name": null, "property_i": null, "property_c": null, "area_sqm": 17.4207253, "roof_type": 4, "no_floors": 0, "remarks": null, "adl_info": null, "gp_code": "276150", "gp_name": "KUBADTHAL - LALPUR", "d_pan_code": 397, "d_pan_name": "Ahmedabad", "b_pan_code": 4414, "b_pan_name": "Daskroi", "sourceofda": null, "area_geo": 17.4207253, "st_area_sh": 20.66865, "st_length_": 19.350127303299999 }, "geometry": { "type": "MultiPolygon", "coordinates": [ [ [ [ 8099300.319400001317263, 2637128.15819999948144 ], [ 8099300.157200001180172, 2637131.33839999884367 ], [ 8099306.639499999582767, 2637131.669100001454353 ], [ 8099306.801699999719858, 2637128.488899998366833 ], [ 8099300.319400001317263, 2637128.15819999948144 ] ] ] ] } },
{ "type": "Feature", "properties": { "objectid": 314553, "globalid": "{00000000-0000-0000-0000-000000000000}", "uniq_id": null, "state_code": "24", "district_c": "438", "tehsil_cod": "3782", "block_code": "4052", "village_co": "511638", "lgd_code": "511638", "built_up_a": 1, "village_na": "Lalpur", "area_desc": null, "name": "Lalpur", "owner_name": null, "property_i": null, "property_c": null, "area_sqm": 2.34816734, "roof_type": 4, "no_floors": 0, "remarks": null, "adl_info": null, "gp_code": "276150", "gp_name": "KUBADTHAL - LALPUR", "d_pan_code": 397, "d_pan_name": "Ahmedabad", "b_pan_code": 4414, "b_pan_name": "Daskroi", "sourceofda": null, "area_geo": 2.34816734, "st_area_sh": 2.785862685, "st_length_": 6.8439979986499999 }, "geometry": { "type": "MultiPolygon", "coordinates": [ [ [ [ 8099327.077300000935793, 2636842.307 ], [ 8099327.310100000351667, 2636840.232700001448393 ], [ 8099325.983800001442432, 2636840.083799999207258 ], [ 8099325.750999998301268, 2636842.15819999948144 ], [ 8099327.077300000935793, 2636842.307 ] ] ] ] } },
{ "type": "Feature", "properties": { "objectid": 314758, "globalid": "{00000000-0000-0000-0000-000000000000}", "uniq_id": null, "state_code": "24", "district_c": "438", "tehsil_cod": "3782", "block_code": "4052", "village_co": "511638", "lgd_code": "511638", "built_up_a": 1, "village_na": "Lalpur", "area_desc": null, "name": "Lalpur", "owner_name": null, "property_i": null, "property_c": null, "area_sqm": 17.36979327, "roof_type": 4, "no_floors": 0, "remarks": null, "adl_info": null, "gp_code": "276150", "gp_name": "KUBADTHAL - LALPUR", "d_pan_code": 397, "d_pan_name": "Ahmedabad", "b_pan_code": 4414, "b_pan_name": "Daskroi", "sourceofda": null, "area_geo": 17.36979327, "st_area_sh": 20.607928635, "st_length_": 19.581471277599999 }, "geometry": { "type": "MultiPolygon", "coordinates": [ [ [ [ 8099223.661899998784065, 2637015.575500000268221 ], [ 8099226.682300001382828, 2637016.086300000548363 ], [ 8099227.804099999368191, 2637009.453000001609325 ], [ 8099224.7837999984622, 2637008.942200001329184 ], [ 8099223.661899998784065, 2637015.575500000268221 ] ] ] ] } },
{ "type": "Feature", "properties": { "objectid": 314694, "globalid": "{00000000-0000-0000-0000-000000000000}", "uniq_id": null, "state_code": "24", "district_c": "438", "tehsil_cod": "3782", "block_code": "4052", "village_co": "511638", "lgd_code": "511638", "built_up_a": 1, "village_na": "Lalpur", "area_desc": null, "name": "Lalpur", "owner_name": null, "property_i": null, "property_c": null, "area_sqm": 34.62737583, "roof_type": 1, "no_floors": 0, "remarks": null, "adl_info": null, "gp_code": "276150", "gp_name": "KUBADTHAL - LALPUR", "d_pan_code": 397, "d_pan_name": "Ahmedabad", "b_pan_code": 4414, "b_pan_name": "Daskroi", "sourceofda": null, "area_geo": 34.62737583, "st_area_sh": 41.08261656, "st_length_": 27.9874200607 }, "geometry": { "type": "MultiPolygon", "coordinates": [ [ [ [ 8099414.836800001561642, 2636992.043200001120567 ], [ 8099414.638300001621246, 2636987.85700000077486 ], [ 8099404.846500001847744, 2636988.321400001645088 ], [ 8099405.045000001788139, 2636992.507599998265505 ], [ 8099414.836800001561642, 2636992.043200001120567 ] ] ] ] } },
{ "type": "Feature", "properties": { "objectid": 314607, "globalid": "{00000000-0000-0000-0000-000000000000}", "uniq_id": null, "state_code": "24", "district_c": "438", "tehsil_cod": "3782", "block_code": "4052", "village_co": "511638", "lgd_code": "511638", "built_up_a": 1, "village_na": "Lalpur", "area_desc": null, "name": "Lalpur", "owner_name": null, "property_i": null, "property_c": null, "area_sqm": 22.19655993, "roof_type": 1, "no_floors": 0, "remarks": null, "adl_info": null, "gp_code": "276150", "gp_name": "KUBADTHAL - LALPUR", "d_pan_code": 397, "d_pan_name": "Ahmedabad", "b_pan_code": 4414, "b_pan_name": "Daskroi", "sourceofda": null, "area_geo": 22.19655993, "st_area_sh": 26.33424642, "st_length_": 20.785564919700001 }, "geometry": { "type": "MultiPolygon", "coordinates": [ [ [ [ 8099408.673000000417233, 2636930.70890000090003 ], [ 8099408.649000000208616, 2636924.695099998265505 ], [ 8099404.270100001245737, 2636924.712499998509884 ], [ 8099404.294100001454353, 2636930.726300001144409 ], [ 8099408.673000000417233, 2636930.70890000090003 ] ] ] ] } },
{ "type": "Feature", "properties": { "objectid": 314277, "globalid": "{00000000-0000-0000-0000-000000000000}", "uniq_id": null, "state_code": "24", "district_c": "439", "tehsil_cod": "3843", "block_code": "4060", "village_co": "515578", "lgd_code": "515578", "built_up_a": 1, "village_na": "Suragpur", "area_desc": null, "name": "Suragpur", "owner_name": null, "property_i": null, "property_c": null, "area_sqm": 35.86159132, "roof_type": 4, "no_floors": 0, "remarks": null, "adl_info": null, "gp_code": "155028", "gp_name": "SURAGPUR", "d_pan_code": 398, "d_pan_name": "Amreli", "b_pan_code": 4422, "b_pan_name": "Amreli", "sourceofda": null, "area_geo": 35.86159132, "st_area_sh": 41.737974215000001, "st_length_": 25.920800774899998 }, "geometry": { "type": "MultiPolygon", "coordinates": [ [ [ [ 7938470.694600000977516, 2474242.21680000051856 ], [ 7938470.552200000733137, 2474249.199799999594688 ], [ 7938476.560699999332428, 2474249.265999998897314 ], [ 7938476.637600000947714, 2474242.282299999147654 ], [ 7938470.694600000977516, 2474242.21680000051856 ] ] ] ] } },
{ "type": "Feature", "properties": { "objectid": 314555, "globalid": "{00000000-0000-0000-0000-000000000000}", "uniq_id": null, "state_code": "24", "district_c": "438", "tehsil_cod": "3782", "block_code": "4052", "village_co": "511638", "lgd_code": "511638", "built_up_a": 1, "village_na": "Lalpur", "area_desc": null, "name": "Lalpur", "owner_name": null, "property_i": null, "property_c": null, "area_sqm": 38.14142966, "roof_type": 1, "no_floors": 0, "remarks": null, "adl_info": null, "gp_code": "276150", "gp_name": "KUBADTHAL - LALPUR", "d_pan_code": 397, "d_pan_name": "Ahmedabad", "b_pan_code": 4414, "b_pan_name": "Daskroi", "sourceofda": null, "area_geo": 38.14142966, "st_area_sh": 45.25096606, "st_length_": 29.257670667599999 }, "geometry": { "type": "MultiPolygon", "coordinates": [ [ [ [ 8099357.131299998611212, 2636841.30689999833703 ], [ 8099352.9189000017941, 2636839.896699998527765 ], [ 8099349.684999998658895, 2636849.556400001049042 ], [ 8099353.897399999201298, 2636850.966600000858307 ], [ 8099357.131299998611212, 2636841.30689999833703 ] ] ] ] } },
{ "type": "Feature", "properties": { "objectid": 314257, "globalid": "{00000000-0000-0000-0000-000000000000}", "uniq_id": null, "state_code": "24", "district_c": "439", "tehsil_cod": "3843", "block_code": "4060", "village_co": "515578", "lgd_code": "515578", "built_up_a": 1, "village_na": "Suragpur", "area_desc": null, "name": "Suragpur", "owner_name": null, "property_i": null, "property_c": null, "area_sqm": 31.01704551, "roof_type": 4, "no_floors": 0, "remarks": null, "adl_info": null, "gp_code": "155028", "gp_name": "SURAGPUR", "d_pan_code": 398, "d_pan_name": "Amreli", "b_pan_code": 4422, "b_pan_name": "Amreli", "sourceofda": null, "area_geo": 31.01704551, "st_area_sh": 36.10208134, "st_length_": 24.0907096991 }, "geometry": { "type": "MultiPolygon", "coordinates": [ [ [ [ 7938406.459499999880791, 2474852.167599998414516 ], [ 7938412.061500001698732, 2474851.874099999666214 ], [ 7938411.724700000137091, 2474845.447200000286102 ], [ 7938406.122699998319149, 2474845.740800000727177 ], [ 7938406.459499999880791, 2474852.167599998414516 ] ] ] ] } },
{ "type": "Feature", "properties": { "objectid": 314677, "globalid": "{00000000-0000-0000-0000-000000000000}", "uniq_id": null, "state_code": "24", "district_c": "438", "tehsil_cod": "3782", "block_code": "4052", "village_co": "511638", "lgd_code": "511638", "built_up_a": 1, "village_na": "Lalpur", "area_desc": null, "name": "Lalpur", "owner_name": null, "property_i": null, "property_c": null, "area_sqm": 81.77984661000001, "roof_type": 4, "no_floors": 0, "remarks": null, "adl_info": null, "gp_code": "276150", "gp_name": "KUBADTHAL - LALPUR", "d_pan_code": 397, "d_pan_name": "Ahmedabad", "b_pan_code": 4414, "b_pan_name": "Daskroi", "sourceofda": null, "area_geo": 81.77984661000001, "st_area_sh": 97.025380124999998, "st_length_": 39.443511592900002 }, "geometry": { "type": "MultiPolygon", "coordinates": [ [ [ [ 8099340.749800000339746, 2637006.840500000864267 ], [ 8099343.726399999111891, 2636996.958299998193979 ], [ 8099334.724899999797344, 2636994.247000001370907 ], [ 8099331.7483000010252, 2637004.129299998283386 ], [ 8099340.749800000339746, 2637006.840500000864267 ] ] ] ] } },
{ "type": "Feature", "properties": { "objectid": 314448, "globalid": "{00000000-0000-0000-0000-000000000000}", "uniq_id": null, "state_code": "24", "district_c": "439", "tehsil_cod": "3843", "block_code": "4060", "village_co": "515578", "lgd_code": "515578", "built_up_a": 1, "village_na": "Suragpur", "area_desc": null, "name": "Suragpur", "owner_name": null, "property_i": null, "property_c": null, "area_sqm": 45.43892576, "roof_type": 4, "no_floors": 0, "remarks": null, "adl_info": null, "gp_code": "155028", "gp_name": "SURAGPUR", "d_pan_code": 398, "d_pan_name": "Amreli", "b_pan_code": 4422, "b_pan_name": "Amreli", "sourceofda": null, "area_geo": 45.43892576, "st_area_sh": 52.88199735, "st_length_": 30.914808400199998 }, "geometry": { "type": "MultiPolygon", "coordinates": [ [ [ [ 7938417.128600001335144, 2473799.410000000149012 ], [ 7938419.022799998521805, 2473804.4037000015378 ], [ 7938420.769000001251698, 2473809.007500000298023 ], [ 7938425.629999998956919, 2473807.438200000673532 ], [ 7938421.961300000548363, 2473797.692600000649691 ], [ 7938417.128600001335144, 2473799.410000000149012 ] ] ] ] } },
{ "type": "Feature", "properties": { "objectid": 314321, "globalid": "{00000000-0000-0000-0000-000000000000}", "uniq_id": null, "state_code": "24", "district_c": "439", "tehsil_cod": "3843", "block_code": "4060", "village_co": "515578", "lgd_code": "515578", "built_up_a": 1, "village_na": "Suragpur", "area_desc": null, "name": "Suragpur", "owner_name": null, "property_i": null, "property_c": null, "area_sqm": 28.39557741, "roof_type": 4, "no_floors": 0, "remarks": null, "adl_info": null, "gp_code": "155028", "gp_name": "SURAGPUR", "d_pan_code": 398, "d_pan_name": "Amreli", "b_pan_code": 4422, "b_pan_name": "Amreli", "sourceofda": null, "area_geo": 28.39557741, "st_area_sh": 33.04733454, "st_length_": 23.3089431979 }, "geometry": { "type": "MultiPolygon", "coordinates": [ [ [ [ 7938420.329599998891354, 2473919.362199999392033 ], [ 7938415.470499999821186, 2473918.986000001430511 ], [ 7938414.94709999859333, 2473925.746599998325109 ], [ 7938419.806200001388788, 2473926.1228 ], [ 7938420.329599998891354, 2473919.362199999392033 ] ] ] ] } },
{ "type": "Feature", "properties": { "objectid": 314475, "globalid": "{00000000-0000-0000-0000-000000000000}", "uniq_id": null, "state_code": "24", "district_c": "438", "tehsil_cod": "3782", "block_code": "4052", "village_co": "511638", "lgd_code": "511638", "built_up_a": 2, "village_na": "Lalpur", "area_desc": null, "name": "Lalpur", "owner_name": null, "property_i": null, "property_c": null, "area_sqm": 383.88106796, "roof_type": 1, "no_floors": 0, "remarks": null, "adl_info": null, "gp_code": "276150", "gp_name": "KUBADTHAL - LALPUR", "d_pan_code": 397, "d_pan_name": "Ahmedabad", "b_pan_code": 4414, "b_pan_name": "Daskroi", "sourceofda": null, "area_geo": 383.88106796, "st_area_sh": 455.43483659499998, "st_length_": 103.11673989099999 }, "geometry": { "type": "MultiPolygon", "coordinates": [ [ [ [ 8099137.302799999713898, 2636831.0746 ], [ 8099138.513300001621246, 2636823.248199999332428 ], [ 8099138.51630000025034, 2636823.170699998736382 ], [ 8099138.989900000393391, 2636811.1537000015378 ], [ 8099115.474599998444319, 2636805.4364 ], [ 8099115.2364999987185, 2636816.072700001299381 ], [ 8099125.555300001055002, 2636816.152100000530481 ], [ 8099122.380300000309944, 2636834.170200001448393 ], [ 8099136.350299999117851, 2636836.472100000828505 ], [ 8099137.302799999713898, 2636831.0746 ] ] ] ] } },
{ "type": "Feature", "properties": { "objectid": 314485, "globalid": "{00000000-0000-0000-0000-000000000000}", "uniq_id": null, "state_code": "24", "district_c": "438", "tehsil_cod": "3782", "block_code": "4052", "village_co": "511638", "lgd_code": "511638", "built_up_a": 2, "village_na": "Lalpur", "area_desc": null, "name": "Lalpur", "owner_name": null, "property_i": null, "property_c": null, "area_sqm": 26.96076517, "roof_type": 4, "no_floors": 0, "remarks": null, "adl_info": null, "gp_code": "276150", "gp_name": "KUBADTHAL - LALPUR", "d_pan_code": 397, "d_pan_name": "Ahmedabad", "b_pan_code": 4414, "b_pan_name": "Daskroi", "sourceofda": null, "area_geo": 26.96076517, "st_area_sh": 31.98612912, "st_length_": 22.889324928200001 }, "geometry": { "type": "MultiPolygon", "coordinates": [ [ [ [ 8099125.555300001055002, 2636816.152100000530481 ], [ 8099118.7522, 2636816.099700000137091 ], [ 8099118.529500000178814, 2636820.923300001770258 ], [ 8099124.667899999767542, 2636821.187699999660254 ], [ 8099125.555300001055002, 2636816.152100000530481 ] ] ] ] } },
{ "type": "Feature", "properties": { "objectid": 314730, "globalid": "{00000000-0000-0000-0000-000000000000}", "uniq_id": null, "state_code": "24", "district_c": "438", "tehsil_cod": "3782", "block_code": "4052", "village_co": "511638", "lgd_code": "511638", "built_up_a": 1, "village_na": "Lalpur", "area_desc": null, "name": "Lalpur", "owner_name": null, "property_i": null, "property_c": null, "area_sqm": 67.9236798, "roof_type": 4, "no_floors": 0, "remarks": null, "adl_info": null, "gp_code": "276150", "gp_name": "KUBADTHAL - LALPUR", "d_pan_code": 397, "d_pan_name": "Ahmedabad", "b_pan_code": 4414, "b_pan_name": "Daskroi", "sourceofda": null, "area_geo": 67.9236798, "st_area_sh": 80.58662058, "st_length_": 36.430459734800003 }, "geometry": { "type": "MultiPolygon", "coordinates": [ [ [ [ 8099209.517900001257658, 2637047.223000001162291 ], [ 8099209.037999998778105, 2637054.778499998152256 ], [ 8099219.661100000143051, 2637055.453200001269579 ], [ 8099220.140999998897314, 2637047.897700000554323 ], [ 8099209.517900001257658, 2637047.223000001162291 ] ] ] ] } },
{ "type": "Feature", "properties": { "objectid": 314709, "globalid": "{00000000-0000-0000-0000-000000000000}", "uniq_id": null, "state_code": "24", "district_c": "438", "tehsil_cod": "3782", "block_code": "4052", "village_co": "511638", "lgd_code": "511638", "built_up_a": 1, "village_na": "Lalpur", "area_desc": null, "name": "Lalpur", "owner_name": null, "property_i": null, "property_c": null, "area_sqm": 8.77784305, "roof_type": 4, "no_floors": 0, "remarks": null, "adl_info": null, "gp_code": "276150", "gp_name": "KUBADTHAL - LALPUR", "d_pan_code": 397, "d_pan_name": "Ahmedabad", "b_pan_code": 4414, "b_pan_name": "Daskroi", "sourceofda": null, "area_geo": 8.77784305, "st_area_sh": 10.41424966, "st_length_": 13.3041150252 }, "geometry": { "type": "MultiPolygon", "coordinates": [ [ [ [ 8099316.256299998611212, 2637019.772999998182058 ], [ 8099313.811200000345707, 2637019.432199999690056 ], [ 8099313.224700000137091, 2637023.639400001615286 ], [ 8099315.823300000280142, 2637023.7364999987185 ], [ 8099316.256299998611212, 2637019.772999998182058 ] ] ] ] } },
{ "type": "Feature", "properties": { "objectid": 314583, "globalid": "{00000000-0000-0000-0000-000000000000}", "uniq_id": null, "state_code": "24", "district_c": "438", "tehsil_cod": "3782", "block_code": "4052", "village_co": "511638", "lgd_code": "511638", "built_up_a": 1, "village_na": "Lalpur", "area_desc": null, "name": "Lalpur", "owner_name": null, "property_i": null, "property_c": null, "area_sqm": 72.22163697000001, "roof_type": 1, "no_floors": 0, "remarks": null, "adl_info": null, "gp_code": "276150", "gp_name": "KUBADTHAL - LALPUR", "d_pan_code": 397, "d_pan_name": "Ahmedabad", "b_pan_code": 4414, "b_pan_name": "Daskroi", "sourceofda": null, "area_geo": 72.22163697000001, "st_area_sh": 85.684260824999996, "st_length_": 42.025143551600003 }, "geometry": { "type": "MultiPolygon", "coordinates": [ [ [ [ 8099371.912999998778105, 2636907.05350000038743 ], [ 8099375.970800001174212, 2636906.996800001710653 ], [ 8099375.522100001573563, 2636891.551899999380112 ], [ 8099370.097600001841784, 2636891.578699998557568 ], [ 8099370.270599998533726, 2636903.59010000154376 ], [ 8099370.320900000631809, 2636907.075800001621246 ], [ 8099371.912999998778105, 2636907.05350000038743 ] ] ] ] } },
{ "type": "Feature", "properties": { "objectid": 314733, "globalid": "{00000000-0000-0000-0000-000000000000}", "uniq_id": null, "state_code": "24", "district_c": "438", "tehsil_cod": "3782", "block_code": "4052", "village_co": "511638", "lgd_code": "511638", "built_up_a": 1, "village_na": "Lalpur", "area_desc": null, "name": "Lalpur", "owner_name": null, "property_i": null, "property_c": null, "area_sqm": 4.97256584, "roof_type": 1, "no_floors": 0, "remarks": null, "adl_info": null, "gp_code": "276150", "gp_name": "KUBADTHAL - LALPUR", "d_pan_code": 397, "d_pan_name": "Ahmedabad", "b_pan_code": 4414, "b_pan_name": "Daskroi", "sourceofda": null, "area_geo": 4.97256584, "st_area_sh": 5.899573165, "st_length_": 10.7637183147 }, "geometry": { "type": "MultiPolygon", "coordinates": [ [ [ [ 8099292.374400001019239, 2637018.861699998378754 ], [ 8099288.575300000607967, 2637018.242800001055002 ], [ 8099288.328899998217821, 2637019.75560000166297 ], [ 8099292.127999998629093, 2637020.374400001019239 ], [ 8099292.374400001019239, 2637018.861699998378754 ] ] ] ] } },
{ "type": "Feature", "properties": { "objectid": 314291, "globalid": "{00000000-0000-0000-0000-000000000000}", "uniq_id": null, "state_code": "24", "district_c": "439", "tehsil_cod": "3843", "block_code": "4060", "village_co": "515578", "lgd_code": "515578", "built_up_a": 1, "village_na": "Suragpur", "area_desc": null, "name": "Suragpur", "owner_name": null, "property_i": null, "property_c": null, "area_sqm": 150.01993311000001, "roof_type": 1, "no_floors": 0, "remarks": null, "adl_info": null, "gp_code": "155028", "gp_name": "SURAGPUR", "d_pan_code": 398, "d_pan_name": "Amreli", "b_pan_code": 4422, "b_pan_name": "Amreli", "sourceofda": null, "area_geo": 150.01993311000001, "st_area_sh": 174.59978251499999, "st_length_": 61.1713098468 }, "geometry": { "type": "MultiPolygon", "coordinates": [ [ [ [ 7938386.711500000208616, 2474113.681000001728535 ], [ 7938386.466499999165535, 2474095.7412 ], [ 7938373.42339999973774, 2474096.928199999034405 ], [ 7938373.663800001144409, 2474107.014600001275539 ], [ 7938381.125100001692772, 2474106.69709999859333 ], [ 7938381.283900000154972, 2474113.840900000184774 ], [ 7938386.711500000208616, 2474113.681000001728535 ] ] ] ] } },
{ "type": "Feature", "properties": { "objectid": 314574, "globalid": "{00000000-0000-0000-0000-000000000000}", "uniq_id": null, "state_code": "24", "district_c": "438", "tehsil_cod": "3782", "block_code": "4052", "village_co": "511638", "lgd_code": "511638", "built_up_a": 1, "village_na": "Lalpur", "area_desc": null, "name": "Lalpur", "owner_name": null, "property_i": null, "property_c": null, "area_sqm": 19.62006216, "roof_type": 1, "no_floors": 0, "remarks": null, "adl_info": null, "gp_code": "276150", "gp_name": "KUBADTHAL - LALPUR", "d_pan_code": 397, "d_pan_name": "Ahmedabad", "b_pan_code": 4414, "b_pan_name": "Daskroi", "sourceofda": null, "area_geo": 19.62006216, "st_area_sh": 23.27741487, "st_length_": 20.146386574000001 }, "geometry": { "type": "MultiPolygon", "coordinates": [ [ [ [ 8099396.026799999177456, 2636909.699000000953674 ], [ 8099395.962000001221895, 2636913.290899999439716 ], [ 8099402.484400000423193, 2636913.258699998259544 ], [ 8099402.466600000858307, 2636909.667199999094009 ], [ 8099396.026799999177456, 2636909.699000000953674 ] ] ] ] } },
{ "type": "Feature", "properties": { "objectid": 314317, "globalid": "{00000000-0000-0000-0000-000000000000}", "uniq_id": null, "state_code": "24", "district_c": "439", "tehsil_cod": "3843", "block_code": "4060", "village_co": "515578", "lgd_code": "515578", "built_up_a": 1, "village_na": "Suragpur", "area_desc": null, "name": "Suragpur", "owner_name": null, "property_i": null, "property_c": null, "area_sqm": 26.40621635, "roof_type": 1, "no_floors": 0, "remarks": null, "adl_info": null, "gp_code": "155028", "gp_name": "SURAGPUR", "d_pan_code": 398, "d_pan_name": "Amreli", "b_pan_code": 4422, "b_pan_name": "Amreli", "sourceofda": null, "area_geo": 26.40621635, "st_area_sh": 30.732001695000001, "st_length_": 22.620847385699999 }, "geometry": { "type": "MultiPolygon", "coordinates": [ [ [ [ 7938414.362300001084805, 2473903.387899998575449 ], [ 7938421.025600001215935, 2473903.590399999171495 ], [ 7938421.257399998605251, 2473898.9485 ], [ 7938414.390099998563528, 2473898.9485 ], [ 7938414.362300001084805, 2473903.387899998575449 ] ] ] ] } },
{ "type": "Feature", "properties": { "objectid": 314470, "globalid": "{00000000-0000-0000-0000-000000000000}", "uniq_id": null, "state_code": "24", "district_c": "439", "tehsil_cod": "3843", "block_code": "4060", "village_co": "515578", "lgd_code": "515578", "built_up_a": 1, "village_na": "Suragpur", "area_desc": null, "name": "Suragpur", "owner_name": null, "property_i": null, "property_c": null, "area_sqm": 83.74730246, "roof_type": 1, "no_floors": 0, "remarks": null, "adl_info": null, "gp_code": "155028", "gp_name": "SURAGPUR", "d_pan_code": 398, "d_pan_name": "Amreli", "b_pan_code": 4422, "b_pan_name": "Amreli", "sourceofda": null, "area_geo": 83.74730246, "st_area_sh": 97.46690723, "st_length_": 39.863158631700003 }, "geometry": { "type": "MultiPolygon", "coordinates": [ [ [ [ 7938273.583200000226498, 2473928.849399998784065 ], [ 7938265.152199998497963, 2473931.732599999755621 ], [ 7938265.5724, 2473932.974399998784065 ], [ 7938264.354800000786781, 2473933.362199999392033 ], [ 7938267.077399998903275, 2473941.407299999147654 ], [ 7938276.686799999326468, 2473938.020300000905991 ], [ 7938273.583200000226498, 2473928.849399998784065 ] ] ] ] } },
{ "type": "Feature", "properties": { "objectid": 314763, "globalid": "{00000000-0000-0000-0000-000000000000}", "uniq_id": null, "state_code": "24", "district_c": "438", "tehsil_cod": "3782", "block_code": "4052", "village_co": "511638", "lgd_code": "511638", "built_up_a": 1, "village_na": "Lalpur", "area_desc": null, "name": "Lalpur", "owner_name": null, "property_i": null, "property_c": null, "area_sqm": 2.08357814, "roof_type": 1, "no_floors": 0, "remarks": null, "adl_info": null, "gp_code": "276150", "gp_name": "KUBADTHAL - LALPUR", "d_pan_code": 397, "d_pan_name": "Ahmedabad", "b_pan_code": 4414, "b_pan_name": "Daskroi", "sourceofda": null, "area_geo": 2.08357814, "st_area_sh": 2.47203168, "st_length_": 6.4874280050299999 }, "geometry": { "type": "MultiPolygon", "coordinates": [ [ [ [ 8099158.407699998468161, 2637099.862199999392033 ], [ 8099158.506900001317263, 2637097.844799999147654 ], [ 8099157.284499999135733, 2637097.784699998795986 ], [ 8099157.1853, 2637099.802099999040365 ], [ 8099158.407699998468161, 2637099.862199999392033 ] ] ] ] } },
{ "type": "Feature", "properties": { "objectid": 314732, "globalid": "{00000000-0000-0000-0000-000000000000}", "uniq_id": null, "state_code": "24", "district_c": "438", "tehsil_cod": "3782", "block_code": "4052", "village_co": "511638", "lgd_code": "511638", "built_up_a": 1, "village_na": "Lalpur", "area_desc": null, "name": "Lalpur", "owner_name": null, "property_i": null, "property_c": null, "area_sqm": 16.51016391, "roof_type": 1, "no_floors": 0, "remarks": null, "adl_info": null, "gp_code": "276150", "gp_name": "KUBADTHAL - LALPUR", "d_pan_code": 397, "d_pan_name": "Ahmedabad", "b_pan_code": 4414, "b_pan_name": "Daskroi", "sourceofda": null, "area_geo": 16.51016391, "st_area_sh": 19.588067635000002, "st_length_": 17.9651461355 }, "geometry": { "type": "MultiPolygon", "coordinates": [ [ [ [ 8099299.917399998754263, 2637020.090399999171495 ], [ 8099299.113000001758337, 2637023.855900000780821 ], [ 8099304.404699999839067, 2637024.511999998241663 ], [ 8099304.99040000140667, 2637020.916799999773502 ], [ 8099299.917399998754263, 2637020.090399999171495 ] ] ] ] } },
{ "type": "Feature", "properties": { "objectid": 314685, "globalid": "{00000000-0000-0000-0000-000000000000}", "uniq_id": null, "state_code": "24", "district_c": "438", "tehsil_cod": "3782", "block_code": "4052", "village_co": "511638", "lgd_code": "511638", "built_up_a": 1, "village_na": "Lalpur", "area_desc": null, "name": "Lalpur", "owner_name": null, "property_i": null, "property_c": null, "area_sqm": 37.3610589, "roof_type": 1, "no_floors": 0, "remarks": null, "adl_info": null, "gp_code": "276150", "gp_name": "KUBADTHAL - LALPUR", "d_pan_code": 397, "d_pan_name": "Ahmedabad", "b_pan_code": 4414, "b_pan_name": "Daskroi", "sourceofda": null, "area_geo": 37.3610589, "st_area_sh": 44.326014135000001, "st_length_": 31.538061026499999 }, "geometry": { "type": "MultiPolygon", "coordinates": [ [ [ [ 8099375.68019999936223, 2637007.038499999791384 ], [ 8099375.635400000959635, 2637010.699099998921156 ], [ 8099387.74269999936223, 2637010.847199998795986 ], [ 8099387.787500001490116, 2637007.186700001358986 ], [ 8099375.68019999936223, 2637007.038499999791384 ] ] ] ] } },
{ "type": "Feature", "properties": { "objectid": 314599, "globalid": "{00000000-0000-0000-0000-000000000000}", "uniq_id": null, "state_code": "24", "district_c": "438", "tehsil_cod": "3782", "block_code": "4052", "village_co": "511638", "lgd_code": "511638", "built_up_a": 1, "village_na": "Lalpur", "area_desc": null, "name": "Lalpur", "owner_name": null, "property_i": null, "property_c": null, "area_sqm": 9.43313618, "roof_type": 1, "no_floors": 0, "remarks": null, "adl_info": null, "gp_code": "276150", "gp_name": "KUBADTHAL - LALPUR", "d_pan_code": 397, "d_pan_name": "Ahmedabad", "b_pan_code": 4414, "b_pan_name": "Daskroi", "sourceofda": null, "area_geo": 9.43313618, "st_area_sh": 11.19155796, "st_length_": 15.1124829066 }, "geometry": { "type": "MultiPolygon", "coordinates": [ [ [ [ 8099338.478100001811981, 2636914.042100001126528 ], [ 8099338.552700001746416, 2636912.021099999547005 ], [ 8099333.022599998861551, 2636911.81700000166893 ], [ 8099332.947999998927116, 2636913.837999999523163 ], [ 8099338.478100001811981, 2636914.042100001126528 ] ] ] ] } },
{ "type": "Feature", "properties": { "objectid": 314603, "globalid": "{00000000-0000-0000-0000-000000000000}", "uniq_id": null, "state_code": "24", "district_c": "438", "tehsil_cod": "3782", "block_code": "4052", "village_co": "511638", "lgd_code": "511638", "built_up_a": 1, "village_na": "Lalpur", "area_desc": null, "name": "Lalpur", "owner_name": null, "property_i": null, "property_c": null, "area_sqm": 52.71243461, "roof_type": 1, "no_floors": 0, "remarks": null, "adl_info": null, "gp_code": "276150", "gp_name": "KUBADTHAL - LALPUR", "d_pan_code": 397, "d_pan_name": "Ahmedabad", "b_pan_code": 4414, "b_pan_name": "Daskroi", "sourceofda": null, "area_geo": 52.71243461, "st_area_sh": 62.538620504999997, "st_length_": 32.829452757799999 }, "geometry": { "type": "MultiPolygon", "coordinates": [ [ [ [ 8099419.1743, 2636930.667100001126528 ], [ 8099418.945799998939037, 2636924.654100000858307 ], [ 8099408.649000000208616, 2636924.695099998265505 ], [ 8099408.673000000417233, 2636930.70890000090003 ], [ 8099417.028599999845028, 2636930.675599999725819 ], [ 8099417.800999999046326, 2636930.672499999403954 ], [ 8099418.234900001436472, 2636930.670800000429153 ], [ 8099419.1743, 2636930.667100001126528 ] ] ] ] } },
{ "type": "Feature", "properties": { "objectid": 314759, "globalid": "{00000000-0000-0000-0000-000000000000}", "uniq_id": null, "state_code": "24", "district_c": "438", "tehsil_cod": "3782", "block_code": "4052", "village_co": "511638", "lgd_code": "511638", "built_up_a": 1, "village_na": "Lalpur", "area_desc": null, "name": "Lalpur", "owner_name": null, "property_i": null, "property_c": null, "area_sqm": 7.21078153, "roof_type": 1, "no_floors": 0, "remarks": null, "adl_info": null, "gp_code": "276150", "gp_name": "KUBADTHAL - LALPUR", "d_pan_code": 397, "d_pan_name": "Ahmedabad", "b_pan_code": 4414, "b_pan_name": "Daskroi", "sourceofda": null, "area_geo": 7.21078153, "st_area_sh": 8.55506545, "st_length_": 11.738125649600001 }, "geometry": { "type": "MultiPolygon", "coordinates": [ [ [ [ 8099249.887899998575449, 2637039.071400001645088 ], [ 8099250.917100001126528, 2637036.67790000140667 ], [ 8099248.1151, 2637035.473099999129772 ], [ 8099246.89809999987483, 2637038.171900000423193 ], [ 8099249.887899998575449, 2637039.071400001645088 ] ] ] ] } },
{ "type": "Feature", "properties": { "objectid": 314263, "globalid": "{00000000-0000-0000-0000-000000000000}", "uniq_id": null, "state_code": "24", "district_c": "439", "tehsil_cod": "3843", "block_code": "4060", "village_co": "515578", "lgd_code": "515578", "built_up_a": 1, "village_na": "Suragpur", "area_desc": null, "name": "Suragpur", "owner_name": null, "property_i": null, "property_c": null, "area_sqm": 86.60124126, "roof_type": 1, "no_floors": 0, "remarks": null, "adl_info": null, "gp_code": "155028", "gp_name": "SURAGPUR", "d_pan_code": 398, "d_pan_name": "Amreli", "b_pan_code": 4422, "b_pan_name": "Amreli", "sourceofda": null, "area_geo": 86.60124126, "st_area_sh": 100.79219272500001, "st_length_": 43.620111313899997 }, "geometry": { "type": "MultiPolygon", "coordinates": [ [ [ [ 7938415.737500000745058, 2474267.3059 ], [ 7938413.4978, 2474267.426199998706579 ], [ 7938413.186299998313189, 2474259.367499999701977 ], [ 7938404.271099999547005, 2474259.846599999815226 ], [ 7938404.846400000154972, 2474270.5504 ], [ 7938415.84010000154376, 2474269.959499999880791 ], [ 7938415.737500000745058, 2474267.3059 ] ] ] ] } },
{ "type": "Feature", "properties": { "objectid": 314406, "globalid": "{00000000-0000-0000-0000-000000000000}", "uniq_id": null, "state_code": "24", "district_c": "439", "tehsil_cod": "3843", "block_code": "4060", "village_co": "515578", "lgd_code": "515578", "built_up_a": 1, "village_na": "Suragpur", "area_desc": null, "name": "Suragpur", "owner_name": null, "property_i": null, "property_c": null, "area_sqm": 62.13431309, "roof_type": 1, "no_floors": 0, "remarks": null, "adl_info": null, "gp_code": "155028", "gp_name": "SURAGPUR", "d_pan_code": 398, "d_pan_name": "Amreli", "b_pan_code": 4422, "b_pan_name": "Amreli", "sourceofda": null, "area_geo": 62.13431309, "st_area_sh": 72.312921584999998, "st_length_": 34.145109301300003 }, "geometry": { "type": "MultiPolygon", "coordinates": [ [ [ [ 7938329.515000000596046, 2473899.191700000315905 ], [ 7938326.656700000166893, 2473890.25279999896884 ], [ 7938319.268800001591444, 2473892.742600001394749 ], [ 7938322.061200000345707, 2473901.475400000810623 ], [ 7938329.515000000596046, 2473899.191700000315905 ] ] ] ] } },
{ "type": "Feature", "properties": { "objectid": 314715, "globalid": "{00000000-0000-0000-0000-000000000000}", "uniq_id": null, "state_code": "24", "district_c": "438", "tehsil_cod": "3782", "block_code": "4052", "village_co": "511638", "lgd_code": "511638", "built_up_a": 1, "village_na": "Lalpur", "area_desc": null, "name": "Lalpur", "owner_name": null, "property_i": null, "property_c": null, "area_sqm": 14.0591586, "roof_type": 4, "no_floors": 0, "remarks": null, "adl_info": null, "gp_code": "276150", "gp_name": "KUBADTHAL - LALPUR", "d_pan_code": 397, "d_pan_name": "Ahmedabad", "b_pan_code": 4414, "b_pan_name": "Daskroi", "sourceofda": null, "area_geo": 14.0591586, "st_area_sh": 16.68019355, "st_length_": 16.441330328 }, "geometry": { "type": "MultiPolygon", "coordinates": [ [ [ [ 8099284.187600001692772, 2637049.551300000399351 ], [ 8099280.597199998795986, 2637049.227899998426437 ], [ 8099280.195700000971556, 2637053.774099998176098 ], [ 8099283.873700000345707, 2637054.118900001049042 ], [ 8099284.187600001692772, 2637049.551300000399351 ] ] ] ] } },
{ "type": "Feature", "properties": { "objectid": 314590, "globalid": "{00000000-0000-0000-0000-000000000000}", "uniq_id": null, "state_code": "24", "district_c": "438", "tehsil_cod": "3782", "block_code": "4052", "village_co": "511638", "lgd_code": "511638", "built_up_a": 1, "village_na": "Lalpur", "area_desc": null, "name": "Lalpur", "owner_name": null, "property_i": null, "property_c": null, "area_sqm": 9.76260845, "roof_type": 1, "no_floors": 0, "remarks": null, "adl_info": null, "gp_code": "276150", "gp_name": "KUBADTHAL - LALPUR", "d_pan_code": 397, "d_pan_name": "Ahmedabad", "b_pan_code": 4414, "b_pan_name": "Daskroi", "sourceofda": null, "area_geo": 9.76260845, "st_area_sh": 11.58242957, "st_length_": 13.977213927699999 }, "geometry": { "type": "MultiPolygon", "coordinates": [ [ [ [ 8099352.626200001686811, 2636902.764400001615286 ], [ 8099352.561000000685453, 2636898.478300001472235 ], [ 8099349.859299998730421, 2636898.519299998879433 ], [ 8099349.924499999731779, 2636902.805399999022484 ], [ 8099352.626200001686811, 2636902.764400001615286 ] ] ] ] } },
{ "type": "Feature", "properties": { "objectid": 314549, "globalid": "{00000000-0000-0000-0000-000000000000}", "uniq_id": null, "state_code": "24", "district_c": "438", "tehsil_cod": "3782", "block_code": "4052", "village_co": "511638", "lgd_code": "511638", "built_up_a": 1, "village_na": "Lalpur", "area_desc": null, "name": "Lalpur", "owner_name": null, "property_i": null, "property_c": null, "area_sqm": 9.39788468, "roof_type": 1, "no_floors": 0, "remarks": null, "adl_info": null, "gp_code": "276150", "gp_name": "KUBADTHAL - LALPUR", "d_pan_code": 397, "d_pan_name": "Ahmedabad", "b_pan_code": 4414, "b_pan_name": "Daskroi", "sourceofda": null, "area_geo": 9.39788468, "st_area_sh": 11.14977607, "st_length_": 13.377924004 }, "geometry": { "type": "MultiPolygon", "coordinates": [ [ [ [ 8099322.261700000613928, 2636941.629599999636412 ], [ 8099318.685199998319149, 2636941.409299999475479 ], [ 8099318.569899998605251, 2636943.281199999153614 ], [ 8099318.490600001066923, 2636944.56870000064373 ], [ 8099321.945599999278784, 2636944.781500000506639 ], [ 8099322.261700000613928, 2636941.629599999636412 ] ] ] ] } },
{ "type": "Feature", "properties": { "objectid": 314518, "globalid": "{00000000-0000-0000-0000-000000000000}", "uniq_id": null, "state_code": "24", "district_c": "438", "tehsil_cod": "3782", "block_code": "4052", "village_co": "511638", "lgd_code": "511638", "built_up_a": 1, "village_na": "Lalpur", "area_desc": null, "name": "Lalpur", "owner_name": null, "property_i": null, "property_c": null, "area_sqm": 20.8090924, "roof_type": 1, "no_floors": 0, "remarks": null, "adl_info": null, "gp_code": "276150", "gp_name": "KUBADTHAL - LALPUR", "d_pan_code": 397, "d_pan_name": "Ahmedabad", "b_pan_code": 4414, "b_pan_name": "Daskroi", "sourceofda": null, "area_geo": 20.8090924, "st_area_sh": 24.687941, "st_length_": 29.7798673243 }, "geometry": { "type": "MultiPolygon", "coordinates": [ [ [ [ 8099317.428300000727177, 2636863.847100000828505 ], [ 8099317.897100001573563, 2636857.049100000411272 ], [ 8099316.049699999392033, 2636856.921599999070168 ], [ 8099315.714299999177456, 2636861.785100001841784 ], [ 8099309.505100000649691, 2636861.356899999082088 ], [ 8099309.3717, 2636863.291499998420477 ], [ 8099317.428300000727177, 2636863.847100000828505 ] ] ] ] } },
{ "type": "Feature", "properties": { "objectid": 314772, "globalid": "{00000000-0000-0000-0000-000000000000}", "uniq_id": null, "state_code": "24", "district_c": "438", "tehsil_cod": "3782", "block_code": "4052", "village_co": "511638", "lgd_code": "511638", "built_up_a": 1, "village_na": "Lalpur", "area_desc": null, "name": "Lalpur", "owner_name": null, "property_i": null, "property_c": null, "area_sqm": 5.01172591, "roof_type": 1, "no_floors": 0, "remarks": null, "adl_info": null, "gp_code": "276150", "gp_name": "KUBADTHAL - LALPUR", "d_pan_code": 397, "d_pan_name": "Ahmedabad", "b_pan_code": 4414, "b_pan_name": "Daskroi", "sourceofda": null, "area_geo": 5.01172591, "st_area_sh": 5.94611936, "st_length_": 10.3355739677 }, "geometry": { "type": "MultiPolygon", "coordinates": [ [ [ [ 8099309.19310000166297, 2637137.041799999773502 ], [ 8099305.78489999845624, 2637137.497900001704693 ], [ 8099305.963500000536442, 2637139.172200001776218 ], [ 8099306.656800001859665, 2637139.098299998790026 ], [ 8099309.381400000303984, 2637138.807700000703335 ], [ 8099309.19310000166297, 2637137.041799999773502 ] ] ] ] } },
{ "type": "Feature", "properties": { "objectid": 314538, "globalid": "{00000000-0000-0000-0000-000000000000}", "uniq_id": null, "state_code": "24", "district_c": "438", "tehsil_cod": "3782", "block_code": "4052", "village_co": "511638", "lgd_code": "511638", "built_up_a": 1, "village_na": "Lalpur", "area_desc": null, "name": "Lalpur", "owner_name": null, "property_i": null, "property_c": null, "area_sqm": 14.36303078, "roof_type": 1, "no_floors": 0, "remarks": null, "adl_info": null, "gp_code": "276150", "gp_name": "KUBADTHAL - LALPUR", "d_pan_code": 397, "d_pan_name": "Ahmedabad", "b_pan_code": 4414, "b_pan_name": "Daskroi", "sourceofda": null, "area_geo": 14.36303078, "st_area_sh": 17.040531315, "st_length_": 16.629568604500001 }, "geometry": { "type": "MultiPolygon", "coordinates": [ [ [ [ 8099291.969300001859665, 2636964.480599999427795 ], [ 8099292.696800000965595, 2636960.986400000751019 ], [ 8099288.313499998301268, 2636959.844500001519918 ], [ 8099287.325300000607967, 2636963.497000001370907 ], [ 8099291.969300001859665, 2636964.480599999427795 ] ] ] ] } },
{ "type": "Feature", "properties": { "objectid": 314354, "globalid": "{00000000-0000-0000-0000-000000000000}", "uniq_id": null, "state_code": "24", "district_c": "439", "tehsil_cod": "3843", "block_code": "4060", "village_co": "515578", "lgd_code": "515578", "built_up_a": 1, "village_na": "Suragpur", "area_desc": null, "name": "Suragpur", "owner_name": null, "property_i": null, "property_c": null, "area_sqm": 21.26881949, "roof_type": 1, "no_floors": 0, "remarks": null, "adl_info": null, "gp_code": "155028", "gp_name": "SURAGPUR", "d_pan_code": 398, "d_pan_name": "Amreli", "b_pan_code": 4422, "b_pan_name": "Amreli", "sourceofda": null, "area_geo": 21.26881949, "st_area_sh": 24.753299785, "st_length_": 20.396449950699999 }, "geometry": { "type": "MultiPolygon", "coordinates": [ [ [ [ 7938317.45380000025034, 2474004.161899998784065 ], [ 7938316.906300000846386, 2474000.137200001627207 ], [ 7938310.697200000286102, 2474001.267200000584126 ], [ 7938310.86259999871254, 2474002.391699999570847 ], [ 7938311.358600001782179, 2474005.070599999278784 ], [ 7938317.45380000025034, 2474004.161899998784065 ] ] ] ] } },
{ "type": "Feature", "properties": { "objectid": 314660, "globalid": "{00000000-0000-0000-0000-000000000000}", "uniq_id": null, "state_code": "24", "district_c": "438", "tehsil_cod": "3782", "block_code": "4052", "village_co": "511638", "lgd_code": "511638", "built_up_a": 1, "village_na": "Lalpur", "area_desc": null, "name": "Lalpur", "owner_name": null, "property_i": null, "property_c": null, "area_sqm": 5.76774773, "roof_type": 1, "no_floors": 0, "remarks": null, "adl_info": null, "gp_code": "276150", "gp_name": "KUBADTHAL - LALPUR", "d_pan_code": 397, "d_pan_name": "Ahmedabad", "b_pan_code": 4414, "b_pan_name": "Daskroi", "sourceofda": null, "area_geo": 5.76774773, "st_area_sh": 6.842948565, "st_length_": 10.522189662000001 }, "geometry": { "type": "MultiPolygon", "coordinates": [ [ [ [ 8099344.529899999499321, 2636960.323399998247623 ], [ 8099343.626400001347065, 2636962.6272 ], [ 8099346.1919, 2636963.368099998682737 ], [ 8099347.062300000339746, 2636960.686999998986721 ], [ 8099344.529899999499321, 2636960.323399998247623 ] ] ] ] } },
{ "type": "Feature", "properties": { "objectid": 314542, "globalid": "{00000000-0000-0000-0000-000000000000}", "uniq_id": null, "state_code": "24", "district_c": "438", "tehsil_cod": "3782", "block_code": "4052", "village_co": "511638", "lgd_code": "511638", "built_up_a": 1, "village_na": "Lalpur", "area_desc": null, "name": "Lalpur", "owner_name": null, "property_i": null, "property_c": null, "area_sqm": 4.96477018, "roof_type": 1, "no_floors": 0, "remarks": null, "adl_info": null, "gp_code": "276150", "gp_name": "KUBADTHAL - LALPUR", "d_pan_code": 397, "d_pan_name": "Ahmedabad", "b_pan_code": 4414, "b_pan_name": "Daskroi", "sourceofda": null, "area_geo": 4.96477018, "st_area_sh": 5.8902545, "st_length_": 10.8154915629 }, "geometry": { "type": "MultiPolygon", "coordinates": [ [ [ [ 8099319.670099999755621, 2636923.670099999755621 ], [ 8099319.820999998599291, 2636921.901599999517202 ], [ 8099320.305700000375509, 2636921.943 ], [ 8099320.44819999858737, 2636920.273699998855591 ], [ 8099318.497900001704693, 2636920.107200000435114 ], [ 8099318.2043999992311, 2636923.545000001788139 ], [ 8099319.670099999755621, 2636923.670099999755621 ] ] ] ] } },
{ "type": "Feature", "properties": { "objectid": 314459, "globalid": "{00000000-0000-0000-0000-000000000000}", "uniq_id": null, "state_code": "24", "district_c": "439", "tehsil_cod": "3843", "block_code": "4060", "village_co": "515578", "lgd_code": "515578", "built_up_a": 1, "village_na": "Suragpur", "area_desc": null, "name": "Suragpur", "owner_name": null, "property_i": null, "property_c": null, "area_sqm": 209.4531976, "roof_type": 4, "no_floors": 0, "remarks": null, "adl_info": null, "gp_code": "155028", "gp_name": "SURAGPUR", "d_pan_code": 398, "d_pan_name": "Amreli", "b_pan_code": 4422, "b_pan_name": "Amreli", "sourceofda": null, "area_geo": 209.4531976, "st_area_sh": 243.763449235, "st_length_": 74.879288298500001 }, "geometry": { "type": "MultiPolygon", "coordinates": [ [ [ [ 7938412.719399999827147, 2473848.0647 ], [ 7938414.088799998164177, 2473847.505899999290705 ], [ 7938422.675599999725819, 2473844.0016999989748 ], [ 7938431.8037, 2473840.271099999547005 ], [ 7938431.565600000321865, 2473839.636100001633167 ], [ 7938435.933699999004602, 2473837.886399999260902 ], [ 7938433.37049999833107, 2473830.443 ], [ 7938406.627099998295307, 2473840.972800001502037 ], [ 7938409.306000001728535, 2473848.579599998891354 ], [ 7938412.470199998468161, 2473847.311299998313189 ], [ 7938412.719399999827147, 2473848.0647 ] ] ] ] } },
{ "type": "Feature", "properties": { "objectid": 314308, "globalid": "{00000000-0000-0000-0000-000000000000}", "uniq_id": null, "state_code": "24", "district_c": "439", "tehsil_cod": "3843", "block_code": "4060", "village_co": "515578", "lgd_code": "515578", "built_up_a": 1, "village_na": "Suragpur", "area_desc": null, "name": "Suragpur", "owner_name": null, "property_i": null, "property_c": null, "area_sqm": 113.52539389, "roof_type": 1, "no_floors": 0, "remarks": null, "adl_info": null, "gp_code": "155028", "gp_name": "SURAGPUR", "d_pan_code": 398, "d_pan_name": "Amreli", "b_pan_code": 4422, "b_pan_name": "Amreli", "sourceofda": null, "area_geo": 113.52539389, "st_area_sh": 132.12355188000001, "st_length_": 47.4284927291 }, "geometry": { "type": "MultiPolygon", "coordinates": [ [ [ [ 7938415.816700000315905, 2473944.957400001585484 ], [ 7938406.873199999332428, 2473945.315999999642372 ], [ 7938407.284699998795986, 2473960.133000001311302 ], [ 7938416.224800001829863, 2473959.653900001198053 ], [ 7938415.816700000315905, 2473944.957400001585484 ] ] ] ] } },
{ "type": "Feature", "properties": { "objectid": 314645, "globalid": "{00000000-0000-0000-0000-000000000000}", "uniq_id": null, "state_code": "24", "district_c": "438", "tehsil_cod": "3782", "block_code": "4052", "village_co": "511638", "lgd_code": "511638", "built_up_a": 1, "village_na": "Lalpur", "area_desc": null, "name": "Lalpur", "owner_name": null, "property_i": null, "property_c": null, "area_sqm": 9.89778204, "roof_type": 1, "no_floors": 0, "remarks": null, "adl_info": null, "gp_code": "276150", "gp_name": "KUBADTHAL - LALPUR", "d_pan_code": 397, "d_pan_name": "Ahmedabad", "b_pan_code": 4414, "b_pan_name": "Daskroi", "sourceofda": null, "area_geo": 9.89778204, "st_area_sh": 11.742884925, "st_length_": 13.713070014099999 }, "geometry": { "type": "MultiPolygon", "coordinates": [ [ [ [ 8099442.552799999713898, 2636958.495200000703335 ], [ 8099439.061000000685453, 2636958.008499998599291 ], [ 8099438.554099999368191, 2636961.273200001567602 ], [ 8099442.037500001490116, 2636961.813999999314547 ], [ 8099442.552799999713898, 2636958.495200000703335 ] ] ] ] } },
{ "type": "Feature", "properties": { "objectid": 314462, "globalid": "{00000000-0000-0000-0000-000000000000}", "uniq_id": null, "state_code": "24", "district_c": "439", "tehsil_cod": "3843", "block_code": "4060", "village_co": "515578", "lgd_code": "515578", "built_up_a": 1, "village_na": "Suragpur", "area_desc": null, "name": "Suragpur", "owner_name": null, "property_i": null, "property_c": null, "area_sqm": 4.26827746, "roof_type": 1, "no_floors": 0, "remarks": null, "adl_info": null, "gp_code": "155028", "gp_name": "SURAGPUR", "d_pan_code": 398, "d_pan_name": "Amreli", "b_pan_code": 4422, "b_pan_name": "Amreli", "sourceofda": null, "area_geo": 4.26827746, "st_area_sh": 4.96748366, "st_length_": 8.9535465423599998 }, "geometry": { "type": "MultiPolygon", "coordinates": [ [ [ [ 7938395.327599998563528, 2473884.520300000905991 ], [ 7938394.325300000607967, 2473882.259300000965595 ], [ 7938392.486900001764297, 2473883.12779999896884 ], [ 7938392.942200001329184, 2473884.155000001192093 ], [ 7938393.465399999171495, 2473885.335099998861551 ], [ 7938395.327599998563528, 2473884.520300000905991 ] ] ] ] } },
{ "type": "Feature", "properties": { "objectid": 314418, "globalid": "{00000000-0000-0000-0000-000000000000}", "uniq_id": null, "state_code": "24", "district_c": "439", "tehsil_cod": "3843", "block_code": "4060", "village_co": "515578", "lgd_code": "515578", "built_up_a": 1, "village_na": "Suragpur", "area_desc": null, "name": "Suragpur", "owner_name": null, "property_i": null, "property_c": null, "area_sqm": 86.50444269, "roof_type": 4, "no_floors": 0, "remarks": null, "adl_info": null, "gp_code": "155028", "gp_name": "SURAGPUR", "d_pan_code": 398, "d_pan_name": "Amreli", "b_pan_code": 4422, "b_pan_name": "Amreli", "sourceofda": null, "area_geo": 86.50444269, "st_area_sh": 100.67551646, "st_length_": 43.2126290215 }, "geometry": { "type": "MultiPolygon", "coordinates": [ [ [ [ 7938361.7162000015378, 2473922.853500001132488 ], [ 7938360.3246, 2473918.093400001525879 ], [ 7938362.606600001454353, 2473917.332699999213219 ], [ 7938360.050599999725819, 2473909.573300000280142 ], [ 7938351.896699998527765, 2473912.279699999839067 ], [ 7938355.837999999523163, 2473924.615699999034405 ], [ 7938361.7162000015378, 2473922.853500001132488 ] ] ] ] } },
{ "type": "Feature", "properties": { "objectid": 314404, "globalid": "{00000000-0000-0000-0000-000000000000}", "uniq_id": null, "state_code": "24", "district_c": "439", "tehsil_cod": "3843", "block_code": "4060", "village_co": "515578", "lgd_code": "515578", "built_up_a": 1, "village_na": "Suragpur", "area_desc": null, "name": "Suragpur", "owner_name": null, "property_i": null, "property_c": null, "area_sqm": 199.66716872000001, "roof_type": 1, "no_floors": 0, "remarks": null, "adl_info": null, "gp_code": "155028", "gp_name": "SURAGPUR", "d_pan_code": 398, "d_pan_name": "Amreli", "b_pan_code": 4422, "b_pan_name": "Amreli", "sourceofda": null, "area_geo": 199.66716872000001, "st_area_sh": 232.37534386499999, "st_length_": 75.153052966800004 }, "geometry": { "type": "MultiPolygon", "coordinates": [ [ [ [ 7938336.970300000160933, 2473866.301899999380112 ], [ 7938312.671, 2473873.794700000435114 ], [ 7938313.406599998474121, 2473876.095499999821186 ], [ 7938316.365699999034405, 2473885.349599998444319 ], [ 7938328.382100000977516, 2473881.963700000196695 ], [ 7938326.582899998873472, 2473875.8783 ], [ 7938338.647900000214577, 2473872.227000001817942 ], [ 7938336.970300000160933, 2473866.301899999380112 ] ] ] ] } },
{ "type": "Feature", "properties": { "objectid": 314346, "globalid": "{00000000-0000-0000-0000-000000000000}", "uniq_id": null, "state_code": "24", "district_c": "439", "tehsil_cod": "3843", "block_code": "4060", "village_co": "515578", "lgd_code": "515578", "built_up_a": 1, "village_na": "Suragpur", "area_desc": null, "name": "Suragpur", "owner_name": null, "property_i": null, "property_c": null, "area_sqm": 88.58049479, "roof_type": 4, "no_floors": 0, "remarks": null, "adl_info": null, "gp_code": "155028", "gp_name": "SURAGPUR", "d_pan_code": 398, "d_pan_name": "Amreli", "b_pan_code": 4422, "b_pan_name": "Amreli", "sourceofda": null, "area_geo": 88.58049479, "st_area_sh": 103.09281572499999, "st_length_": 51.147791825900001 }, "geometry": { "type": "MultiPolygon", "coordinates": [ [ [ [ 7938340.1217, 2474013.906399998813868 ], [ 7938340.025299999862909, 2474013.127700001001358 ], [ 7938339.49379999935627, 2474008.831300001591444 ], [ 7938319.8662, 2474014.844700001180172 ], [ 7938320.605999998748302, 2474019.885499998927116 ], [ 7938340.1217, 2474013.906399998813868 ] ] ] ] } },
{ "type": "Feature", "properties": { "objectid": 314557, "globalid": "{00000000-0000-0000-0000-000000000000}", "uniq_id": null, "state_code": "24", "district_c": "438", "tehsil_cod": "3782", "block_code": "4052", "village_co": "511638", "lgd_code": "511638", "built_up_a": 1, "village_na": "Lalpur", "area_desc": null, "name": "Lalpur", "owner_name": null, "property_i": null, "property_c": null, "area_sqm": 112.25355157, "roof_type": 4, "no_floors": 0, "remarks": null, "adl_info": null, "gp_code": "276150", "gp_name": "KUBADTHAL - LALPUR", "d_pan_code": 397, "d_pan_name": "Ahmedabad", "b_pan_code": 4414, "b_pan_name": "Daskroi", "sourceofda": null, "area_geo": 112.25355157, "st_area_sh": 133.17770673499999, "st_length_": 49.774918899900001 }, "geometry": { "type": "MultiPolygon", "coordinates": [ [ [ [ 8099378.86430000141263, 2636863.412900000810623 ], [ 8099386.45719999819994, 2636865.148400001227856 ], [ 8099390.267299998551607, 2636848.479600001126528 ], [ 8099382.6743, 2636846.744100000709295 ], [ 8099378.86430000141263, 2636863.412900000810623 ] ] ] ] } },
{ "type": "Feature", "properties": { "objectid": 314515, "globalid": "{00000000-0000-0000-0000-000000000000}", "uniq_id": null, "state_code": "24", "district_c": "438", "tehsil_cod": "3782", "block_code": "4052", "village_co": "511638", "lgd_code": "511638", "built_up_a": 1, "village_na": "Lalpur", "area_desc": null, "name": "Lalpur", "owner_name": null, "property_i": null, "property_c": null, "area_sqm": 19.66168575, "roof_type": 1, "no_floors": 0, "remarks": null, "adl_info": null, "gp_code": "276150", "gp_name": "KUBADTHAL - LALPUR", "d_pan_code": 397, "d_pan_name": "Ahmedabad", "b_pan_code": 4414, "b_pan_name": "Daskroi", "sourceofda": null, "area_geo": 19.66168575, "st_area_sh": 23.3266939, "st_length_": 19.765906630500002 }, "geometry": { "type": "MultiPolygon", "coordinates": [ [ [ [ 8099286.923099998384714, 2636878.074700001627207 ], [ 8099287.5515, 2636872.121500000357628 ], [ 8099283.676300000399351, 2636871.712499998509884 ], [ 8099283.047899998724461, 2636877.665600001811981 ], [ 8099286.923099998384714, 2636878.074700001627207 ] ] ] ] } },
{ "type": "Feature", "properties": { "objectid": 314333, "globalid": "{00000000-0000-0000-0000-000000000000}", "uniq_id": null, "state_code": "24", "district_c": "439", "tehsil_cod": "3843", "block_code": "4060", "village_co": "515578", "lgd_code": "515578", "built_up_a": 1, "village_na": "Suragpur", "area_desc": null, "name": "Suragpur", "owner_name": null, "property_i": null, "property_c": null, "area_sqm": 17.65714018, "roof_type": 4, "no_floors": 0, "remarks": null, "adl_info": null, "gp_code": "155028", "gp_name": "SURAGPUR", "d_pan_code": 398, "d_pan_name": "Amreli", "b_pan_code": 4422, "b_pan_name": "Amreli", "sourceofda": null, "area_geo": 17.65714018, "st_area_sh": 20.54989078, "st_length_": 18.266115428599999 }, "geometry": { "type": "MultiPolygon", "coordinates": [ [ [ [ 7938356.617499999701977, 2473992.505100000649691 ], [ 7938355.423300001770258, 2473988.697500001639128 ], [ 7938350.500500001013279, 2473990.090500000864267 ], [ 7938351.719700001180172, 2473993.954500000923872 ], [ 7938356.617499999701977, 2473992.505100000649691 ] ] ] ] } },
{ "type": "Feature", "properties": { "objectid": 314725, "globalid": "{00000000-0000-0000-0000-000000000000}", "uniq_id": null, "state_code": "24", "district_c": "438", "tehsil_cod": "3782", "block_code": "4052", "village_co": "511638", "lgd_code": "511638", "built_up_a": 1, "village_na": "Lalpur", "area_desc": null, "name": "Lalpur", "owner_name": null, "property_i": null, "property_c": null, "area_sqm": 65.45792734, "roof_type": 1, "no_floors": 0, "remarks": null, "adl_info": null, "gp_code": "276150", "gp_name": "KUBADTHAL - LALPUR", "d_pan_code": 397, "d_pan_name": "Ahmedabad", "b_pan_code": 4414, "b_pan_name": "Daskroi", "sourceofda": null, "area_geo": 65.45792734, "st_area_sh": 77.661027004999994, "st_length_": 37.757238935700002 }, "geometry": { "type": "MultiPolygon", "coordinates": [ [ [ [ 8099296.222100000828505, 2637038.663199998438358 ], [ 8099296.784600000828505, 2637032.63230000063777 ], [ 8099284.018399998545647, 2637031.441700000315905 ], [ 8099283.456000000238419, 2637037.472600001841784 ], [ 8099296.222100000828505, 2637038.663199998438358 ] ] ] ] } },
{ "type": "Feature", "properties": { "objectid": 314711, "globalid": "{00000000-0000-0000-0000-000000000000}", "uniq_id": null, "state_code": "24", "district_c": "438", "tehsil_cod": "3782", "block_code": "4052", "village_co": "511638", "lgd_code": "511638", "built_up_a": 1, "village_na": "Lalpur", "area_desc": null, "name": "Lalpur", "owner_name": null, "property_i": null, "property_c": null, "area_sqm": 8.0016159, "roof_type": 1, "no_floors": 0, "remarks": null, "adl_info": null, "gp_code": "276150", "gp_name": "KUBADTHAL - LALPUR", "d_pan_code": 397, "d_pan_name": "Ahmedabad", "b_pan_code": 4414, "b_pan_name": "Daskroi", "sourceofda": null, "area_geo": 8.0016159, "st_area_sh": 9.493358465, "st_length_": 12.3614699515 }, "geometry": { "type": "MultiPolygon", "coordinates": [ [ [ [ 8099293.959699999541044, 2637058.161299999803305 ], [ 8099291.124000001698732, 2637057.97859999909997 ], [ 8099290.854899998754263, 2637061.276399999856949 ], [ 8099293.709899999201298, 2637061.499400001019239 ], [ 8099293.959699999541044, 2637058.161299999803305 ] ] ] ] } },
{ "type": "Feature", "properties": { "objectid": 314371, "globalid": "{00000000-0000-0000-0000-000000000000}", "uniq_id": null, "state_code": "24", "district_c": "439", "tehsil_cod": "3843", "block_code": "4060", "village_co": "515578", "lgd_code": "515578", "built_up_a": 1, "village_na": "Suragpur", "area_desc": null, "name": "Suragpur", "owner_name": null, "property_i": null, "property_c": null, "area_sqm": 35.14539944, "roof_type": 1, "no_floors": 0, "remarks": null, "adl_info": null, "gp_code": "155028", "gp_name": "SURAGPUR", "d_pan_code": 398, "d_pan_name": "Amreli", "b_pan_code": 4422, "b_pan_name": "Amreli", "sourceofda": null, "area_geo": 35.14539944, "st_area_sh": 40.90300467, "st_length_": 26.065902648600002 }, "geometry": { "type": "MultiPolygon", "coordinates": [ [ [ [ 7938271.719500001519918, 2473939.771099999547005 ], [ 7938274.189300000667572, 2473947.075899999588728 ], [ 7938279.193399999290705, 2473945.426899999380112 ], [ 7938276.686799999326468, 2473938.020300000905991 ], [ 7938271.719500001519918, 2473939.771099999547005 ] ] ] ] } },
{ "type": "Feature", "properties": { "objectid": 314511, "globalid": "{00000000-0000-0000-0000-000000000000}", "uniq_id": null, "state_code": "24", "district_c": "438", "tehsil_cod": "3782", "block_code": "4052", "village_co": "511638", "lgd_code": "511638", "built_up_a": 1, "village_na": "Lalpur", "area_desc": null, "name": "Lalpur", "owner_name": null, "property_i": null, "property_c": null, "area_sqm": 9.55603378, "roof_type": 4, "no_floors": 0, "remarks": null, "adl_info": null, "gp_code": "276150", "gp_name": "KUBADTHAL - LALPUR", "d_pan_code": 397, "d_pan_name": "Ahmedabad", "b_pan_code": 4414, "b_pan_name": "Daskroi", "sourceofda": null, "area_geo": 9.55603378, "st_area_sh": 11.33737012, "st_length_": 13.495796152900001 }, "geometry": { "type": "MultiPolygon", "coordinates": [ [ [ [ 8099242.096000000834465, 2636919.190999999642372 ], [ 8099244.318500000983477, 2636916.373199999332428 ], [ 8099241.838100001215935, 2636914.416799999773502 ], [ 8099239.615600001066923, 2636917.2346 ], [ 8099242.096000000834465, 2636919.190999999642372 ] ] ] ] } },
{ "type": "Feature", "properties": { "objectid": 314769, "globalid": "{00000000-0000-0000-0000-000000000000}", "uniq_id": null, "state_code": "24", "district_c": "438", "tehsil_cod": "3782", "block_code": "4052", "village_co": "511638", "lgd_code": "511638", "built_up_a": 1, "village_na": "Lalpur", "area_desc": null, "name": "Lalpur", "owner_name": null, "property_i": null, "property_c": null, "area_sqm": 39.67199923, "roof_type": 4, "no_floors": 0, "remarks": null, "adl_info": null, "gp_code": "276150", "gp_name": "KUBADTHAL - LALPUR", "d_pan_code": 397, "d_pan_name": "Ahmedabad", "b_pan_code": 4414, "b_pan_name": "Daskroi", "sourceofda": null, "area_geo": 39.67199923, "st_area_sh": 47.068277965, "st_length_": 31.346388214800001 }, "geometry": { "type": "MultiPolygon", "coordinates": [ [ [ [ 8099216.631999999284744, 2637095.7665 ], [ 8099216.134300000965595, 2637099.785000000149012 ], [ 8099227.670099999755621, 2637101.213799998164177 ], [ 8099228.16780000180006, 2637097.1952 ], [ 8099216.631999999284744, 2637095.7665 ] ] ] ] } },
{ "type": "Feature", "properties": { "objectid": 314668, "globalid": "{00000000-0000-0000-0000-000000000000}", "uniq_id": null, "state_code": "24", "district_c": "438", "tehsil_cod": "3782", "block_code": "4052", "village_co": "511638", "lgd_code": "511638", "built_up_a": 1, "village_na": "Lalpur", "area_desc": null, "name": "Lalpur", "owner_name": null, "property_i": null, "property_c": null, "area_sqm": 68.24943567, "roof_type": 1, "no_floors": 0, "remarks": null, "adl_info": null, "gp_code": "276150", "gp_name": "KUBADTHAL - LALPUR", "d_pan_code": 397, "d_pan_name": "Ahmedabad", "b_pan_code": 4414, "b_pan_name": "Daskroi", "sourceofda": null, "area_geo": 68.24943567, "st_area_sh": 80.972485375000005, "st_length_": 39.290377193300003 }, "geometry": { "type": "MultiPolygon", "coordinates": [ [ [ [ 8099347.866700001060963, 2636989.625799998641014 ], [ 8099361.360500000417233, 2636992.3246 ], [ 8099362.514400001615286, 2636986.55460000038147 ], [ 8099349.020700000226498, 2636983.855900000780821 ], [ 8099347.866700001060963, 2636989.625799998641014 ] ] ] ] } },
{ "type": "Feature", "properties": { "objectid": 314510, "globalid": "{00000000-0000-0000-0000-000000000000}", "uniq_id": null, "state_code": "24", "district_c": "438", "tehsil_cod": "3782", "block_code": "4052", "village_co": "511638", "lgd_code": "511638", "built_up_a": 1, "village_na": "Lalpur", "area_desc": null, "name": "Lalpur", "owner_name": null, "property_i": null, "property_c": null, "area_sqm": 9.32585871, "roof_type": 1, "no_floors": 0, "remarks": null, "adl_info": null, "gp_code": "276150", "gp_name": "KUBADTHAL - LALPUR", "d_pan_code": 397, "d_pan_name": "Ahmedabad", "b_pan_code": 4414, "b_pan_name": "Daskroi", "sourceofda": null, "area_geo": 9.32585871, "st_area_sh": 11.064253605, "st_length_": 13.309117862700001 }, "geometry": { "type": "MultiPolygon", "coordinates": [ [ [ [ 8099254.489100001752377, 2636892.39130000025034 ], [ 8099257.674800001084805, 2636893.01630000025034 ], [ 8099258.331000000238419, 2636889.671999998390675 ], [ 8099255.145300000905991, 2636889.046900000423193 ], [ 8099254.489100001752377, 2636892.39130000025034 ] ] ] ] } },
{ "type": "Feature", "properties": { "objectid": 314262, "globalid": "{00000000-0000-0000-0000-000000000000}", "uniq_id": null, "state_code": "24", "district_c": "439", "tehsil_cod": "3843", "block_code": "4060", "village_co": "515578", "lgd_code": "515578", "built_up_a": 1, "village_na": "Suragpur", "area_desc": null, "name": "Suragpur", "owner_name": null, "property_i": null, "property_c": null, "area_sqm": 89.24139092, "roof_type": 1, "no_floors": 0, "remarks": null, "adl_info": null, "gp_code": "155028", "gp_name": "SURAGPUR", "d_pan_code": 398, "d_pan_name": "Amreli", "b_pan_code": 4422, "b_pan_name": "Amreli", "sourceofda": null, "area_geo": 89.24139092, "st_area_sh": 103.864839815, "st_length_": 43.305876091400002 }, "geometry": { "type": "MultiPolygon", "coordinates": [ [ [ [ 7938413.186299998313189, 2474259.367499999701977 ], [ 7938412.959699999541044, 2474253.502900000661612 ], [ 7938415.199400000274181, 2474253.382500000298023 ], [ 7938415.024300001561642, 2474248.850699998438358 ], [ 7938403.712799999862909, 2474249.458700001239777 ], [ 7938404.271099999547005, 2474259.846599999815226 ], [ 7938413.186299998313189, 2474259.367499999701977 ] ] ] ] } },
{ "type": "Feature", "properties": { "objectid": 314541, "globalid": "{00000000-0000-0000-0000-000000000000}", "uniq_id": null, "state_code": "24", "district_c": "438", "tehsil_cod": "3782", "block_code": "4052", "village_co": "511638", "lgd_code": "511638", "built_up_a": 1, "village_na": "Lalpur", "area_desc": null, "name": "Lalpur", "owner_name": null, "property_i": null, "property_c": null, "area_sqm": 23.95869492, "roof_type": 1, "no_floors": 0, "remarks": null, "adl_info": null, "gp_code": "276150", "gp_name": "KUBADTHAL - LALPUR", "d_pan_code": 397, "d_pan_name": "Ahmedabad", "b_pan_code": 4414, "b_pan_name": "Daskroi", "sourceofda": null, "area_geo": 23.95869492, "st_area_sh": 28.42484453, "st_length_": 23.849704986300001 }, "geometry": { "type": "MultiPolygon", "coordinates": [ [ [ [ 8099328.264800000935793, 2636922.622299998998642 ], [ 8099328.407299999147654, 2636920.953000001609325 ], [ 8099320.44819999858737, 2636920.273699998855591 ], [ 8099320.305700000375509, 2636921.943 ], [ 8099319.820999998599291, 2636921.901599999517202 ], [ 8099319.670099999755621, 2636923.670099999755621 ], [ 8099328.113899998366833, 2636924.390900000929832 ], [ 8099328.264800000935793, 2636922.622299998998642 ] ] ] ] } },
{ "type": "Feature", "properties": { "objectid": 314729, "globalid": "{00000000-0000-0000-0000-000000000000}", "uniq_id": null, "state_code": "24", "district_c": "438", "tehsil_cod": "3782", "block_code": "4052", "village_co": "511638", "lgd_code": "511638", "built_up_a": 1, "village_na": "Lalpur", "area_desc": null, "name": "Lalpur", "owner_name": null, "property_i": null, "property_c": null, "area_sqm": 6.37945652, "roof_type": 1, "no_floors": 0, "remarks": null, "adl_info": null, "gp_code": "276150", "gp_name": "KUBADTHAL - LALPUR", "d_pan_code": 397, "d_pan_name": "Ahmedabad", "b_pan_code": 4414, "b_pan_name": "Daskroi", "sourceofda": null, "area_geo": 6.37945652, "st_area_sh": 7.56876855, "st_length_": 11.2365106384 }, "geometry": { "type": "MultiPolygon", "coordinates": [ [ [ [ 8099277.984400000423193, 2637046.789900001138449 ], [ 8099274.642299998551607, 2637046.30629999935627 ], [ 8099274.3213, 2637048.524500001221895 ], [ 8099277.663499999791384, 2637049.008099999278784 ], [ 8099277.984400000423193, 2637046.789900001138449 ] ] ] ] } },
{ "type": "Feature", "properties": { "objectid": 314578, "globalid": "{00000000-0000-0000-0000-000000000000}", "uniq_id": null, "state_code": "24", "district_c": "438", "tehsil_cod": "3782", "block_code": "4052", "village_co": "511638", "lgd_code": "511638", "built_up_a": 1, "village_na": "Lalpur", "area_desc": null, "name": "Lalpur", "owner_name": null, "property_i": null, "property_c": null, "area_sqm": 53.73917629, "roof_type": 1, "no_floors": 0, "remarks": null, "adl_info": null, "gp_code": "276150", "gp_name": "KUBADTHAL - LALPUR", "d_pan_code": 397, "d_pan_name": "Ahmedabad", "b_pan_code": 4414, "b_pan_name": "Daskroi", "sourceofda": null, "area_geo": 53.73917629, "st_area_sh": 63.75652625, "st_length_": 34.588075371499997 }, "geometry": { "type": "MultiPolygon", "coordinates": [ [ [ [ 8099370.270599998533726, 2636903.59010000154376 ], [ 8099370.103999998420477, 2636892.025499999523163 ], [ 8099364.477800000458956, 2636892.106499999761581 ], [ 8099364.479200001806021, 2636892.48759999871254 ], [ 8099364.517099998891354, 2636902.737500000745058 ], [ 8099367.021499998867512, 2636902.789799999445677 ], [ 8099366.968600001186132, 2636903.7423 ], [ 8099370.270599998533726, 2636903.59010000154376 ] ] ] ] } },
{ "type": "Feature", "properties": { "objectid": 314686, "globalid": "{00000000-0000-0000-0000-000000000000}", "uniq_id": null, "state_code": "24", "district_c": "438", "tehsil_cod": "3782", "block_code": "4052", "village_co": "511638", "lgd_code": "511638", "built_up_a": 1, "village_na": "Lalpur", "area_desc": null, "name": "Lalpur", "owner_name": null, "property_i": null, "property_c": null, "area_sqm": 69.41985512, "roof_type": 1, "no_floors": 0, "remarks": null, "adl_info": null, "gp_code": "276150", "gp_name": "KUBADTHAL - LALPUR", "d_pan_code": 397, "d_pan_name": "Ahmedabad", "b_pan_code": 4414, "b_pan_name": "Daskroi", "sourceofda": null, "area_geo": 69.41985512, "st_area_sh": 82.36135249, "st_length_": 41.073573944499998 }, "geometry": { "type": "MultiPolygon", "coordinates": [ [ [ [ 8099389.313099998980761, 2637010.866399999707937 ], [ 8099375.934099998325109, 2637010.7027000002563 ], [ 8099375.872299998998642, 2637015.758000001311302 ], [ 8099380.040100000798702, 2637015.809000000357628 ], [ 8099380.028999999165535, 2637016.716499999165535 ], [ 8099383.915399998426437, 2637016.76410000026226 ], [ 8099383.900800000876188, 2637017.957600001245737 ], [ 8099389.225499998778105, 2637018.022700000554323 ], [ 8099389.313099998980761, 2637010.866399999707937 ] ] ] ] } },
{ "type": "Feature", "properties": { "objectid": 314773, "globalid": "{00000000-0000-0000-0000-000000000000}", "uniq_id": null, "state_code": "24", "district_c": "438", "tehsil_cod": "3782", "block_code": "4052", "village_co": "511638", "lgd_code": "511638", "built_up_a": 1, "village_na": "Lalpur", "area_desc": null, "name": "Lalpur", "owner_name": null, "property_i": null, "property_c": null, "area_sqm": 111.81480701, "roof_type": 1, "no_floors": 0, "remarks": null, "adl_info": null, "gp_code": "276150", "gp_name": "KUBADTHAL - LALPUR", "d_pan_code": 397, "d_pan_name": "Ahmedabad", "b_pan_code": 4414, "b_pan_name": "Daskroi", "sourceofda": null, "area_geo": 111.81480701, "st_area_sh": 132.661790325, "st_length_": 46.753649138299998 }, "geometry": { "type": "MultiPolygon", "coordinates": [ [ [ [ 8099272.860100001096725, 2637146.4712999984622 ], [ 8099286.460200000554323, 2637147.9265 ], [ 8099287.491999998688698, 2637138.282400000840425 ], [ 8099273.892000000923872, 2637136.827199999243021 ], [ 8099272.860100001096725, 2637146.4712999984622 ] ] ] ] } },
{ "type": "Feature", "properties": { "objectid": 314665, "globalid": "{00000000-0000-0000-0000-000000000000}", "uniq_id": null, "state_code": "24", "district_c": "438", "tehsil_cod": "3782", "block_code": "4052", "village_co": "511638", "lgd_code": "511638", "built_up_a": 1, "village_na": "Lalpur", "area_desc": null, "name": "Lalpur", "owner_name": null, "property_i": null, "property_c": null, "area_sqm": 6.45536287, "roof_type": 1, "no_floors": 0, "remarks": null, "adl_info": null, "gp_code": "276150", "gp_name": "KUBADTHAL - LALPUR", "d_pan_code": 397, "d_pan_name": "Ahmedabad", "b_pan_code": 4414, "b_pan_name": "Daskroi", "sourceofda": null, "area_geo": 6.45536287, "st_area_sh": 7.6587502, "st_length_": 11.527230682900001 }, "geometry": { "type": "MultiPolygon", "coordinates": [ [ [ [ 8099358.988899998366833, 2636964.026500001549721 ], [ 8099358.129000000655651, 2636967.653299998492002 ], [ 8099360.149999998509884, 2636968.095300000160933 ], [ 8099361.0099, 2636964.556499999016523 ], [ 8099358.988899998366833, 2636964.026500001549721 ] ] ] ] } },
{ "type": "Feature", "properties": { "objectid": 314363, "globalid": "{00000000-0000-0000-0000-000000000000}", "uniq_id": null, "state_code": "24", "district_c": "439", "tehsil_cod": "3843", "block_code": "4060", "village_co": "515578", "lgd_code": "515578", "built_up_a": 1, "village_na": "Suragpur", "area_desc": null, "name": "Suragpur", "owner_name": null, "property_i": null, "property_c": null, "area_sqm": 14.84656273, "roof_type": 4, "no_floors": 0, "remarks": null, "adl_info": null, "gp_code": "155028", "gp_name": "SURAGPUR", "d_pan_code": 398, "d_pan_name": "Amreli", "b_pan_code": 4422, "b_pan_name": "Amreli", "sourceofda": null, "area_geo": 14.84656273, "st_area_sh": 17.278777315, "st_length_": 16.659707371700001 }, "geometry": { "type": "MultiPolygon", "coordinates": [ [ [ [ 7938244.311500001698732, 2473948.552299998700619 ], [ 7938245.340599998831749, 2473952.2676 ], [ 7938249.595600001513958, 2473951.211500000208616 ], [ 7938248.610599998384714, 2473947.3733000010252 ], [ 7938244.311500001698732, 2473948.552299998700619 ] ] ] ] } },
{ "type": "Feature", "properties": { "objectid": 314250, "globalid": "{00000000-0000-0000-0000-000000000000}", "uniq_id": null, "state_code": "24", "district_c": "439", "tehsil_cod": "3843", "block_code": "4060", "village_co": "515578", "lgd_code": "515578", "built_up_a": 1, "village_na": "Suragpur", "area_desc": null, "name": "Suragpur", "owner_name": null, "property_i": null, "property_c": null, "area_sqm": 27.50871571, "roof_type": 4, "no_floors": 0, "remarks": null, "adl_info": null, "gp_code": "155028", "gp_name": "SURAGPUR", "d_pan_code": 398, "d_pan_name": "Amreli", "b_pan_code": 4422, "b_pan_name": "Amreli", "sourceofda": null, "area_geo": 27.50871571, "st_area_sh": 32.018571594999997, "st_length_": 22.964363088 }, "geometry": { "type": "MultiPolygon", "coordinates": [ [ [ [ 7938156.821199998259544, 2474848.566100001335144 ], [ 7938161.589000001549721, 2474848.735399998724461 ], [ 7938161.827100001275539, 2474842.028200000524521 ], [ 7938157.059399999678135, 2474841.858899999409914 ], [ 7938156.821199998259544, 2474848.566100001335144 ] ] ] ] } },
{ "type": "Feature", "properties": { "objectid": 314417, "globalid": "{00000000-0000-0000-0000-000000000000}", "uniq_id": null, "state_code": "24", "district_c": "439", "tehsil_cod": "3843", "block_code": "4060", "village_co": "515578", "lgd_code": "515578", "built_up_a": 1, "village_na": "Suragpur", "area_desc": null, "name": "Suragpur", "owner_name": null, "property_i": null, "property_c": null, "area_sqm": 37.72882016, "roof_type": 4, "no_floors": 0, "remarks": null, "adl_info": null, "gp_code": "155028", "gp_name": "SURAGPUR", "d_pan_code": 398, "d_pan_name": "Amreli", "b_pan_code": 4422, "b_pan_name": "Amreli", "sourceofda": null, "area_geo": 37.72882016, "st_area_sh": 43.90965119, "st_length_": 27.1287815751 }, "geometry": { "type": "MultiPolygon", "coordinates": [ [ [ [ 7938370.70380000025034, 2473943.289099998772144 ], [ 7938367.54109999909997, 2473938.55629999935627 ], [ 7938362.084300000220537, 2473942.183499999344349 ], [ 7938362.32880000025034, 2473943.133600000292063 ], [ 7938363.644499998539686, 2473948.244899999350309 ], [ 7938370.70380000025034, 2473943.289099998772144 ] ] ] ] } },
{ "type": "Feature", "properties": { "objectid": 314362, "globalid": "{00000000-0000-0000-0000-000000000000}", "uniq_id": null, "state_code": "24", "district_c": "439", "tehsil_cod": "3843", "block_code": "4060", "village_co": "515578", "lgd_code": "515578", "built_up_a": 1, "village_na": "Suragpur", "area_desc": null, "name": "Suragpur", "owner_name": null, "property_i": null, "property_c": null, "area_sqm": 143.87681242, "roof_type": 1, "no_floors": 0, "remarks": null, "adl_info": null, "gp_code": "155028", "gp_name": "SURAGPUR", "d_pan_code": 398, "d_pan_name": "Amreli", "b_pan_code": 4422, "b_pan_name": "Amreli", "sourceofda": null, "area_geo": 143.87681242, "st_area_sh": 167.44695232500001, "st_length_": 64.656887959800002 }, "geometry": { "type": "MultiPolygon", "coordinates": [ [ [ [ 7938248.610599998384714, 2473947.3733000010252 ], [ 7938243.735599998384714, 2473928.376600001007318 ], [ 7938231.376899998635054, 2473931.719099998474121 ], [ 7938234.017400000244379, 2473940.423099998384714 ], [ 7938241.037000000476837, 2473938.323300000280142 ], [ 7938243.704700000584126, 2473948.718699999153614 ], [ 7938248.610599998384714, 2473947.3733000010252 ] ] ] ] } },
{ "type": "Feature", "properties": { "objectid": 314464, "globalid": "{00000000-0000-0000-0000-000000000000}", "uniq_id": null, "state_code": "24", "district_c": "439", "tehsil_cod": "3843", "block_code": "4060", "village_co": "515578", "lgd_code": "515578", "built_up_a": 1, "village_na": "Suragpur", "area_desc": null, "name": "Suragpur", "owner_name": null, "property_i": null, "property_c": null, "area_sqm": 60.2252705, "roof_type": 4, "no_floors": 0, "remarks": null, "adl_info": null, "gp_code": "155028", "gp_name": "SURAGPUR", "d_pan_code": 398, "d_pan_name": "Amreli", "b_pan_code": 4422, "b_pan_name": "Amreli", "sourceofda": null, "area_geo": 60.2252705, "st_area_sh": 70.0905062, "st_length_": 34.837518812799999 }, "geometry": { "type": "MultiPolygon", "coordinates": [ [ [ [ 7938482.631999999284744, 2473817.372999999672174 ], [ 7938480.639400001615286, 2473811.387299999594688 ], [ 7938470.067200001329184, 2473814.804099999368191 ], [ 7938472.062600001692772, 2473820.790399998426437 ], [ 7938482.631999999284744, 2473817.372999999672174 ] ] ] ] } },
{ "type": "Feature", "properties": { "objectid": 314254, "globalid": "{00000000-0000-0000-0000-000000000000}", "uniq_id": null, "state_code": "24", "district_c": "439", "tehsil_cod": "3843", "block_code": "4060", "village_co": "515578", "lgd_code": "515578", "built_up_a": 1, "village_na": "Suragpur", "area_desc": null, "name": "Suragpur", "owner_name": null, "property_i": null, "property_c": null, "area_sqm": 3.0870768, "roof_type": 4, "no_floors": 0, "remarks": null, "adl_info": null, "gp_code": "155028", "gp_name": "SURAGPUR", "d_pan_code": 398, "d_pan_name": "Amreli", "b_pan_code": 4422, "b_pan_name": "Amreli", "sourceofda": null, "area_geo": 3.0870768, "st_area_sh": 3.59318431, "st_length_": 7.58274590108 }, "geometry": { "type": "MultiPolygon", "coordinates": [ [ [ [ 7938301.083999998867512, 2474854.656599998474121 ], [ 7938302.950199998915195, 2474854.834300000220537 ], [ 7938303.131900001317263, 2474852.926199998706579 ], [ 7938301.265700001269579, 2474852.748500000685453 ], [ 7938301.083999998867512, 2474854.656599998474121 ] ] ] ] } },
{ "type": "Feature", "properties": { "objectid": 314430, "globalid": "{00000000-0000-0000-0000-000000000000}", "uniq_id": null, "state_code": "24", "district_c": "439", "tehsil_cod": "3843", "block_code": "4060", "village_co": "515578", "lgd_code": "515578", "built_up_a": 1, "village_na": "Suragpur", "area_desc": null, "name": "Suragpur", "owner_name": null, "property_i": null, "property_c": null, "area_sqm": 19.78764246, "roof_type": 4, "no_floors": 0, "remarks": null, "adl_info": null, "gp_code": "155028", "gp_name": "SURAGPUR", "d_pan_code": 398, "d_pan_name": "Amreli", "b_pan_code": 4422, "b_pan_name": "Amreli", "sourceofda": null, "area_geo": 19.78764246, "st_area_sh": 23.02910846, "st_length_": 20.345062261399999 }, "geometry": { "type": "MultiPolygon", "coordinates": [ [ [ [ 7938340.192699998617172, 2473865.308200001716614 ], [ 7938336.970300000160933, 2473866.301899999380112 ], [ 7938338.647900000214577, 2473872.227000001817942 ], [ 7938338.835999999195337, 2473872.802499998360872 ], [ 7938342.089699998497963, 2473871.861600000411272 ], [ 7938340.192699998617172, 2473865.308200001716614 ] ] ] ] } },
{ "type": "Feature", "properties": { "objectid": 314564, "globalid": "{00000000-0000-0000-0000-000000000000}", "uniq_id": null, "state_code": "24", "district_c": "438", "tehsil_cod": "3782", "block_code": "4052", "village_co": "511638", "lgd_code": "511638", "built_up_a": 1, "village_na": "Lalpur", "area_desc": null, "name": "Lalpur", "owner_name": null, "property_i": null, "property_c": null, "area_sqm": 10.3082834, "roof_type": 4, "no_floors": 0, "remarks": null, "adl_info": null, "gp_code": "276150", "gp_name": "KUBADTHAL - LALPUR", "d_pan_code": 397, "d_pan_name": "Ahmedabad", "b_pan_code": 4414, "b_pan_name": "Daskroi", "sourceofda": null, "area_geo": 10.3082834, "st_area_sh": 12.22962045, "st_length_": 14.3720559326 }, "geometry": { "type": "MultiPolygon", "coordinates": [ [ [ [ 8099351.007800001651049, 2636766.609200000762939 ], [ 8099353.753199998289347, 2636766.964699998497963 ], [ 8099354.32039999961853, 2636762.583500001579523 ], [ 8099351.574999999254942, 2636762.228100001811981 ], [ 8099351.007800001651049, 2636766.609200000762939 ] ] ] ] } },
{ "type": "Feature", "properties": { "objectid": 314341, "globalid": "{00000000-0000-0000-0000-000000000000}", "uniq_id": null, "state_code": "24", "district_c": "439", "tehsil_cod": "3843", "block_code": "4060", "village_co": "515578", "lgd_code": "515578", "built_up_a": 1, "village_na": "Suragpur", "area_desc": null, "name": "Suragpur", "owner_name": null, "property_i": null, "property_c": null, "area_sqm": 19.57870433, "roof_type": 4, "no_floors": 0, "remarks": null, "adl_info": null, "gp_code": "155028", "gp_name": "SURAGPUR", "d_pan_code": 398, "d_pan_name": "Amreli", "b_pan_code": 4422, "b_pan_name": "Amreli", "sourceofda": null, "area_geo": 19.57870433, "st_area_sh": 22.786281724999998, "st_length_": 20.224090692499999 }, "geometry": { "type": "MultiPolygon", "coordinates": [ [ [ [ 7938350.515299998223782, 2474001.304900001734495 ], [ 7938348.588199999183416, 2473994.88120000064373 ], [ 7938345.337900001555681, 2473995.842999998480082 ], [ 7938347.274099998176098, 2474002.2971 ], [ 7938350.515299998223782, 2474001.304900001734495 ] ] ] ] } },
{ "type": "Feature", "properties": { "objectid": 314494, "globalid": "{00000000-0000-0000-0000-000000000000}", "uniq_id": null, "state_code": "24", "district_c": "438", "tehsil_cod": "3782", "block_code": "4052", "village_co": "511638", "lgd_code": "511638", "built_up_a": 1, "village_na": "Lalpur", "area_desc": null, "name": "Lalpur", "owner_name": null, "property_i": null, "property_c": null, "area_sqm": 17.10452989, "roof_type": 4, "no_floors": 0, "remarks": null, "adl_info": null, "gp_code": "276150", "gp_name": "KUBADTHAL - LALPUR", "d_pan_code": 397, "d_pan_name": "Ahmedabad", "b_pan_code": 4414, "b_pan_name": "Daskroi", "sourceofda": null, "area_geo": 17.10452989, "st_area_sh": 20.29265223, "st_length_": 19.094503787499999 }, "geometry": { "type": "MultiPolygon", "coordinates": [ [ [ [ 8099159.9189000017941, 2636787.850900001823902 ], [ 8099161.506400000303984, 2636781.699299998581409 ], [ 8099158.413600001484156, 2636780.901200000196695 ], [ 8099156.826099999248981, 2636787.052799999713898 ], [ 8099159.9189000017941, 2636787.850900001823902 ] ] ] ] } },
{ "type": "Feature", "properties": { "objectid": 314707, "globalid": "{00000000-0000-0000-0000-000000000000}", "uniq_id": null, "state_code": "24", "district_c": "438", "tehsil_cod": "3782", "block_code": "4052", "village_co": "511638", "lgd_code": "511638", "built_up_a": 1, "village_na": "Lalpur", "area_desc": null, "name": "Lalpur", "owner_name": null, "property_i": null, "property_c": null, "area_sqm": 3.99050459, "roof_type": 4, "no_floors": 0, "remarks": null, "adl_info": null, "gp_code": "276150", "gp_name": "KUBADTHAL - LALPUR", "d_pan_code": 397, "d_pan_name": "Ahmedabad", "b_pan_code": 4414, "b_pan_name": "Daskroi", "sourceofda": null, "area_geo": 3.99050459, "st_area_sh": 4.73442752, "st_length_": 10.614166417 }, "geometry": { "type": "MultiPolygon", "coordinates": [ [ [ [ 8099328.228999998420477, 2637013.886100001633167 ], [ 8099329.35700000077486, 2637014.009300000965595 ], [ 8099329.810100000351667, 2637009.861600000411272 ], [ 8099328.682100001722574, 2637009.738400001078844 ], [ 8099328.228999998420477, 2637013.886100001633167 ] ] ] ] } },
{ "type": "Feature", "properties": { "objectid": 314777, "globalid": "{00000000-0000-0000-0000-000000000000}", "uniq_id": null, "state_code": "24", "district_c": "438", "tehsil_cod": "3782", "block_code": "4052", "village_co": "511638", "lgd_code": "511638", "built_up_a": 1, "village_na": "Lalpur", "area_desc": null, "name": "Lalpur", "owner_name": null, "property_i": null, "property_c": null, "area_sqm": 25.21565814, "roof_type": 4, "no_floors": 0, "remarks": null, "adl_info": null, "gp_code": "276150", "gp_name": "KUBADTHAL - LALPUR", "d_pan_code": 397, "d_pan_name": "Ahmedabad", "b_pan_code": 4414, "b_pan_name": "Daskroi", "sourceofda": null, "area_geo": 25.21565814, "st_area_sh": 29.916923255, "st_length_": 22.227552526699998 }, "geometry": { "type": "MultiPolygon", "coordinates": [ [ [ [ 8099297.873500000685453, 2637146.668499998748302 ], [ 8099298.47749999910593, 2637142.132500000298023 ], [ 8099291.996899999678135, 2637141.269600000232458 ], [ 8099291.39299999922514, 2637145.805599998682737 ], [ 8099297.873500000685453, 2637146.668499998748302 ] ] ] ] } },
{ "type": "Feature", "properties": { "objectid": 314566, "globalid": "{00000000-0000-0000-0000-000000000000}", "uniq_id": null, "state_code": "24", "district_c": "438", "tehsil_cod": "3782", "block_code": "4052", "village_co": "511638", "lgd_code": "511638", "built_up_a": 1, "village_na": "Lalpur", "area_desc": null, "name": "Lalpur", "owner_name": null, "property_i": null, "property_c": null, "area_sqm": 58.59566506, "roof_type": 1, "no_floors": 0, "remarks": null, "adl_info": null, "gp_code": "276150", "gp_name": "KUBADTHAL - LALPUR", "d_pan_code": 397, "d_pan_name": "Ahmedabad", "b_pan_code": 4414, "b_pan_name": "Daskroi", "sourceofda": null, "area_geo": 58.59566506, "st_area_sh": 69.518168215000003, "st_length_": 40.171263121700001 }, "geometry": { "type": "MultiPolygon", "coordinates": [ [ [ [ 8099340.837200000882149, 2636890.050299998372793 ], [ 8099340.712499998509884, 2636874.414099998772144 ], [ 8099336.450500000268221, 2636874.501499999314547 ], [ 8099336.207400001585484, 2636890.140599999576807 ], [ 8099340.837200000882149, 2636890.050299998372793 ] ] ] ] } },
{ "type": "Feature", "properties": { "objectid": 314376, "globalid": "{00000000-0000-0000-0000-000000000000}", "uniq_id": null, "state_code": "24", "district_c": "439", "tehsil_cod": "3843", "block_code": "4060", "village_co": "515578", "lgd_code": "515578", "built_up_a": 1, "village_na": "Suragpur", "area_desc": null, "name": "Suragpur", "owner_name": null, "property_i": null, "property_c": null, "area_sqm": 18.32157753, "roof_type": 4, "no_floors": 0, "remarks": null, "adl_info": null, "gp_code": "155028", "gp_name": "SURAGPUR", "d_pan_code": 398, "d_pan_name": "Amreli", "b_pan_code": 4422, "b_pan_name": "Amreli", "sourceofda": null, "area_geo": 18.32157753, "st_area_sh": 21.323044265, "st_length_": 22.432041980600001 }, "geometry": { "type": "MultiPolygon", "coordinates": [ [ [ [ 7938253.696100000292063, 2473935.000900000333786 ], [ 7938254.252900000661612, 2473936.77419999986887 ], [ 7938256.113600000739098, 2473936.204100001603365 ], [ 7938256.36540000140667, 2473936.997499998658895 ], [ 7938262.658399999141693, 2473935.069299999624491 ], [ 7938261.844200000166893, 2473932.504299998283386 ], [ 7938253.696100000292063, 2473935.000900000333786 ] ] ] ] } },
{ "type": "Feature", "properties": { "objectid": 314558, "globalid": "{00000000-0000-0000-0000-000000000000}", "uniq_id": null, "state_code": "24", "district_c": "438", "tehsil_cod": "3782", "block_code": "4052", "village_co": "511638", "lgd_code": "511638", "built_up_a": 1, "village_na": "Lalpur", "area_desc": null, "name": "Lalpur", "owner_name": null, "property_i": null, "property_c": null, "area_sqm": 56.06876748, "roof_type": 4, "no_floors": 0, "remarks": null, "adl_info": null, "gp_code": "276150", "gp_name": "KUBADTHAL - LALPUR", "d_pan_code": 397, "d_pan_name": "Ahmedabad", "b_pan_code": 4414, "b_pan_name": "Daskroi", "sourceofda": null, "area_geo": 56.06876748, "st_area_sh": 66.520077465, "st_length_": 38.3166310569 }, "geometry": { "type": "MultiPolygon", "coordinates": [ [ [ [ 8099398.575800001621246, 2636868.148899998515844 ], [ 8099403.013999998569489, 2636869.174499999731779 ], [ 8099406.301600001752377, 2636854.946199998259544 ], [ 8099401.863299999386072, 2636853.920699998736382 ], [ 8099398.575800001621246, 2636868.148899998515844 ] ] ] ] } },
{ "type": "Feature", "properties": { "objectid": 314532, "globalid": "{00000000-0000-0000-0000-000000000000}", "uniq_id": null, "state_code": "24", "district_c": "438", "tehsil_cod": "3782", "block_code": "4052", "village_co": "511638", "lgd_code": "511638", "built_up_a": 1, "village_na": "Lalpur", "area_desc": null, "name": "Lalpur", "owner_name": null, "property_i": null, "property_c": null, "area_sqm": 157.85432035, "roof_type": 1, "no_floors": 0, "remarks": null, "adl_info": null, "gp_code": "276150", "gp_name": "KUBADTHAL - LALPUR", "d_pan_code": 397, "d_pan_name": "Ahmedabad", "b_pan_code": 4414, "b_pan_name": "Daskroi", "sourceofda": null, "area_geo": 157.85432035, "st_area_sh": 187.280116585, "st_length_": 74.447750910099998 }, "geometry": { "type": "MultiPolygon", "coordinates": [ [ [ [ 8099290.780299998819828, 2636931.397199999541044 ], [ 8099296.771800000220537, 2636931.759100001305342 ], [ 8099296.9835, 2636928.107799999415874 ], [ 8099300.2643, 2636928.319499999284744 ], [ 8099299.682199999690056, 2636937.368200000375509 ], [ 8099303.574700001627207, 2636940.851100001484156 ], [ 8099304.002999998629093, 2636940.872299998998642 ], [ 8099305.039299998432398, 2636919.940200001001358 ], [ 8099291.380899999290705, 2636919.26410000026226 ], [ 8099290.780299998819828, 2636931.397199999541044 ] ] ] ] } },
{ "type": "Feature", "properties": { "objectid": 314242, "globalid": "{00000000-0000-0000-0000-000000000000}", "uniq_id": null, "state_code": "24", "district_c": "439", "tehsil_cod": "3843", "block_code": "4060", "village_co": "515578", "lgd_code": "515578", "built_up_a": 1, "village_na": "Suragpur", "area_desc": null, "name": "Suragpur", "owner_name": null, "property_i": null, "property_c": null, "area_sqm": 26.35750321, "roof_type": 1, "no_floors": 0, "remarks": null, "adl_info": null, "gp_code": "155028", "gp_name": "SURAGPUR", "d_pan_code": 398, "d_pan_name": "Amreli", "b_pan_code": 4422, "b_pan_name": "Amreli", "sourceofda": null, "area_geo": 26.35750321, "st_area_sh": 30.680496705, "st_length_": 22.156448492700001 }, "geometry": { "type": "MultiPolygon", "coordinates": [ [ [ [ 7938417.842199999839067, 2475373.816300000995398 ], [ 7938415.738400001078844, 2475378.901799999177456 ], [ 7938420.889699999243021, 2475381.032900001853704 ], [ 7938422.993500001728535, 2475375.947299998253584 ], [ 7938417.842199999839067, 2475373.816300000995398 ] ] ] ] } },
{ "type": "Feature", "properties": { "objectid": 314365, "globalid": "{00000000-0000-0000-0000-000000000000}", "uniq_id": null, "state_code": "24", "district_c": "439", "tehsil_cod": "3843", "block_code": "4060", "village_co": "515578", "lgd_code": "515578", "built_up_a": 1, "village_na": "Suragpur", "area_desc": null, "name": "Suragpur", "owner_name": null, "property_i": null, "property_c": null, "area_sqm": 91.09116181, "roof_type": 4, "no_floors": 0, "remarks": null, "adl_info": null, "gp_code": "155028", "gp_name": "SURAGPUR", "d_pan_code": 398, "d_pan_name": "Amreli", "b_pan_code": 4422, "b_pan_name": "Amreli", "sourceofda": null, "area_geo": 91.09116181, "st_area_sh": 106.01410509500001, "st_length_": 49.4540557069 }, "geometry": { "type": "MultiPolygon", "coordinates": [ [ [ [ 7938235.710700001567602, 2473954.657699998468161 ], [ 7938230.921799998730421, 2473955.846400000154972 ], [ 7938232.356199998408556, 2473961.164299998432398 ], [ 7938250.970800001174212, 2473956.570500001311302 ], [ 7938249.595600001513958, 2473951.211500000208616 ], [ 7938235.710700001567602, 2473954.657699998468161 ] ] ] ] } },
{ "type": "Feature", "properties": { "objectid": 314324, "globalid": "{00000000-0000-0000-0000-000000000000}", "uniq_id": null, "state_code": "24", "district_c": "439", "tehsil_cod": "3843", "block_code": "4060", "village_co": "515578", "lgd_code": "515578", "built_up_a": 1, "village_na": "Suragpur", "area_desc": null, "name": "Suragpur", "owner_name": null, "property_i": null, "property_c": null, "area_sqm": 309.29425880999997, "roof_type": 1, "no_floors": 0, "remarks": null, "adl_info": null, "gp_code": "155028", "gp_name": "SURAGPUR", "d_pan_code": 398, "d_pan_name": "Amreli", "b_pan_code": 4422, "b_pan_name": "Amreli", "sourceofda": null, "area_geo": 309.29425880999997, "st_area_sh": 359.96684722499998, "st_length_": 109.662485386 }, "geometry": { "type": "MultiPolygon", "coordinates": [ [ [ [ 7938386.386100001633167, 2474029.143300000578165 ], [ 7938375.034299999475479, 2474029.942600000649691 ], [ 7938374.505100000649691, 2474008.82880000025034 ], [ 7938377.098000001162291, 2474008.77589999884367 ], [ 7938377.060199998319149, 2474002.307599999010563 ], [ 7938365.244699999690056, 2474005.75959999859333 ], [ 7938365.986900001764297, 2474035.833700001239777 ], [ 7938386.536100000143051, 2474034.23759999871254 ], [ 7938386.386100001633167, 2474029.143300000578165 ] ] ] ] } },
{ "type": "Feature", "properties": { "objectid": 314536, "globalid": "{00000000-0000-0000-0000-000000000000}", "uniq_id": null, "state_code": "24", "district_c": "438", "tehsil_cod": "3782", "block_code": "4052", "village_co": "511638", "lgd_code": "511638", "built_up_a": 1, "village_na": "Lalpur", "area_desc": null, "name": "Lalpur", "owner_name": null, "property_i": null, "property_c": null, "area_sqm": 29.09251729, "roof_type": 1, "no_floors": 0, "remarks": null, "adl_info": null, "gp_code": "276150", "gp_name": "KUBADTHAL - LALPUR", "d_pan_code": 397, "d_pan_name": "Ahmedabad", "b_pan_code": 4414, "b_pan_name": "Daskroi", "sourceofda": null, "area_geo": 29.09251729, "st_area_sh": 34.51583596, "st_length_": 24.910535407299999 }, "geometry": { "type": "MultiPolygon", "coordinates": [ [ [ [ 8099300.730200000107288, 2636962.389199998229742 ], [ 8099292.8893, 2636960.062100000679493 ], [ 8099291.969300001859665, 2636964.480599999427795 ], [ 8099300.1393, 2636966.210900001227856 ], [ 8099300.730200000107288, 2636962.389199998229742 ] ] ] ] } },
{ "type": "Feature", "properties": { "objectid": 314384, "globalid": "{00000000-0000-0000-0000-000000000000}", "uniq_id": null, "state_code": "24", "district_c": "439", "tehsil_cod": "3843", "block_code": "4060", "village_co": "515578", "lgd_code": "515578", "built_up_a": 1, "village_na": "Suragpur", "area_desc": null, "name": "Suragpur", "owner_name": null, "property_i": null, "property_c": null, "area_sqm": 186.55680644, "roof_type": 1, "no_floors": 0, "remarks": null, "adl_info": null, "gp_code": "155028", "gp_name": "SURAGPUR", "d_pan_code": 398, "d_pan_name": "Amreli", "b_pan_code": 4422, "b_pan_name": "Amreli", "sourceofda": null, "area_geo": 186.55680644, "st_area_sh": 217.11773275499999, "st_length_": 68.542676777400004 }, "geometry": { "type": "MultiPolygon", "coordinates": [ [ [ [ 7938292.309799998998642, 2473891.243299998342991 ], [ 7938289.846099998801947, 2473883.836899999529123 ], [ 7938265.594700001180172, 2473891.805300001055002 ], [ 7938268.131999999284744, 2473899.131000000983477 ], [ 7938271.773800000548363, 2473897.868200000375509 ], [ 7938272.144200000911951, 2473898.926600001752377 ], [ 7938289.924199998378754, 2473893.052799999713898 ], [ 7938289.659600000828505, 2473892.126800000667572 ], [ 7938292.309799998998642, 2473891.243299998342991 ] ] ] ] } },
{ "type": "Feature", "properties": { "objectid": 314456, "globalid": "{00000000-0000-0000-0000-000000000000}", "uniq_id": null, "state_code": "24", "district_c": "439", "tehsil_cod": "3843", "block_code": "4060", "village_co": "515578", "lgd_code": "515578", "built_up_a": 1, "village_na": "Suragpur", "area_desc": null, "name": "Suragpur", "owner_name": null, "property_i": null, "property_c": null, "area_sqm": 28.49640673, "roof_type": 4, "no_floors": 0, "remarks": null, "adl_info": null, "gp_code": "155028", "gp_name": "SURAGPUR", "d_pan_code": 398, "d_pan_name": "Amreli", "b_pan_code": 4422, "b_pan_name": "Amreli", "sourceofda": null, "area_geo": 28.49640673, "st_area_sh": 33.16436494, "st_length_": 24.8027721367 }, "geometry": { "type": "MultiPolygon", "coordinates": [ [ [ [ 7938456.741500001400709, 2473834.458999998867512 ], [ 7938453.072599999606609, 2473835.796599999070168 ], [ 7938455.745299998670816, 2473843.8614999987185 ], [ 7938459.414200000464916, 2473842.524000000208616 ], [ 7938456.741500001400709, 2473834.458999998867512 ] ] ] ] } },
{ "type": "Feature", "properties": { "objectid": 314375, "globalid": "{00000000-0000-0000-0000-000000000000}", "uniq_id": null, "state_code": "24", "district_c": "439", "tehsil_cod": "3843", "block_code": "4060", "village_co": "515578", "lgd_code": "515578", "built_up_a": 1, "village_na": "Suragpur", "area_desc": null, "name": "Suragpur", "owner_name": null, "property_i": null, "property_c": null, "area_sqm": 87.93976531, "roof_type": 4, "no_floors": 0, "remarks": null, "adl_info": null, "gp_code": "155028", "gp_name": "SURAGPUR", "d_pan_code": 398, "d_pan_name": "Amreli", "b_pan_code": 4422, "b_pan_name": "Amreli", "sourceofda": null, "area_geo": 87.93976531, "st_area_sh": 102.34577131, "st_length_": 40.883514109399997 }, "geometry": { "type": "MultiPolygon", "coordinates": [ [ [ [ 7938251.504700001329184, 2473897.417899999767542 ], [ 7938254.303599998354912, 2473905.675500001758337 ], [ 7938265.381700001657009, 2473902.302099999040365 ], [ 7938262.722699999809265, 2473893.888300001621246 ], [ 7938251.504700001329184, 2473897.417899999767542 ] ] ] ] } },
{ "type": "Feature", "properties": { "objectid": 314754, "globalid": "{00000000-0000-0000-0000-000000000000}", "uniq_id": null, "state_code": "24", "district_c": "438", "tehsil_cod": "3782", "block_code": "4052", "village_co": "511638", "lgd_code": "511638", "built_up_a": 1, "village_na": "Lalpur", "area_desc": null, "name": "Lalpur", "owner_name": null, "property_i": null, "property_c": null, "area_sqm": 2.72256845, "roof_type": 4, "no_floors": 0, "remarks": null, "adl_info": null, "gp_code": "276150", "gp_name": "KUBADTHAL - LALPUR", "d_pan_code": 397, "d_pan_name": "Ahmedabad", "b_pan_code": 4414, "b_pan_name": "Daskroi", "sourceofda": null, "area_geo": 2.72256845, "st_area_sh": 3.230087385, "st_length_": 7.38524393409 }, "geometry": { "type": "MultiPolygon", "coordinates": [ [ [ [ 8099279.4037000015378, 2636933.3607 ], [ 8099280.822999998927116, 2636933.469799999147654 ], [ 8099280.997000001370907, 2636931.207400001585484 ], [ 8099279.5777000002563, 2636931.098200000822544 ], [ 8099279.4037000015378, 2636933.3607 ] ] ] ] } },
{ "type": "Feature", "properties": { "objectid": 314788, "globalid": "{00000000-0000-0000-0000-000000000000}", "uniq_id": null, "state_code": "24", "district_c": "438", "tehsil_cod": "3782", "block_code": "4052", "village_co": "511638", "lgd_code": "511638", "built_up_a": 1, "village_na": "Lalpur", "area_desc": null, "name": "Lalpur", "owner_name": null, "property_i": null, "property_c": null, "area_sqm": 10.75569857, "roof_type": 4, "no_floors": 0, "remarks": null, "adl_info": null, "gp_code": "276150", "gp_name": "KUBADTHAL - LALPUR", "d_pan_code": 397, "d_pan_name": "Ahmedabad", "b_pan_code": 4414, "b_pan_name": "Daskroi", "sourceofda": null, "area_geo": 10.75569857, "st_area_sh": 12.760740415000001, "st_length_": 17.260054407799998 }, "geometry": { "type": "MultiPolygon", "coordinates": [ [ [ [ 8099096.736699998378754, 2636968.754200000315905 ], [ 8099096.846999999135733, 2636967.651299998164177 ], [ 8099098.659800000488758, 2636967.832600001245737 ], [ 8099098.977299999445677, 2636964.657600000500679 ], [ 8099095.857299998402596, 2636964.345600001513958 ], [ 8099094.668000001460314, 2636964.226700000464916 ], [ 8099094.559799998998642, 2636965.308600001037121 ], [ 8099095.749099999666214, 2636965.427499998360872 ], [ 8099095.539799999445677, 2636967.520599998533726 ], [ 8099095.429499998688698, 2636968.623500000685453 ], [ 8099096.736699998378754, 2636968.754200000315905 ] ] ] ] } },
{ "type": "Feature", "properties": { "objectid": 314337, "globalid": "{00000000-0000-0000-0000-000000000000}", "uniq_id": null, "state_code": "24", "district_c": "439", "tehsil_cod": "3843", "block_code": "4060", "village_co": "515578", "lgd_code": "515578", "built_up_a": 1, "village_na": "Suragpur", "area_desc": null, "name": "Suragpur", "owner_name": null, "property_i": null, "property_c": null, "area_sqm": 15.52497574, "roof_type": 4, "no_floors": 0, "remarks": null, "adl_info": null, "gp_code": "155028", "gp_name": "SURAGPUR", "d_pan_code": 398, "d_pan_name": "Amreli", "b_pan_code": 4422, "b_pan_name": "Amreli", "sourceofda": null, "area_geo": 15.52497574, "st_area_sh": 18.068417985, "st_length_": 17.013558308899999 }, "geometry": { "type": "MultiPolygon", "coordinates": [ [ [ [ 7938370.908100001513958, 2473989.805399999022484 ], [ 7938366.785999998450279, 2473990.368900001049042 ], [ 7938367.416999999433756, 2473994.593899998813868 ], [ 7938371.536499999463558, 2473994.204100001603365 ], [ 7938370.908100001513958, 2473989.805399999022484 ] ] ] ] } },
{ "type": "Feature", "properties": { "objectid": 314449, "globalid": "{00000000-0000-0000-0000-000000000000}", "uniq_id": null, "state_code": "24", "district_c": "439", "tehsil_cod": "3843", "block_code": "4060", "village_co": "515578", "lgd_code": "515578", "built_up_a": 1, "village_na": "Suragpur", "area_desc": null, "name": "Suragpur", "owner_name": null, "property_i": null, "property_c": null, "area_sqm": 10.4932168, "roof_type": 1, "no_floors": 0, "remarks": null, "adl_info": null, "gp_code": "155028", "gp_name": "SURAGPUR", "d_pan_code": 398, "d_pan_name": "Amreli", "b_pan_code": 4422, "b_pan_name": "Amreli", "sourceofda": null, "area_geo": 10.4932168, "st_area_sh": 12.21205759, "st_length_": 14.1857358685 }, "geometry": { "type": "MultiPolygon", "coordinates": [ [ [ [ 7938448.028400000184774, 2473809.230200000107288 ], [ 7938444.04450000077486, 2473810.562399998307228 ], [ 7938445.086199998855591, 2473813.339499998837709 ], [ 7938448.957100000232458, 2473812.002399999648333 ], [ 7938448.028400000184774, 2473809.230200000107288 ] ] ] ] } },
{ "type": "Feature", "properties": { "objectid": 314695, "globalid": "{00000000-0000-0000-0000-000000000000}", "uniq_id": null, "state_code": "24", "district_c": "438", "tehsil_cod": "3782", "block_code": "4052", "village_co": "511638", "lgd_code": "511638", "built_up_a": 1, "village_na": "Lalpur", "area_desc": null, "name": "Lalpur", "owner_name": null, "property_i": null, "property_c": null, "area_sqm": 35.37278865, "roof_type": 1, "no_floors": 0, "remarks": null, "adl_info": null, "gp_code": "276150", "gp_name": "KUBADTHAL - LALPUR", "d_pan_code": 397, "d_pan_name": "Ahmedabad", "b_pan_code": 4414, "b_pan_name": "Daskroi", "sourceofda": null, "area_geo": 35.37278865, "st_area_sh": 41.9669488, "st_length_": 26.6797538346 }, "geometry": { "type": "MultiPolygon", "coordinates": [ [ [ [ 8099393.356300000101328, 2636984.667500000447035 ], [ 8099401.6118, 2636984.860100001096725 ], [ 8099401.73030000180006, 2636979.77930000051856 ], [ 8099393.474800001829863, 2636979.586800001561642 ], [ 8099393.356300000101328, 2636984.667500000447035 ] ] ] ] } },
{ "type": "Feature", "properties": { "objectid": 314647, "globalid": "{00000000-0000-0000-0000-000000000000}", "uniq_id": null, "state_code": "24", "district_c": "438", "tehsil_cod": "3782", "block_code": "4052", "village_co": "511638", "lgd_code": "511638", "built_up_a": 1, "village_na": "Lalpur", "area_desc": null, "name": "Lalpur", "owner_name": null, "property_i": null, "property_c": null, "area_sqm": 54.78838109, "roof_type": 1, "no_floors": 0, "remarks": null, "adl_info": null, "gp_code": "276150", "gp_name": "KUBADTHAL - LALPUR", "d_pan_code": 397, "d_pan_name": "Ahmedabad", "b_pan_code": 4414, "b_pan_name": "Daskroi", "sourceofda": null, "area_geo": 54.78838109, "st_area_sh": 65.002048665000004, "st_length_": 32.371759730400001 }, "geometry": { "type": "MultiPolygon", "coordinates": [ [ [ [ 8099317.4983000010252, 2636996.52309999987483 ], [ 8099320.525800000876188, 2636989.781300000846386 ], [ 8099312.502099998295307, 2636986.178199999034405 ], [ 8099309.474700000137091, 2636992.920000001788139 ], [ 8099317.4983000010252, 2636996.52309999987483 ] ] ] ] } },
{ "type": "Feature", "properties": { "objectid": 314474, "globalid": "{00000000-0000-0000-0000-000000000000}", "uniq_id": null, "state_code": "24", "district_c": "438", "tehsil_cod": "3782", "block_code": "4052", "village_co": "511638", "lgd_code": "511638", "built_up_a": 2, "village_na": "Lalpur", "area_desc": null, "name": "Lalpur", "owner_name": null, "property_i": null, "property_c": null, "area_sqm": 212.63374356, "roof_type": 1, "no_floors": 0, "remarks": null, "adl_info": null, "gp_code": "276150", "gp_name": "KUBADTHAL - LALPUR", "d_pan_code": 397, "d_pan_name": "Ahmedabad", "b_pan_code": 4414, "b_pan_name": "Daskroi", "sourceofda": null, "area_geo": 212.63374356, "st_area_sh": 252.26732289, "st_length_": 66.860495441400005 }, "geometry": { "type": "MultiPolygon", "coordinates": [ [ [ [ 8099130.386700000613928, 2636809.061999998986721 ], [ 8099151.6897, 2636814.241399999707937 ], [ 8099154.408100001513958, 2636803.060400001704693 ], [ 8099133.105099998414516, 2636797.881099998950958 ], [ 8099130.386700000613928, 2636809.061999998986721 ] ] ] ] } },
{ "type": "Feature", "properties": { "objectid": 314351, "globalid": "{00000000-0000-0000-0000-000000000000}", "uniq_id": null, "state_code": "24", "district_c": "439", "tehsil_cod": "3843", "block_code": "4060", "village_co": "515578", "lgd_code": "515578", "built_up_a": 1, "village_na": "Suragpur", "area_desc": null, "name": "Suragpur", "owner_name": null, "property_i": null, "property_c": null, "area_sqm": 205.86847056, "roof_type": 4, "no_floors": 0, "remarks": null, "adl_info": null, "gp_code": "155028", "gp_name": "SURAGPUR", "d_pan_code": 398, "d_pan_name": "Amreli", "b_pan_code": 4422, "b_pan_name": "Amreli", "sourceofda": null, "area_geo": 205.86847056, "st_area_sh": 239.59549256, "st_length_": 73.190745603799996 }, "geometry": { "type": "MultiPolygon", "coordinates": [ [ [ [ 7938326.203899998217821, 2473996.592199999839067 ], [ 7938323.297200001776218, 2473976.785399999469519 ], [ 7938322.434000000357628, 2473977.006799999624491 ], [ 7938321.281199999153614, 2473969.151399999856949 ], [ 7938313.4551, 2473971.1587999984622 ], [ 7938317.424199998378754, 2473998.204300001263618 ], [ 7938326.203899998217821, 2473996.592199999839067 ] ] ] ] } },
{ "type": "Feature", "properties": { "objectid": 314395, "globalid": "{00000000-0000-0000-0000-000000000000}", "uniq_id": null, "state_code": "24", "district_c": "439", "tehsil_cod": "3843", "block_code": "4060", "village_co": "515578", "lgd_code": "515578", "built_up_a": 1, "village_na": "Suragpur", "area_desc": null, "name": "Suragpur", "owner_name": null, "property_i": null, "property_c": null, "area_sqm": 145.95822751, "roof_type": 1, "no_floors": 0, "remarks": null, "adl_info": null, "gp_code": "155028", "gp_name": "SURAGPUR", "d_pan_code": 398, "d_pan_name": "Amreli", "b_pan_code": 4422, "b_pan_name": "Amreli", "sourceofda": null, "area_geo": 145.95822751, "st_area_sh": 169.86918068, "st_length_": 56.305030668000001 }, "geometry": { "type": "MultiPolygon", "coordinates": [ [ [ [ 7938378.896000001579523, 2473917.607999999076128 ], [ 7938370.226700000464916, 2473919.863499999046326 ], [ 7938375.899599999189377, 2473939.641399998217821 ], [ 7938383.701099999248981, 2473934.164500001817942 ], [ 7938378.896000001579523, 2473917.607999999076128 ] ] ] ] } },
{ "type": "Feature", "properties": { "objectid": 314288, "globalid": "{00000000-0000-0000-0000-000000000000}", "uniq_id": null, "state_code": "24", "district_c": "439", "tehsil_cod": "3843", "block_code": "4060", "village_co": "515578", "lgd_code": "515578", "built_up_a": 1, "village_na": "Suragpur", "area_desc": null, "name": "Suragpur", "owner_name": null, "property_i": null, "property_c": null, "area_sqm": 46.0013443, "roof_type": 4, "no_floors": 0, "remarks": null, "adl_info": null, "gp_code": "155028", "gp_name": "SURAGPUR", "d_pan_code": 398, "d_pan_name": "Amreli", "b_pan_code": 4422, "b_pan_name": "Amreli", "sourceofda": null, "area_geo": 46.0013443, "st_area_sh": 53.5377117, "st_length_": 30.014451404199999 }, "geometry": { "type": "MultiPolygon", "coordinates": [ [ [ [ 7938129.806600000709295, 2473995.31980000063777 ], [ 7938128.072700001299381, 2473989.734099999070168 ], [ 7938119.488400001078844, 2473992.398800000548363 ], [ 7938120.905999999493361, 2473998.082600001245737 ], [ 7938129.806600000709295, 2473995.31980000063777 ] ] ] ] } },
{ "type": "Feature", "properties": { "objectid": 314316, "globalid": "{00000000-0000-0000-0000-000000000000}", "uniq_id": null, "state_code": "24", "district_c": "439", "tehsil_cod": "3843", "block_code": "4060", "village_co": "515578", "lgd_code": "515578", "built_up_a": 1, "village_na": "Suragpur", "area_desc": null, "name": "Suragpur", "owner_name": null, "property_i": null, "property_c": null, "area_sqm": 84.65357104, "roof_type": 1, "no_floors": 0, "remarks": null, "adl_info": null, "gp_code": "155028", "gp_name": "SURAGPUR", "d_pan_code": 398, "d_pan_name": "Amreli", "b_pan_code": 4422, "b_pan_name": "Amreli", "sourceofda": null, "area_geo": 84.65357104, "st_area_sh": 98.521378755000001, "st_length_": 43.365386920500001 }, "geometry": { "type": "MultiPolygon", "coordinates": [ [ [ [ 7938414.346099998801947, 2473907.134799998253584 ], [ 7938404.495000001043081, 2473906.372099999338388 ], [ 7938403.583999998867512, 2473918.138999998569489 ], [ 7938408.076299998909235, 2473918.4868 ], [ 7938408.336100000888109, 2473915.131099998950958 ], [ 7938413.694899998605251, 2473915.546 ], [ 7938414.346099998801947, 2473907.134799998253584 ] ] ] ] } },
{ "type": "Feature", "properties": { "objectid": 314605, "globalid": "{00000000-0000-0000-0000-000000000000}", "uniq_id": null, "state_code": "24", "district_c": "438", "tehsil_cod": "3782", "block_code": "4052", "village_co": "511638", "lgd_code": "511638", "built_up_a": 1, "village_na": "Lalpur", "area_desc": null, "name": "Lalpur", "owner_name": null, "property_i": null, "property_c": null, "area_sqm": 2.89215429, "roof_type": 1, "no_floors": 0, "remarks": null, "adl_info": null, "gp_code": "276150", "gp_name": "KUBADTHAL - LALPUR", "d_pan_code": 397, "d_pan_name": "Ahmedabad", "b_pan_code": 4414, "b_pan_name": "Daskroi", "sourceofda": null, "area_geo": 2.89215429, "st_area_sh": 3.43128039, "st_length_": 7.9011102915800002 }, "geometry": { "type": "MultiPolygon", "coordinates": [ [ [ [ 8099405.421900000423193, 2636919.350499998778105 ], [ 8099405.500599998980761, 2636919.352200001478195 ], [ 8099408.081599999219179, 2636919.408300001174212 ], [ 8099408.081000000238419, 2636918.049499999731779 ], [ 8099405.421900000423193, 2636918.128800000995398 ], [ 8099405.421900000423193, 2636919.350499998778105 ] ] ] ] } },
{ "type": "Feature", "properties": { "objectid": 314248, "globalid": "{00000000-0000-0000-0000-000000000000}", "uniq_id": null, "state_code": "24", "district_c": "439", "tehsil_cod": "3843", "block_code": "4060", "village_co": "515578", "lgd_code": "515578", "built_up_a": 1, "village_na": "Suragpur", "area_desc": null, "name": "Suragpur", "owner_name": null, "property_i": null, "property_c": null, "area_sqm": 3.79922721, "roof_type": 1, "no_floors": 0, "remarks": null, "adl_info": null, "gp_code": "155028", "gp_name": "SURAGPUR", "d_pan_code": 398, "d_pan_name": "Amreli", "b_pan_code": 4422, "b_pan_name": "Amreli", "sourceofda": null, "area_geo": 3.79922721, "st_area_sh": 4.42228957, "st_length_": 9.9068323340699997 }, "geometry": { "type": "MultiPolygon", "coordinates": [ [ [ [ 7938529.680500000715256, 2475254.2018 ], [ 7938530.742800001055002, 2475254.150800000876188 ], [ 7938530.684599999338388, 2475252.9408 ], [ 7938532.096099998801947, 2475252.872900001704693 ], [ 7938532.035300001502037, 2475251.608899999409914 ], [ 7938529.561599999666214, 2475251.727899998426437 ], [ 7938529.680500000715256, 2475254.2018 ] ] ] ] } },
{ "type": "Feature", "properties": { "objectid": 314433, "globalid": "{00000000-0000-0000-0000-000000000000}", "uniq_id": null, "state_code": "24", "district_c": "439", "tehsil_cod": "3843", "block_code": "4060", "village_co": "515578", "lgd_code": "515578", "built_up_a": 1, "village_na": "Suragpur", "area_desc": null, "name": "Suragpur", "owner_name": null, "property_i": null, "property_c": null, "area_sqm": 49.02429805, "roof_type": 1, "no_floors": 0, "remarks": null, "adl_info": null, "gp_code": "155028", "gp_name": "SURAGPUR", "d_pan_code": 398, "d_pan_name": "Amreli", "b_pan_code": 4422, "b_pan_name": "Amreli", "sourceofda": null, "area_geo": 49.02429805, "st_area_sh": 57.055464225000001, "st_length_": 33.486867611800001 }, "geometry": { "type": "MultiPolygon", "coordinates": [ [ [ [ 7938358.637899998575449, 2473928.634399998933077 ], [ 7938368.735800001770258, 2473925.88459999859333 ], [ 7938367.353399999439716, 2473921.163499999791384 ], [ 7938355.837999999523163, 2473924.615699999034405 ], [ 7938357.248799998313189, 2473929.031300000846386 ], [ 7938358.637899998575449, 2473928.634399998933077 ] ] ] ] } },
{ "type": "Feature", "properties": { "objectid": 314382, "globalid": "{00000000-0000-0000-0000-000000000000}", "uniq_id": null, "state_code": "24", "district_c": "439", "tehsil_cod": "3843", "block_code": "4060", "village_co": "515578", "lgd_code": "515578", "built_up_a": 1, "village_na": "Suragpur", "area_desc": null, "name": "Suragpur", "owner_name": null, "property_i": null, "property_c": null, "area_sqm": 84.1652391, "roof_type": 1, "no_floors": 0, "remarks": null, "adl_info": null, "gp_code": "155028", "gp_name": "SURAGPUR", "d_pan_code": 398, "d_pan_name": "Amreli", "b_pan_code": 4422, "b_pan_name": "Amreli", "sourceofda": null, "area_geo": 84.1652391, "st_area_sh": 97.953065734999996, "st_length_": 45.348616294800003 }, "geometry": { "type": "MultiPolygon", "coordinates": [ [ [ [ 7938284.135899998247623, 2473914.52419999986887 ], [ 7938281.566100001335144, 2473906.68470000103116 ], [ 7938271.763799998909235, 2473909.958599999547005 ], [ 7938275.644299998879433, 2473921.676899999380112 ], [ 7938278.656300000846386, 2473920.672899998724461 ], [ 7938277.432599999010563, 2473916.638000000268221 ], [ 7938284.135899998247623, 2473914.52419999986887 ] ] ] ] } },
{ "type": "Feature", "properties": { "objectid": 314780, "globalid": "{00000000-0000-0000-0000-000000000000}", "uniq_id": null, "state_code": "24", "district_c": "438", "tehsil_cod": "3782", "block_code": "4052", "village_co": "511638", "lgd_code": "511638", "built_up_a": 1, "village_na": "Lalpur", "area_desc": null, "name": "Lalpur", "owner_name": null, "property_i": null, "property_c": null, "area_sqm": 16.70691416, "roof_type": 4, "no_floors": 0, "remarks": null, "adl_info": null, "gp_code": "276150", "gp_name": "KUBADTHAL - LALPUR", "d_pan_code": 397, "d_pan_name": "Ahmedabad", "b_pan_code": 4414, "b_pan_name": "Daskroi", "sourceofda": null, "area_geo": 16.70691416, "st_area_sh": 19.821835235000002, "st_length_": 18.2027053017 }, "geometry": { "type": "MultiPolygon", "coordinates": [ [ [ [ 8099316.476199999451637, 2637161.051699999719858 ], [ 8099311.733800001442432, 2637160.689599998295307 ], [ 8099311.449000000953674, 2637164.420800000429153 ], [ 8099312.845300000160933, 2637164.527399998158216 ], [ 8099312.799400001764297, 2637165.128800000995398 ], [ 8099316.145500000566244, 2637165.384199999272823 ], [ 8099316.476199999451637, 2637161.051699999719858 ] ] ] ] } },
{ "type": "Feature", "properties": { "objectid": 314520, "globalid": "{00000000-0000-0000-0000-000000000000}", "uniq_id": null, "state_code": "24", "district_c": "438", "tehsil_cod": "3782", "block_code": "4052", "village_co": "511638", "lgd_code": "511638", "built_up_a": 1, "village_na": "Lalpur", "area_desc": null, "name": "Lalpur", "owner_name": null, "property_i": null, "property_c": null, "area_sqm": 51.63153281, "roof_type": 1, "no_floors": 0, "remarks": null, "adl_info": null, "gp_code": "276150", "gp_name": "KUBADTHAL - LALPUR", "d_pan_code": 397, "d_pan_name": "Ahmedabad", "b_pan_code": 4414, "b_pan_name": "Daskroi", "sourceofda": null, "area_geo": 51.63153281, "st_area_sh": 61.25584448, "st_length_": 35.540950767299996 }, "geometry": { "type": "MultiPolygon", "coordinates": [ [ [ [ 8099317.449000000953674, 2636882.682599999010563 ], [ 8099316.708200000226498, 2636869.612199999392033 ], [ 8099312.03660000115633, 2636869.877000000327826 ], [ 8099312.777399998158216, 2636882.9474 ], [ 8099317.449000000953674, 2636882.682599999010563 ] ] ] ] } },
{ "type": "Feature", "properties": { "objectid": 314654, "globalid": "{00000000-0000-0000-0000-000000000000}", "uniq_id": null, "state_code": "24", "district_c": "438", "tehsil_cod": "3782", "block_code": "4052", "village_co": "511638", "lgd_code": "511638", "built_up_a": 1, "village_na": "Lalpur", "area_desc": null, "name": "Lalpur", "owner_name": null, "property_i": null, "property_c": null, "area_sqm": 13.41995119, "roof_type": 4, "no_floors": 0, "remarks": null, "adl_info": null, "gp_code": "276150", "gp_name": "KUBADTHAL - LALPUR", "d_pan_code": 397, "d_pan_name": "Ahmedabad", "b_pan_code": 4414, "b_pan_name": "Daskroi", "sourceofda": null, "area_geo": 13.41995119, "st_area_sh": 15.92167365, "st_length_": 16.299187817699998 }, "geometry": { "type": "MultiPolygon", "coordinates": [ [ [ [ 8099323.098600000143051, 2636974.971900001168251 ], [ 8099320.311299998313189, 2636973.321100000292063 ], [ 8099317.813900001347065, 2636977.537799999117851 ], [ 8099320.6173, 2636979.198100000619888 ], [ 8099323.098600000143051, 2636974.971900001168251 ] ] ] ] } },
{ "type": "Feature", "properties": { "objectid": 314636, "globalid": "{00000000-0000-0000-0000-000000000000}", "uniq_id": null, "state_code": "24", "district_c": "438", "tehsil_cod": "3782", "block_code": "4052", "village_co": "511638", "lgd_code": "511638", "built_up_a": 1, "village_na": "Lalpur", "area_desc": null, "name": "Lalpur", "owner_name": null, "property_i": null, "property_c": null, "area_sqm": 59.27151762, "roof_type": 4, "no_floors": 0, "remarks": null, "adl_info": null, "gp_code": "276150", "gp_name": "KUBADTHAL - LALPUR", "d_pan_code": 397, "d_pan_name": "Ahmedabad", "b_pan_code": 4414, "b_pan_name": "Daskroi", "sourceofda": null, "area_geo": 59.27151762, "st_area_sh": 70.320606065000007, "st_length_": 37.099716645500003 }, "geometry": { "type": "MultiPolygon", "coordinates": [ [ [ [ 8099393.407200001180172, 2636951.022300001233816 ], [ 8099380.227400001138449, 2636949.736099999397993 ], [ 8099379.590300001204014, 2636954.830600000917912 ], [ 8099392.717599999159575, 2636956.47239999845624 ], [ 8099393.407200001180172, 2636951.022300001233816 ] ] ] ] } },
{ "type": "Feature", "properties": { "objectid": 314749, "globalid": "{00000000-0000-0000-0000-000000000000}", "uniq_id": null, "state_code": "24", "district_c": "438", "tehsil_cod": "3782", "block_code": "4052", "village_co": "511638", "lgd_code": "511638", "built_up_a": 3, "village_na": "Lalpur", "area_desc": null, "name": "Lalpur", "owner_name": null, "property_i": null, "property_c": null, "area_sqm": 86.47602191, "roof_type": 1, "no_floors": 0, "remarks": null, "adl_info": null, "gp_code": "276150", "gp_name": "KUBADTHAL - LALPUR", "d_pan_code": 397, "d_pan_name": "Ahmedabad", "b_pan_code": 4414, "b_pan_name": "Daskroi", "sourceofda": null, "area_geo": 86.47602191, "st_area_sh": 102.5968518, "st_length_": 50.869178851400001 }, "geometry": { "type": "MultiPolygon", "coordinates": [ [ [ [ 8099274.261799998581409, 2636993.106600001454353 ], [ 8099274.811599999666214, 2636991.176199998706579 ], [ 8099276.850299999117851, 2636991.725000001490116 ], [ 8099277.323699999600649, 2636989.966400001198053 ], [ 8099279.588700000196695, 2636990.532400000840425 ], [ 8099280.69200000166893, 2636986.117199998348951 ], [ 8099278.507100000977516, 2636985.571199998259544 ], [ 8099278.994300000369549, 2636983.761300001293421 ], [ 8099277.070900000631809, 2636983.243500001728535 ], [ 8099277.604299999773502, 2636981.3706 ], [ 8099274.184399999678135, 2636980.396499998867512 ], [ 8099273.636900000274181, 2636982.318900000303984 ], [ 8099271.599199999123812, 2636981.770300000905991 ], [ 8099271.075899999588728, 2636983.714200001209974 ], [ 8099267.851799998432398, 2636982.908500000834465 ], [ 8099266.748500000685453, 2636987.323699999600649 ], [ 8099269.8926, 2636988.109400000423193 ], [ 8099269.455200001597404, 2636989.734000001102686 ], [ 8099271.377599999308586, 2636990.251600001007318 ], [ 8099270.84180000051856, 2636992.132599998265505 ], [ 8099274.261799998581409, 2636993.106600001454353 ] ] ] ] } },
{ "type": "Feature", "properties": { "objectid": 314548, "globalid": "{00000000-0000-0000-0000-000000000000}", "uniq_id": null, "state_code": "24", "district_c": "438", "tehsil_cod": "3782", "block_code": "4052", "village_co": "511638", "lgd_code": "511638", "built_up_a": 1, "village_na": "Lalpur", "area_desc": null, "name": "Lalpur", "owner_name": null, "property_i": null, "property_c": null, "area_sqm": 3.91413733, "roof_type": 1, "no_floors": 0, "remarks": null, "adl_info": null, "gp_code": "276150", "gp_name": "KUBADTHAL - LALPUR", "d_pan_code": 397, "d_pan_name": "Ahmedabad", "b_pan_code": 4414, "b_pan_name": "Daskroi", "sourceofda": null, "area_geo": 3.91413733, "st_area_sh": 4.64378448, "st_length_": 8.8810666422800004 }, "geometry": { "type": "MultiPolygon", "coordinates": [ [ [ [ 8099315.901799999177456, 2636941.461399998515844 ], [ 8099315.818399999290705, 2636943.144999999552965 ], [ 8099318.569899998605251, 2636943.281199999153614 ], [ 8099318.653299998492002, 2636941.597600001841784 ], [ 8099315.901799999177456, 2636941.461399998515844 ] ] ] ] } },
{ "type": "Feature", "properties": { "objectid": 314506, "globalid": "{00000000-0000-0000-0000-000000000000}", "uniq_id": null, "state_code": "24", "district_c": "438", "tehsil_cod": "3782", "block_code": "4052", "village_co": "511638", "lgd_code": "511638", "built_up_a": 2, "village_na": "Lalpur", "area_desc": null, "name": "Lalpur", "owner_name": null, "property_i": null, "property_c": null, "area_sqm": 8.32360557, "roof_type": 4, "no_floors": 0, "remarks": null, "adl_info": null, "gp_code": "276150", "gp_name": "KUBADTHAL - LALPUR", "d_pan_code": 397, "d_pan_name": "Ahmedabad", "b_pan_code": 4414, "b_pan_name": "Daskroi", "sourceofda": null, "area_geo": 8.32360557, "st_area_sh": 9.87513892, "st_length_": 17.799893161499998 }, "geometry": { "type": "MultiPolygon", "coordinates": [ [ [ [ 8099168.206900000572205, 2636860.995799999684095 ], [ 8099175.588700000196695, 2636862.8147 ], [ 8099175.898699998855591, 2636861.58559999987483 ], [ 8099168.535999998450279, 2636859.706199999898672 ], [ 8099168.206900000572205, 2636860.995799999684095 ] ] ] ] } },
{ "type": "Feature", "properties": { "objectid": 314639, "globalid": "{00000000-0000-0000-0000-000000000000}", "uniq_id": null, "state_code": "24", "district_c": "438", "tehsil_cod": "3782", "block_code": "4052", "village_co": "511638", "lgd_code": "511638", "built_up_a": 1, "village_na": "Lalpur", "area_desc": null, "name": "Lalpur", "owner_name": null, "property_i": null, "property_c": null, "area_sqm": 42.02606261, "roof_type": 4, "no_floors": 0, "remarks": null, "adl_info": null, "gp_code": "276150", "gp_name": "KUBADTHAL - LALPUR", "d_pan_code": 397, "d_pan_name": "Ahmedabad", "b_pan_code": 4414, "b_pan_name": "Daskroi", "sourceofda": null, "area_geo": 42.02606261, "st_area_sh": 49.860361804999997, "st_length_": 30.7265268126 }, "geometry": { "type": "MultiPolygon", "coordinates": [ [ [ [ 8099407.5493, 2636951.675500001758337 ], [ 8099402.380300000309944, 2636951.021499998867512 ], [ 8099401.385800000280142, 2636958.881700001657009 ], [ 8099402.737799998372793, 2636959.052799999713898 ], [ 8099402.457899998873472, 2636961.265299998223782 ], [ 8099406.274900000542402, 2636961.7483000010252 ], [ 8099406.5548, 2636959.535700000822544 ], [ 8099407.5493, 2636951.675500001758337 ] ] ] ] } },
{ "type": "Feature", "properties": { "objectid": 314453, "globalid": "{00000000-0000-0000-0000-000000000000}", "uniq_id": null, "state_code": "24", "district_c": "439", "tehsil_cod": "3843", "block_code": "4060", "village_co": "515578", "lgd_code": "515578", "built_up_a": 1, "village_na": "Suragpur", "area_desc": null, "name": "Suragpur", "owner_name": null, "property_i": null, "property_c": null, "area_sqm": 21.18021431, "roof_type": 1, "no_floors": 0, "remarks": null, "adl_info": null, "gp_code": "155028", "gp_name": "SURAGPUR", "d_pan_code": 398, "d_pan_name": "Amreli", "b_pan_code": 4422, "b_pan_name": "Amreli", "sourceofda": null, "area_geo": 21.18021431, "st_area_sh": 24.649751675000001, "st_length_": 20.605858870799999 }, "geometry": { "type": "MultiPolygon", "coordinates": [ [ [ [ 7938462.916200000792742, 2473853.091600000858307 ], [ 7938461.289599999785423, 2473848.1831 ], [ 7938457.255699999630451, 2473849.653599999845028 ], [ 7938457.900800000876188, 2473851.60020000115037 ], [ 7938457.039700001478195, 2473851.914099998772144 ], [ 7938457.972800001502037, 2473854.729800000786781 ], [ 7938462.916200000792742, 2473853.091600000858307 ] ] ] ] } },
{ "type": "Feature", "properties": { "objectid": 314642, "globalid": "{00000000-0000-0000-0000-000000000000}", "uniq_id": null, "state_code": "24", "district_c": "438", "tehsil_cod": "3782", "block_code": "4052", "village_co": "511638", "lgd_code": "511638", "built_up_a": 1, "village_na": "Lalpur", "area_desc": null, "name": "Lalpur", "owner_name": null, "property_i": null, "property_c": null, "area_sqm": 19.70149043, "roof_type": 4, "no_floors": 0, "remarks": null, "adl_info": null, "gp_code": "276150", "gp_name": "KUBADTHAL - LALPUR", "d_pan_code": 397, "d_pan_name": "Ahmedabad", "b_pan_code": 4414, "b_pan_name": "Daskroi", "sourceofda": null, "area_geo": 19.70149043, "st_area_sh": 23.3741274, "st_length_": 19.555262826300002 }, "geometry": { "type": "MultiPolygon", "coordinates": [ [ [ [ 8099392.798900000751019, 2636950.962900001555681 ], [ 8099393.203299999237061, 2636946.819299999624491 ], [ 8099387.615499999374151, 2636946.274000000208616 ], [ 8099387.211100000888109, 2636950.417599998414516 ], [ 8099392.798900000751019, 2636950.962900001555681 ] ] ] ] } },
{ "type": "Feature", "properties": { "objectid": 314367, "globalid": "{00000000-0000-0000-0000-000000000000}", "uniq_id": null, "state_code": "24", "district_c": "439", "tehsil_cod": "3843", "block_code": "4060", "village_co": "515578", "lgd_code": "515578", "built_up_a": 1, "village_na": "Suragpur", "area_desc": null, "name": "Suragpur", "owner_name": null, "property_i": null, "property_c": null, "area_sqm": 128.38933495000001, "roof_type": 4, "no_floors": 0, "remarks": null, "adl_info": null, "gp_code": "155028", "gp_name": "SURAGPUR", "d_pan_code": 398, "d_pan_name": "Amreli", "b_pan_code": 4422, "b_pan_name": "Amreli", "sourceofda": null, "area_geo": 128.38933495000001, "st_area_sh": 149.42274159499999, "st_length_": 73.134990622399997 }, "geometry": { "type": "MultiPolygon", "coordinates": [ [ [ [ 7938271.699299998581409, 2473955.919700000435114 ], [ 7938273.1974, 2473960.346400000154972 ], [ 7938278.974300000816584, 2473958.485800001770258 ], [ 7938282.236099999397993, 2473968.124099999666214 ], [ 7938276.780999999493361, 2473969.767099998891354 ], [ 7938278.3739, 2473974.473799999803305 ], [ 7938278.549100000411272, 2473974.991599999368191 ], [ 7938288.213599998503923, 2473972.080800000578165 ], [ 7938281.6587999984622, 2473952.712000001221895 ], [ 7938271.699299998581409, 2473955.919700000435114 ] ] ] ] } },
{ "type": "Feature", "properties": { "objectid": 314681, "globalid": "{00000000-0000-0000-0000-000000000000}", "uniq_id": null, "state_code": "24", "district_c": "438", "tehsil_cod": "3782", "block_code": "4052", "village_co": "511638", "lgd_code": "511638", "built_up_a": 1, "village_na": "Lalpur", "area_desc": null, "name": "Lalpur", "owner_name": null, "property_i": null, "property_c": null, "area_sqm": 25.16008618, "roof_type": 4, "no_floors": 0, "remarks": null, "adl_info": null, "gp_code": "276150", "gp_name": "KUBADTHAL - LALPUR", "d_pan_code": 397, "d_pan_name": "Ahmedabad", "b_pan_code": 4414, "b_pan_name": "Daskroi", "sourceofda": null, "area_geo": 25.16008618, "st_area_sh": 29.850406095, "st_length_": 23.1031406948 }, "geometry": { "type": "MultiPolygon", "coordinates": [ [ [ [ 8099381.878199998289347, 2636983.15089999884367 ], [ 8099382.243999999016523, 2636981.434300001710653 ], [ 8099374.6404, 2636980.106499999761581 ], [ 8099373.968800000846386, 2636983.952199999243021 ], [ 8099381.429900001734495, 2636985.255100000649691 ], [ 8099381.878199998289347, 2636983.15089999884367 ] ] ] ] } },
{ "type": "Feature", "properties": { "objectid": 314322, "globalid": "{00000000-0000-0000-0000-000000000000}", "uniq_id": null, "state_code": "24", "district_c": "439", "tehsil_cod": "3843", "block_code": "4060", "village_co": "515578", "lgd_code": "515578", "built_up_a": 1, "village_na": "Suragpur", "area_desc": null, "name": "Suragpur", "owner_name": null, "property_i": null, "property_c": null, "area_sqm": 16.4471228, "roof_type": 4, "no_floors": 0, "remarks": null, "adl_info": null, "gp_code": "155028", "gp_name": "SURAGPUR", "d_pan_code": 398, "d_pan_name": "Amreli", "b_pan_code": 4422, "b_pan_name": "Amreli", "sourceofda": null, "area_geo": 16.4471228, "st_area_sh": 19.141432005, "st_length_": 19.631237053 }, "geometry": { "type": "MultiPolygon", "coordinates": [ [ [ [ 7938421.416799999773502, 2473895.756799999624491 ], [ 7938414.144400000572205, 2473896.731199998408556 ], [ 7938414.390099998563528, 2473898.9485 ], [ 7938421.257399998605251, 2473898.9485 ], [ 7938421.416799999773502, 2473895.756799999624491 ] ] ] ] } },
{ "type": "Feature", "properties": { "objectid": 314243, "globalid": "{00000000-0000-0000-0000-000000000000}", "uniq_id": null, "state_code": "24", "district_c": "439", "tehsil_cod": "3843", "block_code": "4060", "village_co": "515578", "lgd_code": "515578", "built_up_a": 1, "village_na": "Suragpur", "area_desc": null, "name": "Suragpur", "owner_name": null, "property_i": null, "property_c": null, "area_sqm": 90.94069017, "roof_type": 1, "no_floors": 0, "remarks": null, "adl_info": null, "gp_code": "155028", "gp_name": "SURAGPUR", "d_pan_code": 398, "d_pan_name": "Amreli", "b_pan_code": 4422, "b_pan_name": "Amreli", "sourceofda": null, "area_geo": 90.94069017, "st_area_sh": 105.85620684, "st_length_": 58.572181416600003 }, "geometry": { "type": "MultiPolygon", "coordinates": [ [ [ [ 7938417.842199999839067, 2475373.816300000995398 ], [ 7938422.993500001728535, 2475375.947299998253584 ], [ 7938420.889699999243021, 2475381.032900001853704 ], [ 7938415.738400001078844, 2475378.901799999177456 ], [ 7938415.250399999320507, 2475380.081500001251698 ], [ 7938426.04839999973774, 2475384.548500001430511 ], [ 7938429.20380000025034, 2475376.921 ], [ 7938428.22580000013113, 2475376.516399998217821 ], [ 7938429.667500000447035, 2475373.031399998813868 ], [ 7938419.847500000149012, 2475368.969000000506639 ], [ 7938417.842199999839067, 2475373.816300000995398 ] ] ] ] } },
{ "type": "Feature", "properties": { "objectid": 314272, "globalid": "{00000000-0000-0000-0000-000000000000}", "uniq_id": null, "state_code": "24", "district_c": "439", "tehsil_cod": "3843", "block_code": "4060", "village_co": "515578", "lgd_code": "515578", "built_up_a": 1, "village_na": "Suragpur", "area_desc": null, "name": "Suragpur", "owner_name": null, "property_i": null, "property_c": null, "area_sqm": 50.82565472, "roof_type": 4, "no_floors": 0, "remarks": null, "adl_info": null, "gp_code": "155028", "gp_name": "SURAGPUR", "d_pan_code": 398, "d_pan_name": "Amreli", "b_pan_code": 4422, "b_pan_name": "Amreli", "sourceofda": null, "area_geo": 50.82565472, "st_area_sh": 59.15402199, "st_length_": 30.970983339499998 }, "geometry": { "type": "MultiPolygon", "coordinates": [ [ [ [ 7938445.4239999987185, 2474231.930300001055002 ], [ 7938436.790600001811981, 2474232.09569999948144 ], [ 7938436.921799998730421, 2474238.945000000298023 ], [ 7938445.55519999936223, 2474238.779500000178814 ], [ 7938445.4239999987185, 2474231.930300001055002 ] ] ] ] } },
{ "type": "Feature", "properties": { "objectid": 314648, "globalid": "{00000000-0000-0000-0000-000000000000}", "uniq_id": null, "state_code": "24", "district_c": "438", "tehsil_cod": "3782", "block_code": "4052", "village_co": "511638", "lgd_code": "511638", "built_up_a": 1, "village_na": "Lalpur", "area_desc": null, "name": "Lalpur", "owner_name": null, "property_i": null, "property_c": null, "area_sqm": 80.41148682, "roof_type": 1, "no_floors": 0, "remarks": null, "adl_info": null, "gp_code": "276150", "gp_name": "KUBADTHAL - LALPUR", "d_pan_code": 397, "d_pan_name": "Ahmedabad", "b_pan_code": 4414, "b_pan_name": "Daskroi", "sourceofda": null, "area_geo": 80.41148682, "st_area_sh": 95.401846725, "st_length_": 39.499707731299999 }, "geometry": { "type": "MultiPolygon", "coordinates": [ [ [ [ 8099317.308600001037121, 2636996.945799998939037 ], [ 8099325.022399999201298, 2637000.409699998795986 ], [ 8099329.572000000625849, 2636990.278299998492002 ], [ 8099322.064300000667572, 2636986.459199998527765 ], [ 8099317.308600001037121, 2636996.945799998939037 ] ] ] ] } },
{ "type": "Feature", "properties": { "objectid": 314629, "globalid": "{00000000-0000-0000-0000-000000000000}", "uniq_id": null, "state_code": "24", "district_c": "438", "tehsil_cod": "3782", "block_code": "4052", "village_co": "511638", "lgd_code": "511638", "built_up_a": 1, "village_na": "Lalpur", "area_desc": null, "name": "Lalpur", "owner_name": null, "property_i": null, "property_c": null, "area_sqm": 9.84130006, "roof_type": 4, "no_floors": 0, "remarks": null, "adl_info": null, "gp_code": "276150", "gp_name": "KUBADTHAL - LALPUR", "d_pan_code": 397, "d_pan_name": "Ahmedabad", "b_pan_code": 4414, "b_pan_name": "Daskroi", "sourceofda": null, "area_geo": 9.84130006, "st_area_sh": 11.675849835, "st_length_": 15.2034623234 }, "geometry": { "type": "MultiPolygon", "coordinates": [ [ [ [ 8099337.975299999117851, 2636940.346900001168251 ], [ 8099335.848000001162291, 2636940.15089999884367 ], [ 8099335.346400000154972, 2636945.593199998140335 ], [ 8099337.473700001835823, 2636945.789299998432398 ], [ 8099337.975299999117851, 2636940.346900001168251 ] ] ] ] } },
{ "type": "Feature", "properties": { "objectid": 314425, "globalid": "{00000000-0000-0000-0000-000000000000}", "uniq_id": null, "state_code": "24", "district_c": "439", "tehsil_cod": "3843", "block_code": "4060", "village_co": "515578", "lgd_code": "515578", "built_up_a": 1, "village_na": "Suragpur", "area_desc": null, "name": "Suragpur", "owner_name": null, "property_i": null, "property_c": null, "area_sqm": 71.91251743, "roof_type": 4, "no_floors": 0, "remarks": null, "adl_info": null, "gp_code": "155028", "gp_name": "SURAGPUR", "d_pan_code": 398, "d_pan_name": "Amreli", "b_pan_code": 4422, "b_pan_name": "Amreli", "sourceofda": null, "area_geo": 71.91251743, "st_area_sh": 83.692916925000006, "st_length_": 36.643707999599997 }, "geometry": { "type": "MultiPolygon", "coordinates": [ [ [ [ 7938330.958799999207258, 2473888.80290000140667 ], [ 7938333.841299999505281, 2473897.8662 ], [ 7938342.150299999862909, 2473895.32039999961853 ], [ 7938339.194699998944998, 2473886.027300000190735 ], [ 7938330.958799999207258, 2473888.80290000140667 ] ] ] ] } },
{ "type": "Feature", "properties": { "objectid": 314299, "globalid": "{00000000-0000-0000-0000-000000000000}", "uniq_id": null, "state_code": "24", "district_c": "439", "tehsil_cod": "3843", "block_code": "4060", "village_co": "515578", "lgd_code": "515578", "built_up_a": 1, "village_na": "Suragpur", "area_desc": null, "name": "Suragpur", "owner_name": null, "property_i": null, "property_c": null, "area_sqm": 86.26980217000001, "roof_type": 4, "no_floors": 0, "remarks": null, "adl_info": null, "gp_code": "155028", "gp_name": "SURAGPUR", "d_pan_code": 398, "d_pan_name": "Amreli", "b_pan_code": 4422, "b_pan_name": "Amreli", "sourceofda": null, "area_geo": 86.26980217000001, "st_area_sh": 100.403782115, "st_length_": 41.617167044799999 }, "geometry": { "type": "MultiPolygon", "coordinates": [ [ [ [ 7938420.274900000542402, 2474036.57209999859333 ], [ 7938419.1272, 2474029.055100001394749 ], [ 7938406.063499998301268, 2474031.2010000012815 ], [ 7938407.278499998152256, 2474038.706999998539686 ], [ 7938420.274900000542402, 2474036.57209999859333 ] ] ] ] } },
{ "type": "Feature", "properties": { "objectid": 314298, "globalid": "{00000000-0000-0000-0000-000000000000}", "uniq_id": null, "state_code": "24", "district_c": "439", "tehsil_cod": "3843", "block_code": "4060", "village_co": "515578", "lgd_code": "515578", "built_up_a": 1, "village_na": "Suragpur", "area_desc": null, "name": "Suragpur", "owner_name": null, "property_i": null, "property_c": null, "area_sqm": 58.20813485, "roof_type": 4, "no_floors": 0, "remarks": null, "adl_info": null, "gp_code": "155028", "gp_name": "SURAGPUR", "d_pan_code": 398, "d_pan_name": "Amreli", "b_pan_code": 4422, "b_pan_name": "Amreli", "sourceofda": null, "area_geo": 58.20813485, "st_area_sh": 67.74495629, "st_length_": 35.657365614699998 }, "geometry": { "type": "MultiPolygon", "coordinates": [ [ [ [ 7938348.819699998944998, 2474080.273200001567602 ], [ 7938348.667599998414516, 2474067.955800000578165 ], [ 7938343.369100000709295, 2474068.356800001114607 ], [ 7938343.104800000786781, 2474080.651900000870228 ], [ 7938348.819699998944998, 2474080.273200001567602 ] ] ] ] } },
{ "type": "Feature", "properties": { "objectid": 314284, "globalid": "{00000000-0000-0000-0000-000000000000}", "uniq_id": null, "state_code": "24", "district_c": "439", "tehsil_cod": "3843", "block_code": "4060", "village_co": "515578", "lgd_code": "515578", "built_up_a": 1, "village_na": "Suragpur", "area_desc": null, "name": "Suragpur", "owner_name": null, "property_i": null, "property_c": null, "area_sqm": 131.06256564, "roof_type": 1, "no_floors": 0, "remarks": null, "adl_info": null, "gp_code": "155028", "gp_name": "SURAGPUR", "d_pan_code": 398, "d_pan_name": "Amreli", "b_pan_code": 4422, "b_pan_name": "Amreli", "sourceofda": null, "area_geo": 131.06256564, "st_area_sh": 152.53444747500001, "st_length_": 49.5158699809 }, "geometry": { "type": "MultiPolygon", "coordinates": [ [ [ [ 7938120.4419, 2473998.226700000464916 ], [ 7938117.282000001519918, 2473985.557500001043081 ], [ 7938106.1074, 2473989.026200000196695 ], [ 7938109.267200000584126, 2474001.69539999961853 ], [ 7938120.4419, 2473998.226700000464916 ] ] ] ] } },
{ "type": "Feature", "properties": { "objectid": 314586, "globalid": "{00000000-0000-0000-0000-000000000000}", "uniq_id": null, "state_code": "24", "district_c": "438", "tehsil_cod": "3782", "block_code": "4052", "village_co": "511638", "lgd_code": "511638", "built_up_a": 1, "village_na": "Lalpur", "area_desc": null, "name": "Lalpur", "owner_name": null, "property_i": null, "property_c": null, "area_sqm": 63.99852385, "roof_type": 1, "no_floors": 0, "remarks": null, "adl_info": null, "gp_code": "276150", "gp_name": "KUBADTHAL - LALPUR", "d_pan_code": 397, "d_pan_name": "Ahmedabad", "b_pan_code": 4414, "b_pan_name": "Daskroi", "sourceofda": null, "area_geo": 63.99852385, "st_area_sh": 75.928296904999996, "st_length_": 38.181446582200003 }, "geometry": { "type": "MultiPolygon", "coordinates": [ [ [ [ 8099355.741999998688698, 2636905.54619999974966 ], [ 8099359.583200000226498, 2636905.527300000190735 ], [ 8099359.393899999558926, 2636892.506400000303984 ], [ 8099359.38740000128746, 2636892.059599999338388 ], [ 8099353.803800001740456, 2636892.140799999237061 ], [ 8099353.870000001043081, 2636905.555500000715256 ], [ 8099355.741999998688698, 2636905.54619999974966 ] ] ] ] } },
{ "type": "Feature", "properties": { "objectid": 314414, "globalid": "{00000000-0000-0000-0000-000000000000}", "uniq_id": null, "state_code": "24", "district_c": "439", "tehsil_cod": "3843", "block_code": "4060", "village_co": "515578", "lgd_code": "515578", "built_up_a": 1, "village_na": "Suragpur", "area_desc": null, "name": "Suragpur", "owner_name": null, "property_i": null, "property_c": null, "area_sqm": 123.04131007, "roof_type": 4, "no_floors": 0, "remarks": null, "adl_info": null, "gp_code": "155028", "gp_name": "SURAGPUR", "d_pan_code": 398, "d_pan_name": "Amreli", "b_pan_code": 4422, "b_pan_name": "Amreli", "sourceofda": null, "area_geo": 123.04131007, "st_area_sh": 143.19810886499999, "st_length_": 49.944201904499998 }, "geometry": { "type": "MultiPolygon", "coordinates": [ [ [ [ 7938312.597199998795986, 2473925.573800001293421 ], [ 7938303.986099999397993, 2473928.418099999427795 ], [ 7938308.527499999850988, 2473943.826400000602007 ], [ 7938316.874600000679493, 2473940.986000001430511 ], [ 7938312.597199998795986, 2473925.573800001293421 ] ] ] ] } },
{ "type": "Feature", "properties": { "objectid": 314764, "globalid": "{00000000-0000-0000-0000-000000000000}", "uniq_id": null, "state_code": "24", "district_c": "438", "tehsil_cod": "3782", "block_code": "4052", "village_co": "511638", "lgd_code": "511638", "built_up_a": 1, "village_na": "Lalpur", "area_desc": null, "name": "Lalpur", "owner_name": null, "property_i": null, "property_c": null, "area_sqm": 11.99865553, "roof_type": 1, "no_floors": 0, "remarks": null, "adl_info": null, "gp_code": "276150", "gp_name": "KUBADTHAL - LALPUR", "d_pan_code": 397, "d_pan_name": "Ahmedabad", "b_pan_code": 4414, "b_pan_name": "Daskroi", "sourceofda": null, "area_geo": 11.99865553, "st_area_sh": 14.235630315, "st_length_": 15.117480754900001 }, "geometry": { "type": "MultiPolygon", "coordinates": [ [ [ [ 8099164.643199998885393, 2637094.614599999040365 ], [ 8099164.496800001710653, 2637098.171900000423193 ], [ 8099168.491900000721216, 2637098.336199998855591 ], [ 8099168.638300001621246, 2637094.778999999165535 ], [ 8099164.643199998885393, 2637094.614599999040365 ] ] ] ] } },
{ "type": "Feature", "properties": { "objectid": 314319, "globalid": "{00000000-0000-0000-0000-000000000000}", "uniq_id": null, "state_code": "24", "district_c": "439", "tehsil_cod": "3843", "block_code": "4060", "village_co": "515578", "lgd_code": "515578", "built_up_a": 1, "village_na": "Suragpur", "area_desc": null, "name": "Suragpur", "owner_name": null, "property_i": null, "property_c": null, "area_sqm": 135.00412887, "roof_type": 1, "no_floors": 0, "remarks": null, "adl_info": null, "gp_code": "155028", "gp_name": "SURAGPUR", "d_pan_code": 398, "d_pan_name": "Amreli", "b_pan_code": 4422, "b_pan_name": "Amreli", "sourceofda": null, "area_geo": 135.00412887, "st_area_sh": 157.11997651499999, "st_length_": 74.356419877299999 }, "geometry": { "type": "MultiPolygon", "coordinates": [ [ [ [ 7938414.384199999272823, 2473899.8816 ], [ 7938414.390099998563528, 2473898.9485 ], [ 7938412.968400001525879, 2473886.118900001049042 ], [ 7938408.592999998480082, 2473886.797899998724461 ], [ 7938408.931699998676777, 2473889.359099999070168 ], [ 7938405.554499998688698, 2473890.104200001806021 ], [ 7938406.744699999690056, 2473895.798500001430511 ], [ 7938402.532499998807907, 2473896.729899998754263 ], [ 7938401.770500000566244, 2473893.279699999839067 ], [ 7938402.320799998939037, 2473893.152699999511242 ], [ 7938401.834499999880791, 2473890.924899999052286 ], [ 7938395.715700000524521, 2473892.27479999884963 ], [ 7938398.103900000452995, 2473900.837200000882149 ], [ 7938401.699499998241663, 2473900.177200000733137 ], [ 7938407.863800000399351, 2473898.968299999833107 ], [ 7938408.18129999935627, 2473901.071699999272823 ], [ 7938414.384199999272823, 2473899.8816 ] ] ] ] } },
{ "type": "Feature", "properties": { "objectid": 314434, "globalid": "{00000000-0000-0000-0000-000000000000}", "uniq_id": null, "state_code": "24", "district_c": "439", "tehsil_cod": "3843", "block_code": "4060", "village_co": "515578", "lgd_code": "515578", "built_up_a": 1, "village_na": "Suragpur", "area_desc": null, "name": "Suragpur", "owner_name": null, "property_i": null, "property_c": null, "area_sqm": 47.38894846, "roof_type": 4, "no_floors": 0, "remarks": null, "adl_info": null, "gp_code": "155028", "gp_name": "SURAGPUR", "d_pan_code": 398, "d_pan_name": "Amreli", "b_pan_code": 4422, "b_pan_name": "Amreli", "sourceofda": null, "area_geo": 47.38894846, "st_area_sh": 55.152241, "st_length_": 31.5294141983 }, "geometry": { "type": "MultiPolygon", "coordinates": [ [ [ [ 7938368.735800001770258, 2473925.88459999859333 ], [ 7938358.637899998575449, 2473928.634399998933077 ], [ 7938359.987300001084805, 2473933.635099999606609 ], [ 7938370.226700000464916, 2473930.975999999791384 ], [ 7938368.735800001770258, 2473925.88459999859333 ] ] ] ] } },
{ "type": "Feature", "properties": { "objectid": 314632, "globalid": "{00000000-0000-0000-0000-000000000000}", "uniq_id": null, "state_code": "24", "district_c": "438", "tehsil_cod": "3782", "block_code": "4052", "village_co": "511638", "lgd_code": "511638", "built_up_a": 1, "village_na": "Lalpur", "area_desc": null, "name": "Lalpur", "owner_name": null, "property_i": null, "property_c": null, "area_sqm": 6.62399966, "roof_type": 4, "no_floors": 0, "remarks": null, "adl_info": null, "gp_code": "276150", "gp_name": "KUBADTHAL - LALPUR", "d_pan_code": 397, "d_pan_name": "Ahmedabad", "b_pan_code": 4414, "b_pan_name": "Daskroi", "sourceofda": null, "area_geo": 6.62399966, "st_area_sh": 7.85881922, "st_length_": 11.225230658 }, "geometry": { "type": "MultiPolygon", "coordinates": [ [ [ [ 8099370.6941, 2636962.380100000649691 ], [ 8099373.565099999308586, 2636962.989100001752377 ], [ 8099374.120799999684095, 2636960.369699999690056 ], [ 8099371.249699998646975, 2636959.76069999858737 ], [ 8099370.6941, 2636962.380100000649691 ] ] ] ] } },
{ "type": "Feature", "properties": { "objectid": 314610, "globalid": "{00000000-0000-0000-0000-000000000000}", "uniq_id": null, "state_code": "24", "district_c": "438", "tehsil_cod": "3782", "block_code": "4052", "village_co": "511638", "lgd_code": "511638", "built_up_a": 2, "village_na": "Lalpur", "area_desc": null, "name": "Lalpur", "owner_name": null, "property_i": null, "property_c": null, "area_sqm": 7.45307524, "roof_type": 1, "no_floors": 0, "remarks": null, "adl_info": null, "gp_code": "276150", "gp_name": "KUBADTHAL - LALPUR", "d_pan_code": 397, "d_pan_name": "Ahmedabad", "b_pan_code": 4414, "b_pan_name": "Daskroi", "sourceofda": null, "area_geo": 7.45307524, "st_area_sh": 8.842402165, "st_length_": 12.0634468298 }, "geometry": { "type": "MultiPolygon", "coordinates": [ [ [ [ 8099434.473099999129772, 2636917.800900001078844 ], [ 8099430.972699999809265, 2636917.441300000995398 ], [ 8099430.715900000184774, 2636919.940999999642372 ], [ 8099434.216400001198053, 2636920.300599999725819 ], [ 8099434.473099999129772, 2636917.800900001078844 ] ] ] ] } },
{ "type": "Feature", "properties": { "objectid": 314441, "globalid": "{00000000-0000-0000-0000-000000000000}", "uniq_id": null, "state_code": "24", "district_c": "439", "tehsil_cod": "3843", "block_code": "4060", "village_co": "515578", "lgd_code": "515578", "built_up_a": 1, "village_na": "Suragpur", "area_desc": null, "name": "Suragpur", "owner_name": null, "property_i": null, "property_c": null, "area_sqm": 34.49329976, "roof_type": 4, "no_floors": 0, "remarks": null, "adl_info": null, "gp_code": "155028", "gp_name": "SURAGPUR", "d_pan_code": 398, "d_pan_name": "Amreli", "b_pan_code": 4422, "b_pan_name": "Amreli", "sourceofda": null, "area_geo": 34.49329976, "st_area_sh": 40.1435595, "st_length_": 26.264691562599999 }, "geometry": { "type": "MultiPolygon", "coordinates": [ [ [ [ 7938371.870200000703335, 2473829.160100001841784 ], [ 7938373.311900001019239, 2473833.732200000435114 ], [ 7938381.192699998617172, 2473831.167599998414516 ], [ 7938379.720800001174212, 2473826.500100001692772 ], [ 7938371.870200000703335, 2473829.160100001841784 ] ] ] ] } },
{ "type": "Feature", "properties": { "objectid": 314735, "globalid": "{00000000-0000-0000-0000-000000000000}", "uniq_id": null, "state_code": "24", "district_c": "438", "tehsil_cod": "3782", "block_code": "4052", "village_co": "511638", "lgd_code": "511638", "built_up_a": 1, "village_na": "Lalpur", "area_desc": null, "name": "Lalpur", "owner_name": null, "property_i": null, "property_c": null, "area_sqm": 113.2648177, "roof_type": 1, "no_floors": 0, "remarks": null, "adl_info": null, "gp_code": "276150", "gp_name": "KUBADTHAL - LALPUR", "d_pan_code": 397, "d_pan_name": "Ahmedabad", "b_pan_code": 4414, "b_pan_name": "Daskroi", "sourceofda": null, "area_geo": 113.2648177, "st_area_sh": 134.38007000499999, "st_length_": 49.490704772299999 }, "geometry": { "type": "MultiPolygon", "coordinates": [ [ [ [ 8099303.618999999016523, 2637012.036299999803305 ], [ 8099289.902100000530481, 2637009.801899999380112 ], [ 8099288.6809, 2637012.11430000141263 ], [ 8099287.119899999350309, 2637014.125199999660254 ], [ 8099284.888300001621246, 2637016.88289999961853 ], [ 8099284.632800001651049, 2637017.198699999600649 ], [ 8099287.672899998724461, 2637018.095800001174212 ], [ 8099302.245200000703335, 2637020.4695999994874 ], [ 8099303.618999999016523, 2637012.036299999803305 ] ] ] ] } },
{ "type": "Feature", "properties": { "objectid": 314699, "globalid": "{00000000-0000-0000-0000-000000000000}", "uniq_id": null, "state_code": "24", "district_c": "438", "tehsil_cod": "3782", "block_code": "4052", "village_co": "511638", "lgd_code": "511638", "built_up_a": 1, "village_na": "Lalpur", "area_desc": null, "name": "Lalpur", "owner_name": null, "property_i": null, "property_c": null, "area_sqm": 13.85994434, "roof_type": 1, "no_floors": 0, "remarks": null, "adl_info": null, "gp_code": "276150", "gp_name": "KUBADTHAL - LALPUR", "d_pan_code": 397, "d_pan_name": "Ahmedabad", "b_pan_code": 4414, "b_pan_name": "Daskroi", "sourceofda": null, "area_geo": 13.85994434, "st_area_sh": 16.443730445, "st_length_": 16.328536352699999 }, "geometry": { "type": "MultiPolygon", "coordinates": [ [ [ [ 8099402.365600001066923, 2636998.684300001710653 ], [ 8099402.516399998217821, 2636995.074499998241663 ], [ 8099397.969099998474121, 2636994.884399998933077 ], [ 8099397.818300001323223, 2636998.494300000369549 ], [ 8099402.365600001066923, 2636998.684300001710653 ] ] ] ] } },
{ "type": "Feature", "properties": { "objectid": 314657, "globalid": "{00000000-0000-0000-0000-000000000000}", "uniq_id": null, "state_code": "24", "district_c": "438", "tehsil_cod": "3782", "block_code": "4052", "village_co": "511638", "lgd_code": "511638", "built_up_a": 1, "village_na": "Lalpur", "area_desc": null, "name": "Lalpur", "owner_name": null, "property_i": null, "property_c": null, "area_sqm": 49.84757499, "roof_type": 1, "no_floors": 0, "remarks": null, "adl_info": null, "gp_code": "276150", "gp_name": "KUBADTHAL - LALPUR", "d_pan_code": 397, "d_pan_name": "Ahmedabad", "b_pan_code": 4414, "b_pan_name": "Daskroi", "sourceofda": null, "area_geo": 49.84757499, "st_area_sh": 59.1400053, "st_length_": 38.679913016599997 }, "geometry": { "type": "MultiPolygon", "coordinates": [ [ [ [ 8099341.836800001561642, 2636968.5504 ], [ 8099327.374299999326468, 2636962.878899998962879 ], [ 8099325.969700001180172, 2636966.169199999421835 ], [ 8099340.250700000673532, 2636972.265700001269579 ], [ 8099341.836800001561642, 2636968.5504 ] ] ] ] } },
{ "type": "Feature", "properties": { "objectid": 314667, "globalid": "{00000000-0000-0000-0000-000000000000}", "uniq_id": null, "state_code": "24", "district_c": "438", "tehsil_cod": "3782", "block_code": "4052", "village_co": "511638", "lgd_code": "511638", "built_up_a": 1, "village_na": "Lalpur", "area_desc": null, "name": "Lalpur", "owner_name": null, "property_i": null, "property_c": null, "area_sqm": 63.55928316, "roof_type": 1, "no_floors": 0, "remarks": null, "adl_info": null, "gp_code": "276150", "gp_name": "KUBADTHAL - LALPUR", "d_pan_code": 397, "d_pan_name": "Ahmedabad", "b_pan_code": 4414, "b_pan_name": "Daskroi", "sourceofda": null, "area_geo": 63.55928316, "st_area_sh": 75.40785, "st_length_": 38.3566533041 }, "geometry": { "type": "MultiPolygon", "coordinates": [ [ [ [ 8099365.027499999850988, 2636964.927200000733137 ], [ 8099361.831500001251698, 2636978.204599998891354 ], [ 8099367.227099999785423, 2636979.483800001442432 ], [ 8099370.377500001341105, 2636966.195599999278784 ], [ 8099365.027499999850988, 2636964.927200000733137 ] ] ] ] } },
{ "type": "Feature", "properties": { "objectid": 314576, "globalid": "{00000000-0000-0000-0000-000000000000}", "uniq_id": null, "state_code": "24", "district_c": "438", "tehsil_cod": "3782", "block_code": "4052", "village_co": "511638", "lgd_code": "511638", "built_up_a": 1, "village_na": "Lalpur", "area_desc": null, "name": "Lalpur", "owner_name": null, "property_i": null, "property_c": null, "area_sqm": 0.14685118, "roof_type": 1, "no_floors": 0, "remarks": null, "adl_info": null, "gp_code": "276150", "gp_name": "KUBADTHAL - LALPUR", "d_pan_code": 397, "d_pan_name": "Ahmedabad", "b_pan_code": 4414, "b_pan_name": "Daskroi", "sourceofda": null, "area_geo": 0.14685118, "st_area_sh": 0.174225555, "st_length_": 4.9348784050600001 }, "geometry": { "type": "MultiPolygon", "coordinates": [ [ [ [ 8099387.118700001388788, 2636910.941399998962879 ], [ 8099387.016399998217821, 2636913.335099998861551 ], [ 8099387.162000000476837, 2636913.334399998188019 ], [ 8099387.118700001388788, 2636910.941399998962879 ] ] ] ] } },
{ "type": "Feature", "properties": { "objectid": 314552, "globalid": "{00000000-0000-0000-0000-000000000000}", "uniq_id": null, "state_code": "24", "district_c": "438", "tehsil_cod": "3782", "block_code": "4052", "village_co": "511638", "lgd_code": "511638", "built_up_a": 1, "village_na": "Lalpur", "area_desc": null, "name": "Lalpur", "owner_name": null, "property_i": null, "property_c": null, "area_sqm": 12.47619397, "roof_type": 4, "no_floors": 0, "remarks": null, "adl_info": null, "gp_code": "276150", "gp_name": "KUBADTHAL - LALPUR", "d_pan_code": 397, "d_pan_name": "Ahmedabad", "b_pan_code": 4414, "b_pan_name": "Daskroi", "sourceofda": null, "area_geo": 12.47619397, "st_area_sh": 14.801725785, "st_length_": 15.437582258100001 }, "geometry": { "type": "MultiPolygon", "coordinates": [ [ [ [ 8099328.720400001853704, 2636831.173599999397993 ], [ 8099325.054099999368191, 2636830.8629 ], [ 8099324.7787000015378, 2636835.0768 ], [ 8099328.256000000983477, 2636835.202599998563528 ], [ 8099328.720400001853704, 2636831.173599999397993 ] ] ] ] } },
{ "type": "Feature", "properties": { "objectid": 314271, "globalid": "{00000000-0000-0000-0000-000000000000}", "uniq_id": null, "state_code": "24", "district_c": "439", "tehsil_cod": "3843", "block_code": "4060", "village_co": "515578", "lgd_code": "515578", "built_up_a": 1, "village_na": "Suragpur", "area_desc": null, "name": "Suragpur", "owner_name": null, "property_i": null, "property_c": null, "area_sqm": 11.30278995, "roof_type": 4, "no_floors": 0, "remarks": null, "adl_info": null, "gp_code": "155028", "gp_name": "SURAGPUR", "d_pan_code": 398, "d_pan_name": "Amreli", "b_pan_code": 4422, "b_pan_name": "Amreli", "sourceofda": null, "area_geo": 11.30278995, "st_area_sh": 13.154862, "st_length_": 14.596074205300001 }, "geometry": { "type": "MultiPolygon", "coordinates": [ [ [ [ 7938414.530299998819828, 2474223.694600000977516 ], [ 7938414.244300000369549, 2474220.445099998265505 ], [ 7938410.222699999809265, 2474220.7989999987185 ], [ 7938410.48200000077486, 2474224.023800000548363 ], [ 7938414.530299998819828, 2474223.694600000977516 ] ] ] ] } },
{ "type": "Feature", "properties": { "objectid": 314589, "globalid": "{00000000-0000-0000-0000-000000000000}", "uniq_id": null, "state_code": "24", "district_c": "438", "tehsil_cod": "3782", "block_code": "4052", "village_co": "511638", "lgd_code": "511638", "built_up_a": 1, "village_na": "Lalpur", "area_desc": null, "name": "Lalpur", "owner_name": null, "property_i": null, "property_c": null, "area_sqm": 62.4213514, "roof_type": 1, "no_floors": 0, "remarks": null, "adl_info": null, "gp_code": "276150", "gp_name": "KUBADTHAL - LALPUR", "d_pan_code": 397, "d_pan_name": "Ahmedabad", "b_pan_code": 4414, "b_pan_name": "Daskroi", "sourceofda": null, "area_geo": 62.4213514, "st_area_sh": 74.0571378, "st_length_": 39.610894808300003 }, "geometry": { "type": "MultiPolygon", "coordinates": [ [ [ [ 8099364.533300001174212, 2636907.135200001299381 ], [ 8099364.479200001806021, 2636892.48759999871254 ], [ 8099359.393899999558926, 2636892.506400000303984 ], [ 8099359.611099999397993, 2636907.450399998575449 ], [ 8099364.533300001174212, 2636907.135200001299381 ] ] ] ] } },
{ "type": "Feature", "properties": { "objectid": 314283, "globalid": "{00000000-0000-0000-0000-000000000000}", "uniq_id": null, "state_code": "24", "district_c": "439", "tehsil_cod": "3843", "block_code": "4060", "village_co": "515578", "lgd_code": "515578", "built_up_a": 1, "village_na": "Suragpur", "area_desc": null, "name": "Suragpur", "owner_name": null, "property_i": null, "property_c": null, "area_sqm": 33.38697058, "roof_type": 4, "no_floors": 0, "remarks": null, "adl_info": null, "gp_code": "155028", "gp_name": "SURAGPUR", "d_pan_code": 398, "d_pan_name": "Amreli", "b_pan_code": 4422, "b_pan_name": "Amreli", "sourceofda": null, "area_geo": 33.38697058, "st_area_sh": 38.85541261, "st_length_": 24.944194423500001 }, "geometry": { "type": "MultiPolygon", "coordinates": [ [ [ [ 7937906.811200000345707, 2473695.031399998813868 ], [ 7937908.655699998140335, 2473700.798300001770258 ], [ 7937914.768100000917912, 2473698.843400001525879 ], [ 7937912.923599999397993, 2473693.076499998569489 ], [ 7937906.811200000345707, 2473695.031399998813868 ] ] ] ] } },
{ "type": "Feature", "properties": { "objectid": 314268, "globalid": "{00000000-0000-0000-0000-000000000000}", "uniq_id": null, "state_code": "24", "district_c": "439", "tehsil_cod": "3843", "block_code": "4060", "village_co": "515578", "lgd_code": "515578", "built_up_a": 1, "village_na": "Suragpur", "area_desc": null, "name": "Suragpur", "owner_name": null, "property_i": null, "property_c": null, "area_sqm": 75.3771262, "roof_type": 1, "no_floors": 0, "remarks": null, "adl_info": null, "gp_code": "155028", "gp_name": "SURAGPUR", "d_pan_code": 398, "d_pan_name": "Amreli", "b_pan_code": 4422, "b_pan_name": "Amreli", "sourceofda": null, "area_geo": 75.3771262, "st_area_sh": 87.72839108, "st_length_": 39.821303105299997 }, "geometry": { "type": "MultiPolygon", "coordinates": [ [ [ [ 7938453.293099999427795, 2474227.849599998444319 ], [ 7938453.193900000303984, 2474214.521200001239777 ], [ 7938446.612199999392033, 2474214.5702 ], [ 7938446.711399998515844, 2474227.898600000888109 ], [ 7938453.293099999427795, 2474227.849599998444319 ] ] ] ] } },
{ "type": "Feature", "properties": { "objectid": 314332, "globalid": "{00000000-0000-0000-0000-000000000000}", "uniq_id": null, "state_code": "24", "district_c": "439", "tehsil_cod": "3843", "block_code": "4060", "village_co": "515578", "lgd_code": "515578", "built_up_a": 1, "village_na": "Suragpur", "area_desc": null, "name": "Suragpur", "owner_name": null, "property_i": null, "property_c": null, "area_sqm": 75.29112359, "roof_type": 4, "no_floors": 0, "remarks": null, "adl_info": null, "gp_code": "155028", "gp_name": "SURAGPUR", "d_pan_code": 398, "d_pan_name": "Amreli", "b_pan_code": 4422, "b_pan_name": "Amreli", "sourceofda": null, "area_geo": 75.29112359, "st_area_sh": 87.625941534999995, "st_length_": 44.070912697300002 }, "geometry": { "type": "MultiPolygon", "coordinates": [ [ [ [ 7938351.022599998861551, 2473994.160799998790026 ], [ 7938348.926399998366833, 2473977.818300001323223 ], [ 7938343.7346, 2473978.719700001180172 ], [ 7938345.99269999936223, 2473995.649300001561642 ], [ 7938351.022599998861551, 2473994.160799998790026 ] ] ] ] } },
{ "type": "Feature", "properties": { "objectid": 314591, "globalid": "{00000000-0000-0000-0000-000000000000}", "uniq_id": null, "state_code": "24", "district_c": "438", "tehsil_cod": "3782", "block_code": "4052", "village_co": "511638", "lgd_code": "511638", "built_up_a": 1, "village_na": "Lalpur", "area_desc": null, "name": "Lalpur", "owner_name": null, "property_i": null, "property_c": null, "area_sqm": 86.75101383000001, "roof_type": 1, "no_floors": 0, "remarks": null, "adl_info": null, "gp_code": "276150", "gp_name": "KUBADTHAL - LALPUR", "d_pan_code": 397, "d_pan_name": "Ahmedabad", "b_pan_code": 4414, "b_pan_name": "Daskroi", "sourceofda": null, "area_geo": 86.75101383000001, "st_area_sh": 102.92205069000001, "st_length_": 61.7229277868 }, "geometry": { "type": "MultiPolygon", "coordinates": [ [ [ [ 8099343.003400001674891, 2636909.576400000602007 ], [ 8099342.761599998921156, 2636893.665500000119209 ], [ 8099342.741799999028444, 2636892.35869999974966 ], [ 8099340.531899999827147, 2636892.392200000584126 ], [ 8099340.551699999719858, 2636893.699000000953674 ], [ 8099336.918000001460314, 2636893.754299998283386 ], [ 8099336.981499999761581, 2636897.93129999935627 ], [ 8099335.91440000012517, 2636897.947500001639128 ], [ 8099335.962499998509884, 2636901.112199999392033 ], [ 8099339.662399999797344, 2636901.0559 ], [ 8099339.7335, 2636905.729200001806021 ], [ 8099336.033500000834465, 2636905.785399999469519 ], [ 8099333.004000000655651, 2636905.831500001251698 ], [ 8099333.063200000673532, 2636909.72749999910593 ], [ 8099337.159800000488758, 2636909.665199998766184 ], [ 8099343.003400001674891, 2636909.576400000602007 ] ] ] ] } },
{ "type": "Feature", "properties": { "objectid": 314247, "globalid": "{00000000-0000-0000-0000-000000000000}", "uniq_id": null, "state_code": "24", "district_c": "439", "tehsil_cod": "3843", "block_code": "4060", "village_co": "515578", "lgd_code": "515578", "built_up_a": 1, "village_na": "Suragpur", "area_desc": null, "name": "Suragpur", "owner_name": null, "property_i": null, "property_c": null, "area_sqm": 20.86745898, "roof_type": 1, "no_floors": 0, "remarks": null, "adl_info": null, "gp_code": "155028", "gp_name": "SURAGPUR", "d_pan_code": 398, "d_pan_name": "Amreli", "b_pan_code": 4422, "b_pan_name": "Amreli", "sourceofda": null, "area_geo": 20.86745898, "st_area_sh": 24.28985514, "st_length_": 21.298213867800001 }, "geometry": { "type": "MultiPolygon", "coordinates": [ [ [ [ 7938370.475099999457598, 2475321.563999999314547 ], [ 7938376.864799998700619, 2475325.175599999725819 ], [ 7938378.493200000375509, 2475322.294599998742342 ], [ 7938372.103500001132488, 2475318.68299999833107 ], [ 7938370.475099999457598, 2475321.563999999314547 ] ] ] ] } },
{ "type": "Feature", "properties": { "objectid": 314666, "globalid": "{00000000-0000-0000-0000-000000000000}", "uniq_id": null, "state_code": "24", "district_c": "438", "tehsil_cod": "3782", "block_code": "4052", "village_co": "511638", "lgd_code": "511638", "built_up_a": 1, "village_na": "Lalpur", "area_desc": null, "name": "Lalpur", "owner_name": null, "property_i": null, "property_c": null, "area_sqm": 63.30123886, "roof_type": 1, "no_floors": 0, "remarks": null, "adl_info": null, "gp_code": "276150", "gp_name": "KUBADTHAL - LALPUR", "d_pan_code": 397, "d_pan_name": "Ahmedabad", "b_pan_code": 4414, "b_pan_name": "Daskroi", "sourceofda": null, "area_geo": 63.30123886, "st_area_sh": 75.101695735000007, "st_length_": 43.506033917099998 }, "geometry": { "type": "MultiPolygon", "coordinates": [ [ [ [ 8099365.027499999850988, 2636964.927200000733137 ], [ 8099359.107999999076128, 2636963.523800000548363 ], [ 8099358.988899998366833, 2636964.026500001549721 ], [ 8099361.0099, 2636964.556499999016523 ], [ 8099360.149999998509884, 2636968.095300000160933 ], [ 8099358.129000000655651, 2636967.653299998492002 ], [ 8099355.957600001245737, 2636976.811999998986721 ], [ 8099361.831500001251698, 2636978.204599998891354 ], [ 8099365.027499999850988, 2636964.927200000733137 ] ] ] ] } },
{ "type": "Feature", "properties": { "objectid": 314787, "globalid": "{00000000-0000-0000-0000-000000000000}", "uniq_id": null, "state_code": "24", "district_c": "438", "tehsil_cod": "3782", "block_code": "4052", "village_co": "511638", "lgd_code": "511638", "built_up_a": 1, "village_na": "Lalpur", "area_desc": null, "name": "Lalpur", "owner_name": null, "property_i": null, "property_c": null, "area_sqm": 37.36952291, "roof_type": 1, "no_floors": 0, "remarks": null, "adl_info": null, "gp_code": "276150", "gp_name": "KUBADTHAL - LALPUR", "d_pan_code": 397, "d_pan_name": "Ahmedabad", "b_pan_code": 4414, "b_pan_name": "Daskroi", "sourceofda": null, "area_geo": 37.36952291, "st_area_sh": 44.33580058, "st_length_": 28.980688750300001 }, "geometry": { "type": "MultiPolygon", "coordinates": [ [ [ [ 8099123.980399999767542, 2636966.615499999374151 ], [ 8099124.50959999859333, 2636956.528200000524521 ], [ 8099120.126400001347065, 2636956.298300001770258 ], [ 8099119.597300000488758, 2636966.385600000619888 ], [ 8099123.980399999767542, 2636966.615499999374151 ] ] ] ] } },
{ "type": "Feature", "properties": { "objectid": 314454, "globalid": "{00000000-0000-0000-0000-000000000000}", "uniq_id": null, "state_code": "24", "district_c": "439", "tehsil_cod": "3843", "block_code": "4060", "village_co": "515578", "lgd_code": "515578", "built_up_a": 1, "village_na": "Suragpur", "area_desc": null, "name": "Suragpur", "owner_name": null, "property_i": null, "property_c": null, "area_sqm": 4.8640349, "roof_type": 1, "no_floors": 0, "remarks": null, "adl_info": null, "gp_code": "155028", "gp_name": "SURAGPUR", "d_pan_code": 398, "d_pan_name": "Amreli", "b_pan_code": 4422, "b_pan_name": "Amreli", "sourceofda": null, "area_geo": 4.8640349, "st_area_sh": 5.660813675, "st_length_": 9.6247045228600001 }, "geometry": { "type": "MultiPolygon", "coordinates": [ [ [ [ 7938457.039700001478195, 2473851.914099998772144 ], [ 7938457.900800000876188, 2473851.60020000115037 ], [ 7938457.255699999630451, 2473849.653599999845028 ], [ 7938454.661100000143051, 2473850.599500000476837 ], [ 7938455.306200001388788, 2473852.546100001782179 ], [ 7938457.039700001478195, 2473851.914099998772144 ] ] ] ] } },
{ "type": "Feature", "properties": { "objectid": 314575, "globalid": "{00000000-0000-0000-0000-000000000000}", "uniq_id": null, "state_code": "24", "district_c": "438", "tehsil_cod": "3782", "block_code": "4052", "village_co": "511638", "lgd_code": "511638", "built_up_a": 1, "village_na": "Lalpur", "area_desc": null, "name": "Lalpur", "owner_name": null, "property_i": null, "property_c": null, "area_sqm": 26.83660004, "roof_type": 1, "no_floors": 0, "remarks": null, "adl_info": null, "gp_code": "276150", "gp_name": "KUBADTHAL - LALPUR", "d_pan_code": 397, "d_pan_name": "Ahmedabad", "b_pan_code": 4414, "b_pan_name": "Daskroi", "sourceofda": null, "area_geo": 26.83660004, "st_area_sh": 31.83917922, "st_length_": 24.914389053800001 }, "geometry": { "type": "MultiPolygon", "coordinates": [ [ [ [ 8099395.962000001221895, 2636913.290899999439716 ], [ 8099396.026799999177456, 2636909.699000000953674 ], [ 8099387.096999999135733, 2636909.743099998682737 ], [ 8099387.162000000476837, 2636913.334399998188019 ], [ 8099395.962000001221895, 2636913.290899999439716 ] ] ] ] } },
{ "type": "Feature", "properties": { "objectid": 314572, "globalid": "{00000000-0000-0000-0000-000000000000}", "uniq_id": null, "state_code": "24", "district_c": "438", "tehsil_cod": "3782", "block_code": "4052", "village_co": "511638", "lgd_code": "511638", "built_up_a": 1, "village_na": "Lalpur", "area_desc": null, "name": "Lalpur", "owner_name": null, "property_i": null, "property_c": null, "area_sqm": 95.82791476, "roof_type": 1, "no_floors": 0, "remarks": null, "adl_info": null, "gp_code": "276150", "gp_name": "KUBADTHAL - LALPUR", "d_pan_code": 397, "d_pan_name": "Ahmedabad", "b_pan_code": 4414, "b_pan_name": "Daskroi", "sourceofda": null, "area_geo": 95.82791476, "st_area_sh": 113.690933665, "st_length_": 48.961641274100003 }, "geometry": { "type": "MultiPolygon", "coordinates": [ [ [ [ 8099396.355900000780821, 2636891.449000000953674 ], [ 8099396.026799999177456, 2636909.699000000953674 ], [ 8099402.466600000858307, 2636909.667199999094009 ], [ 8099402.376499999314547, 2636891.419300001114607 ], [ 8099396.355900000780821, 2636891.449000000953674 ] ] ] ] } },
{ "type": "Feature", "properties": { "objectid": 314613, "globalid": "{00000000-0000-0000-0000-000000000000}", "uniq_id": null, "state_code": "24", "district_c": "438", "tehsil_cod": "3782", "block_code": "4052", "village_co": "511638", "lgd_code": "511638", "built_up_a": 2, "village_na": "Lalpur", "area_desc": null, "name": "Lalpur", "owner_name": null, "property_i": null, "property_c": null, "area_sqm": 18.78292312, "roof_type": 4, "no_floors": 0, "remarks": null, "adl_info": null, "gp_code": "276150", "gp_name": "KUBADTHAL - LALPUR", "d_pan_code": 397, "d_pan_name": "Ahmedabad", "b_pan_code": 4414, "b_pan_name": "Daskroi", "sourceofda": null, "area_geo": 18.78292312, "st_area_sh": 22.284272685000001, "st_length_": 23.182759348600001 }, "geometry": { "type": "MultiPolygon", "coordinates": [ [ [ [ 8099448.3816, 2636924.420299999415874 ], [ 8099445.961100000888109, 2636924.171700000762939 ], [ 8099445.025199998170137, 2636933.281800001859665 ], [ 8099447.445799998939037, 2636933.530499998480082 ], [ 8099448.3816, 2636924.420299999415874 ] ] ] ] } },
{ "type": "Feature", "properties": { "objectid": 314342, "globalid": "{00000000-0000-0000-0000-000000000000}", "uniq_id": null, "state_code": "24", "district_c": "439", "tehsil_cod": "3843", "block_code": "4060", "village_co": "515578", "lgd_code": "515578", "built_up_a": 1, "village_na": "Suragpur", "area_desc": null, "name": "Suragpur", "owner_name": null, "property_i": null, "property_c": null, "area_sqm": 153.91246803000001, "roof_type": 4, "no_floors": 0, "remarks": null, "adl_info": null, "gp_code": "155028", "gp_name": "SURAGPUR", "d_pan_code": 398, "d_pan_name": "Amreli", "b_pan_code": 4422, "b_pan_name": "Amreli", "sourceofda": null, "area_geo": 153.91246803000001, "st_area_sh": 179.12720465500001, "st_length_": 60.941900057700003 }, "geometry": { "type": "MultiPolygon", "coordinates": [ [ [ [ 7938363.678300000727177, 2473964.0647 ], [ 7938361.93299999833107, 2473956.033599998801947 ], [ 7938341.534600000828505, 2473962.225900001823902 ], [ 7938342.498599998652935, 2473969.45380000025034 ], [ 7938349.232099998742342, 2473968.033500000834465 ], [ 7938349.417300000786781, 2473969.197599999606609 ], [ 7938357.143100000917912, 2473967.001600001007318 ], [ 7938356.905000001192093, 2473966.075599998235703 ], [ 7938363.678300000727177, 2473964.0647 ] ] ] ] } },
{ "type": "Feature", "properties": { "objectid": 314609, "globalid": "{00000000-0000-0000-0000-000000000000}", "uniq_id": null, "state_code": "24", "district_c": "438", "tehsil_cod": "3782", "block_code": "4052", "village_co": "511638", "lgd_code": "511638", "built_up_a": 2, "village_na": "Lalpur", "area_desc": null, "name": "Lalpur", "owner_name": null, "property_i": null, "property_c": null, "area_sqm": 10.59012572, "roof_type": 1, "no_floors": 0, "remarks": null, "adl_info": null, "gp_code": "276150", "gp_name": "KUBADTHAL - LALPUR", "d_pan_code": 397, "d_pan_name": "Ahmedabad", "b_pan_code": 4414, "b_pan_name": "Daskroi", "sourceofda": null, "area_geo": 10.59012572, "st_area_sh": 12.56423422, "st_length_": 15.193536876 }, "geometry": { "type": "MultiPolygon", "coordinates": [ [ [ [ 8099448.909299999475479, 2636919.283900000154972 ], [ 8099446.488699998706579, 2636919.035199999809265 ], [ 8099445.961100000888109, 2636924.171700000762939 ], [ 8099448.3816, 2636924.420299999415874 ], [ 8099448.909299999475479, 2636919.283900000154972 ] ] ] ] } },
{ "type": "Feature", "properties": { "objectid": 314476, "globalid": "{00000000-0000-0000-0000-000000000000}", "uniq_id": null, "state_code": "24", "district_c": "438", "tehsil_cod": "3782", "block_code": "4052", "village_co": "511638", "lgd_code": "511638", "built_up_a": 2, "village_na": "Lalpur", "area_desc": null, "name": "Lalpur", "owner_name": null, "property_i": null, "property_c": null, "area_sqm": 521.10084478, "roof_type": 4, "no_floors": 0, "remarks": null, "adl_info": null, "gp_code": "276150", "gp_name": "KUBADTHAL - LALPUR", "d_pan_code": 397, "d_pan_name": "Ahmedabad", "b_pan_code": 4414, "b_pan_name": "Daskroi", "sourceofda": null, "area_geo": 521.10084478, "st_area_sh": 618.23428152999998, "st_length_": 100.900548085 }, "geometry": { "type": "MultiPolygon", "coordinates": [ [ [ [ 8099144.60530000180006, 2636847.425900001078844 ], [ 8099114.442699998617172, 2636838.932700000703335 ], [ 8099113.807700000703335, 2636840.837699998170137 ], [ 8099113.013999998569489, 2636860.284600000828505 ], [ 8099138.969700001180172, 2636867.745900001376867 ], [ 8099144.60530000180006, 2636847.425900001078844 ] ] ] ] } },
{ "type": "Feature", "properties": { "objectid": 314295, "globalid": "{00000000-0000-0000-0000-000000000000}", "uniq_id": null, "state_code": "24", "district_c": "439", "tehsil_cod": "3843", "block_code": "4060", "village_co": "515578", "lgd_code": "515578", "built_up_a": 1, "village_na": "Suragpur", "area_desc": null, "name": "Suragpur", "owner_name": null, "property_i": null, "property_c": null, "area_sqm": 110.46935503, "roof_type": 1, "no_floors": 0, "remarks": null, "adl_info": null, "gp_code": "155028", "gp_name": "SURAGPUR", "d_pan_code": 398, "d_pan_name": "Amreli", "b_pan_code": 4422, "b_pan_name": "Amreli", "sourceofda": null, "area_geo": 110.46935503, "st_area_sh": 128.56861005499999, "st_length_": 48.193911244600002 }, "geometry": { "type": "MultiPolygon", "coordinates": [ [ [ [ 7938374.1085, 2474066.730999998748302 ], [ 7938374.265999998897314, 2474075.565200001001358 ], [ 7938380.612700000405312, 2474075.0515 ], [ 7938380.811099998652935, 2474077.5121 ], [ 7938386.750700000673532, 2474077.2956000007689 ], [ 7938386.945599999278784, 2474065.604899998754263 ], [ 7938374.1085, 2474066.730999998748302 ] ] ] ] } },
{ "type": "Feature", "properties": { "objectid": 314275, "globalid": "{00000000-0000-0000-0000-000000000000}", "uniq_id": null, "state_code": "24", "district_c": "439", "tehsil_cod": "3843", "block_code": "4060", "village_co": "515578", "lgd_code": "515578", "built_up_a": 1, "village_na": "Suragpur", "area_desc": null, "name": "Suragpur", "owner_name": null, "property_i": null, "property_c": null, "area_sqm": 47.96195857, "roof_type": 4, "no_floors": 0, "remarks": null, "adl_info": null, "gp_code": "155028", "gp_name": "SURAGPUR", "d_pan_code": 398, "d_pan_name": "Amreli", "b_pan_code": 4422, "b_pan_name": "Amreli", "sourceofda": null, "area_geo": 47.96195857, "st_area_sh": 55.82089088, "st_length_": 32.526403388699997 }, "geometry": { "type": "MultiPolygon", "coordinates": [ [ [ [ 7938411.640700001269579, 2474204.81870000064373 ], [ 7938412.041799999773502, 2474209.252700001001358 ], [ 7938423.2314000017941, 2474208.5287000015378 ], [ 7938423.044399999082088, 2474203.787300001829863 ], [ 7938411.58729999884963, 2474204.168099999427795 ], [ 7938411.640700001269579, 2474204.81870000064373 ] ] ] ] } },
{ "type": "Feature", "properties": { "objectid": 314784, "globalid": "{00000000-0000-0000-0000-000000000000}", "uniq_id": null, "state_code": "24", "district_c": "438", "tehsil_cod": "3782", "block_code": "4052", "village_co": "511638", "lgd_code": "511638", "built_up_a": 1, "village_na": "Lalpur", "area_desc": null, "name": "Lalpur", "owner_name": null, "property_i": null, "property_c": null, "area_sqm": 60.33727014, "roof_type": 4, "no_floors": 0, "remarks": null, "adl_info": null, "gp_code": "276150", "gp_name": "KUBADTHAL - LALPUR", "d_pan_code": 397, "d_pan_name": "Ahmedabad", "b_pan_code": 4414, "b_pan_name": "Daskroi", "sourceofda": null, "area_geo": 60.33727014, "st_area_sh": 71.58490414000001, "st_length_": 38.815819262799998 }, "geometry": { "type": "MultiPolygon", "coordinates": [ [ [ [ 8099107.240899998694658, 2636931.339200001209974 ], [ 8099102.292300000786781, 2636931.157900001853704 ], [ 8099101.763099998235703, 2636945.604200001806021 ], [ 8099106.71169999986887, 2636945.785500001162291 ], [ 8099107.240899998694658, 2636931.339200001209974 ] ] ] ] } },
{ "type": "Feature", "properties": { "objectid": 314618, "globalid": "{00000000-0000-0000-0000-000000000000}", "uniq_id": null, "state_code": "24", "district_c": "438", "tehsil_cod": "3782", "block_code": "4052", "village_co": "511638", "lgd_code": "511638", "built_up_a": 1, "village_na": "Lalpur", "area_desc": null, "name": "Lalpur", "owner_name": null, "property_i": null, "property_c": null, "area_sqm": 51.05324592, "roof_type": 4, "no_floors": 0, "remarks": null, "adl_info": null, "gp_code": "276150", "gp_name": "KUBADTHAL - LALPUR", "d_pan_code": 397, "d_pan_name": "Ahmedabad", "b_pan_code": 4414, "b_pan_name": "Daskroi", "sourceofda": null, "area_geo": 51.05324592, "st_area_sh": 60.57036029, "st_length_": 35.5849941273 }, "geometry": { "type": "MultiPolygon", "coordinates": [ [ [ [ 8099428.011100001633167, 2636964.480900000780821 ], [ 8099430.16160000115633, 2636951.451299998909235 ], [ 8099425.636199999600649, 2636950.7043999992311 ], [ 8099423.4857, 2636963.734000001102686 ], [ 8099428.011100001633167, 2636964.480900000780821 ] ] ] ] } },
{ "type": "Feature", "properties": { "objectid": 314616, "globalid": "{00000000-0000-0000-0000-000000000000}", "uniq_id": null, "state_code": "24", "district_c": "438", "tehsil_cod": "3782", "block_code": "4052", "village_co": "511638", "lgd_code": "511638", "built_up_a": 1, "village_na": "Lalpur", "area_desc": null, "name": "Lalpur", "owner_name": null, "property_i": null, "property_c": null, "area_sqm": 80.44262256, "roof_type": 4, "no_floors": 0, "remarks": null, "adl_info": null, "gp_code": "276150", "gp_name": "KUBADTHAL - LALPUR", "d_pan_code": 397, "d_pan_name": "Ahmedabad", "b_pan_code": 4414, "b_pan_name": "Daskroi", "sourceofda": null, "area_geo": 80.44262256, "st_area_sh": 95.43774781, "st_length_": 41.327516641099997 }, "geometry": { "type": "MultiPolygon", "coordinates": [ [ [ [ 8099444.214600000530481, 2636908.1706000007689 ], [ 8099445.190699998289347, 2636901.270399998873472 ], [ 8099431.630800001323223, 2636899.352200001478195 ], [ 8099430.654699999839067, 2636906.252300001680851 ], [ 8099444.214600000530481, 2636908.1706000007689 ] ] ] ] } },
{ "type": "Feature", "properties": { "objectid": 314393, "globalid": "{00000000-0000-0000-0000-000000000000}", "uniq_id": null, "state_code": "24", "district_c": "439", "tehsil_cod": "3843", "block_code": "4060", "village_co": "515578", "lgd_code": "515578", "built_up_a": 1, "village_na": "Suragpur", "area_desc": null, "name": "Suragpur", "owner_name": null, "property_i": null, "property_c": null, "area_sqm": 30.83881584, "roof_type": 4, "no_floors": 0, "remarks": null, "adl_info": null, "gp_code": "155028", "gp_name": "SURAGPUR", "d_pan_code": 398, "d_pan_name": "Amreli", "b_pan_code": 4422, "b_pan_name": "Amreli", "sourceofda": null, "area_geo": 30.83881584, "st_area_sh": 35.89087039, "st_length_": 23.963911467500001 }, "geometry": { "type": "MultiPolygon", "coordinates": [ [ [ [ 7938301.414700001478195, 2473935.769200000911951 ], [ 7938299.509700000286102, 2473930.107099998742342 ], [ 7938293.794599998742342, 2473932.038600001484156 ], [ 7938295.778999999165535, 2473937.7007 ], [ 7938301.414700001478195, 2473935.769200000911951 ] ] ] ] } },
{ "type": "Feature", "properties": { "objectid": 314766, "globalid": "{00000000-0000-0000-0000-000000000000}", "uniq_id": null, "state_code": "24", "district_c": "438", "tehsil_cod": "3782", "block_code": "4052", "village_co": "511638", "lgd_code": "511638", "built_up_a": 1, "village_na": "Lalpur", "area_desc": null, "name": "Lalpur", "owner_name": null, "property_i": null, "property_c": null, "area_sqm": 7.10518065, "roof_type": 4, "no_floors": 0, "remarks": null, "adl_info": null, "gp_code": "276150", "gp_name": "KUBADTHAL - LALPUR", "d_pan_code": 397, "d_pan_name": "Ahmedabad", "b_pan_code": 4414, "b_pan_name": "Daskroi", "sourceofda": null, "area_geo": 7.10518065, "st_area_sh": 8.42983789, "st_length_": 11.6917860106 }, "geometry": { "type": "MultiPolygon", "coordinates": [ [ [ [ 8099171.895799998193979, 2637094.912999998778105 ], [ 8099168.638300001621246, 2637094.778999999165535 ], [ 8099168.532000001519918, 2637097.362399999052286 ], [ 8099171.789500001817942, 2637097.496500000357628 ], [ 8099171.895799998193979, 2637094.912999998778105 ] ] ] ] } },
{ "type": "Feature", "properties": { "objectid": 314554, "globalid": "{00000000-0000-0000-0000-000000000000}", "uniq_id": null, "state_code": "24", "district_c": "438", "tehsil_cod": "3782", "block_code": "4052", "village_co": "511638", "lgd_code": "511638", "built_up_a": 1, "village_na": "Lalpur", "area_desc": null, "name": "Lalpur", "owner_name": null, "property_i": null, "property_c": null, "area_sqm": 112.85639941, "roof_type": 1, "no_floors": 0, "remarks": null, "adl_info": null, "gp_code": "276150", "gp_name": "KUBADTHAL - LALPUR", "d_pan_code": 397, "d_pan_name": "Ahmedabad", "b_pan_code": 4414, "b_pan_name": "Daskroi", "sourceofda": null, "area_geo": 112.85639941, "st_area_sh": 133.89283312000001, "st_length_": 48.7782374019 }, "geometry": { "type": "MultiPolygon", "coordinates": [ [ [ [ 8099352.038100000470877, 2636856.520500000566244 ], [ 8099359.951999999582767, 2636859.1699 ], [ 8099365.045200001448393, 2636843.956300001591444 ], [ 8099357.131299998611212, 2636841.30689999833703 ], [ 8099352.038100000470877, 2636856.520500000566244 ] ] ] ] } },
{ "type": "Feature", "properties": { "objectid": 314717, "globalid": "{00000000-0000-0000-0000-000000000000}", "uniq_id": null, "state_code": "24", "district_c": "438", "tehsil_cod": "3782", "block_code": "4052", "village_co": "511638", "lgd_code": "511638", "built_up_a": 1, "village_na": "Lalpur", "area_desc": null, "name": "Lalpur", "owner_name": null, "property_i": null, "property_c": null, "area_sqm": 7.49500571, "roof_type": 4, "no_floors": 0, "remarks": null, "adl_info": null, "gp_code": "276150", "gp_name": "KUBADTHAL - LALPUR", "d_pan_code": 397, "d_pan_name": "Ahmedabad", "b_pan_code": 4414, "b_pan_name": "Daskroi", "sourceofda": null, "area_geo": 7.49500571, "st_area_sh": 8.892297375, "st_length_": 11.9444608816 }, "geometry": { "type": "MultiPolygon", "coordinates": [ [ [ [ 8099294.192299999296665, 2637055.053899999707937 ], [ 8099291.381499998271465, 2637054.822599999606609 ], [ 8099291.124000001698732, 2637057.97859999909997 ], [ 8099293.959699999541044, 2637058.161299999803305 ], [ 8099294.192299999296665, 2637055.053899999707937 ] ] ] ] } },
{ "type": "Feature", "properties": { "objectid": 314687, "globalid": "{00000000-0000-0000-0000-000000000000}", "uniq_id": null, "state_code": "24", "district_c": "438", "tehsil_cod": "3782", "block_code": "4052", "village_co": "511638", "lgd_code": "511638", "built_up_a": 1, "village_na": "Lalpur", "area_desc": null, "name": "Lalpur", "owner_name": null, "property_i": null, "property_c": null, "area_sqm": 73.50818704, "roof_type": 1, "no_floors": 0, "remarks": null, "adl_info": null, "gp_code": "276150", "gp_name": "KUBADTHAL - LALPUR", "d_pan_code": 397, "d_pan_name": "Ahmedabad", "b_pan_code": 4414, "b_pan_name": "Daskroi", "sourceofda": null, "area_geo": 73.50818704, "st_area_sh": 87.21172626000001, "st_length_": 42.305492727699999 }, "geometry": { "type": "MultiPolygon", "coordinates": [ [ [ [ 8099400.277399998158216, 2636998.596999999135733 ], [ 8099390.906700000166893, 2636998.205400001257658 ], [ 8099390.585700001567602, 2637005.886700000613928 ], [ 8099404.038699999451637, 2637006.448899999260902 ], [ 8099404.19310000166297, 2637002.754799999296665 ], [ 8099400.110800001770258, 2637002.584199998527765 ], [ 8099400.277399998158216, 2636998.596999999135733 ] ] ] ] } },
{ "type": "Feature", "properties": { "objectid": 314293, "globalid": "{00000000-0000-0000-0000-000000000000}", "uniq_id": null, "state_code": "24", "district_c": "439", "tehsil_cod": "3843", "block_code": "4060", "village_co": "515578", "lgd_code": "515578", "built_up_a": 1, "village_na": "Suragpur", "area_desc": null, "name": "Suragpur", "owner_name": null, "property_i": null, "property_c": null, "area_sqm": 437.74901651, "roof_type": 1, "no_floors": 0, "remarks": null, "adl_info": null, "gp_code": "155028", "gp_name": "SURAGPUR", "d_pan_code": 398, "d_pan_name": "Amreli", "b_pan_code": 4422, "b_pan_name": "Amreli", "sourceofda": null, "area_geo": 437.74901651, "st_area_sh": 509.46852341, "st_length_": 155.226216948 }, "geometry": { "type": "MultiPolygon", "coordinates": [ [ [ [ 7938358.176699999719858, 2474051.737300001084805 ], [ 7938381.0489999987185, 2474049.839000001549721 ], [ 7938381.114500001072884, 2474053.016699999570847 ], [ 7938381.246800001710653, 2474059.432900000363588 ], [ 7938366.297800000756979, 2474060.888099998235703 ], [ 7938366.363899998366833, 2474061.946400001645088 ], [ 7938358.228000000119209, 2474062.607900001108646 ], [ 7938358.381700001657009, 2474067.220499999821186 ], [ 7938386.954700000584126, 2474065.057799998670816 ], [ 7938387.381999999284744, 2474039.418000001460314 ], [ 7938358.011700000613928, 2474041.671999998390675 ], [ 7938358.176699999719858, 2474051.737300001084805 ] ] ] ] } },
{ "type": "Feature", "properties": { "objectid": 314621, "globalid": "{00000000-0000-0000-0000-000000000000}", "uniq_id": null, "state_code": "24", "district_c": "438", "tehsil_cod": "3782", "block_code": "4052", "village_co": "511638", "lgd_code": "511638", "built_up_a": 1, "village_na": "Lalpur", "area_desc": null, "name": "Lalpur", "owner_name": null, "property_i": null, "property_c": null, "area_sqm": 45.06359852, "roof_type": 4, "no_floors": 0, "remarks": null, "adl_info": null, "gp_code": "276150", "gp_name": "KUBADTHAL - LALPUR", "d_pan_code": 397, "d_pan_name": "Ahmedabad", "b_pan_code": 4414, "b_pan_name": "Daskroi", "sourceofda": null, "area_geo": 45.06359852, "st_area_sh": 53.46405913, "st_length_": 31.476324954199999 }, "geometry": { "type": "MultiPolygon", "coordinates": [ [ [ [ 8099415.778099998831749, 2636946.58559999987483 ], [ 8099416.836399998515844, 2636941.823100000619888 ], [ 8099405.9222999997437, 2636940.467099998146296 ], [ 8099405.326999999582767, 2636945.527300000190735 ], [ 8099415.778099998831749, 2636946.58559999987483 ] ] ] ] } },
{ "type": "Feature", "properties": { "objectid": 314241, "globalid": "{00000000-0000-0000-0000-000000000000}", "uniq_id": null, "state_code": "24", "district_c": "439", "tehsil_cod": "3843", "block_code": "4060", "village_co": "515578", "lgd_code": "515578", "built_up_a": 1, "village_na": "Suragpur", "area_desc": null, "name": "Suragpur", "owner_name": null, "property_i": null, "property_c": null, "area_sqm": 37.97758331, "roof_type": 4, "no_floors": 0, "remarks": null, "adl_info": null, "gp_code": "155028", "gp_name": "SURAGPUR", "d_pan_code": 398, "d_pan_name": "Amreli", "b_pan_code": 4422, "b_pan_name": "Amreli", "sourceofda": null, "area_geo": 37.97758331, "st_area_sh": 44.206466355000003, "st_length_": 26.645375039699999 }, "geometry": { "type": "MultiPolygon", "coordinates": [ [ [ [ 7938463.448699999600649, 2475384.143899999558926 ], [ 7938457.718699999153614, 2475380.002399999648333 ], [ 7938454.056000001728535, 2475385.070000000298023 ], [ 7938459.786100000143051, 2475389.211500000208616 ], [ 7938463.448699999600649, 2475384.143899999558926 ] ] ] ] } },
{ "type": "Feature", "properties": { "objectid": 314486, "globalid": "{00000000-0000-0000-0000-000000000000}", "uniq_id": null, "state_code": "24", "district_c": "438", "tehsil_cod": "3782", "block_code": "4052", "village_co": "511638", "lgd_code": "511638", "built_up_a": 2, "village_na": "Lalpur", "area_desc": null, "name": "Lalpur", "owner_name": null, "property_i": null, "property_c": null, "area_sqm": 49.07962059, "roof_type": 4, "no_floors": 0, "remarks": null, "adl_info": null, "gp_code": "276150", "gp_name": "KUBADTHAL - LALPUR", "d_pan_code": 397, "d_pan_name": "Ahmedabad", "b_pan_code": 4414, "b_pan_name": "Daskroi", "sourceofda": null, "area_geo": 49.07962059, "st_area_sh": 58.22772944, "st_length_": 30.962215886100001 }, "geometry": { "type": "MultiPolygon", "coordinates": [ [ [ [ 8099115.474599998444319, 2636805.4364 ], [ 8099123.585900001227856, 2636807.408500000834465 ], [ 8099124.966400001198053, 2636800.771800000220537 ], [ 8099115.758900001645088, 2636798.98589999973774 ], [ 8099115.474599998444319, 2636805.4364 ] ] ] ] } },
{ "type": "Feature", "properties": { "objectid": 314355, "globalid": "{00000000-0000-0000-0000-000000000000}", "uniq_id": null, "state_code": "24", "district_c": "439", "tehsil_cod": "3843", "block_code": "4060", "village_co": "515578", "lgd_code": "515578", "built_up_a": 1, "village_na": "Suragpur", "area_desc": null, "name": "Suragpur", "owner_name": null, "property_i": null, "property_c": null, "area_sqm": 37.0190378, "roof_type": 4, "no_floors": 0, "remarks": null, "adl_info": null, "gp_code": "155028", "gp_name": "SURAGPUR", "d_pan_code": 398, "d_pan_name": "Amreli", "b_pan_code": 4422, "b_pan_name": "Amreli", "sourceofda": null, "area_geo": 37.0190378, "st_area_sh": 43.083817994999997, "st_length_": 26.4049578451 }, "geometry": { "type": "MultiPolygon", "coordinates": [ [ [ [ 7938309.625, 2473986.145100001245737 ], [ 7938310.816399998962879, 2473993.510299999266863 ], [ 7938316.57490000128746, 2473992.417100001126528 ], [ 7938315.541600000113249, 2473985.376200001686811 ], [ 7938309.625, 2473986.145100001245737 ] ] ] ] } },
{ "type": "Feature", "properties": { "objectid": 314625, "globalid": "{00000000-0000-0000-0000-000000000000}", "uniq_id": null, "state_code": "24", "district_c": "438", "tehsil_cod": "3782", "block_code": "4052", "village_co": "511638", "lgd_code": "511638", "built_up_a": 1, "village_na": "Lalpur", "area_desc": null, "name": "Lalpur", "owner_name": null, "property_i": null, "property_c": null, "area_sqm": 100.72603741, "roof_type": 1, "no_floors": 0, "remarks": null, "adl_info": null, "gp_code": "276150", "gp_name": "KUBADTHAL - LALPUR", "d_pan_code": 397, "d_pan_name": "Ahmedabad", "b_pan_code": 4414, "b_pan_name": "Daskroi", "sourceofda": null, "area_geo": 100.72603741, "st_area_sh": 119.50274233499999, "st_length_": 49.4777361748 }, "geometry": { "type": "MultiPolygon", "coordinates": [ [ [ [ 8099365.776099998503923, 2636941.456799998879433 ], [ 8099356.857700001448393, 2636940.768899999558926 ], [ 8099356.17790000140667, 2636947.0337999984622 ], [ 8099374.222500000149012, 2636948.991700001060963 ], [ 8099374.963199999183416, 2636942.165500000119209 ], [ 8099365.776099998503923, 2636941.456799998879433 ] ] ] ] } },
{ "type": "Feature", "properties": { "objectid": 314614, "globalid": "{00000000-0000-0000-0000-000000000000}", "uniq_id": null, "state_code": "24", "district_c": "438", "tehsil_cod": "3782", "block_code": "4052", "village_co": "511638", "lgd_code": "511638", "built_up_a": 2, "village_na": "Lalpur", "area_desc": null, "name": "Lalpur", "owner_name": null, "property_i": null, "property_c": null, "area_sqm": 104.12233897, "roof_type": 4, "no_floors": 0, "remarks": null, "adl_info": null, "gp_code": "276150", "gp_name": "KUBADTHAL - LALPUR", "d_pan_code": 397, "d_pan_name": "Ahmedabad", "b_pan_code": 4414, "b_pan_name": "Daskroi", "sourceofda": null, "area_geo": 104.12233897, "st_area_sh": 123.531905415, "st_length_": 57.636344870800002 }, "geometry": { "type": "MultiPolygon", "coordinates": [ [ [ [ 8099427.607200000435114, 2636936.226399999111891 ], [ 8099429.551899999380112, 2636917.295400001108646 ], [ 8099424.189500000327826, 2636916.7445 ], [ 8099422.729600001126528, 2636930.956500001251698 ], [ 8099419.171399999409914, 2636930.590999998152256 ], [ 8099419.1743, 2636930.667100001126528 ], [ 8099418.234900001436472, 2636930.670800000429153 ], [ 8099417.89299999922514, 2636935.228500001132488 ], [ 8099422.244899999350309, 2636935.675500001758337 ], [ 8099427.607200000435114, 2636936.226399999111891 ] ] ] ] } },
{ "type": "Feature", "properties": { "objectid": 314429, "globalid": "{00000000-0000-0000-0000-000000000000}", "uniq_id": null, "state_code": "24", "district_c": "439", "tehsil_cod": "3843", "block_code": "4060", "village_co": "515578", "lgd_code": "515578", "built_up_a": 1, "village_na": "Suragpur", "area_desc": null, "name": "Suragpur", "owner_name": null, "property_i": null, "property_c": null, "area_sqm": 6.97376779, "roof_type": 4, "no_floors": 0, "remarks": null, "adl_info": null, "gp_code": "155028", "gp_name": "SURAGPUR", "d_pan_code": 398, "d_pan_name": "Amreli", "b_pan_code": 4422, "b_pan_name": "Amreli", "sourceofda": null, "area_geo": 6.97376779, "st_area_sh": 8.1161673, "st_length_": 11.7820794731 }, "geometry": { "type": "MultiPolygon", "coordinates": [ [ [ [ 7938353.122999999672174, 2473876.1985 ], [ 7938349.632500000298023, 2473877.4474 ], [ 7938350.390999998897314, 2473879.432500001043081 ], [ 7938353.896800000220537, 2473878.341099999845028 ], [ 7938353.122999999672174, 2473876.1985 ] ] ] ] } },
{ "type": "Feature", "properties": { "objectid": 314673, "globalid": "{00000000-0000-0000-0000-000000000000}", "uniq_id": null, "state_code": "24", "district_c": "438", "tehsil_cod": "3782", "block_code": "4052", "village_co": "511638", "lgd_code": "511638", "built_up_a": 1, "village_na": "Lalpur", "area_desc": null, "name": "Lalpur", "owner_name": null, "property_i": null, "property_c": null, "area_sqm": 7.98510363, "roof_type": 4, "no_floors": 0, "remarks": null, "adl_info": null, "gp_code": "276150", "gp_name": "KUBADTHAL - LALPUR", "d_pan_code": 397, "d_pan_name": "Ahmedabad", "b_pan_code": 4414, "b_pan_name": "Daskroi", "sourceofda": null, "area_geo": 7.98510363, "st_area_sh": 9.47370137, "st_length_": 12.846006638 }, "geometry": { "type": "MultiPolygon", "coordinates": [ [ [ [ 8099350.169100001454353, 2636999.615699999034405 ], [ 8099348.840700000524521, 2637003.530900001525879 ], [ 8099351.0625, 2637004.230500001460314 ], [ 8099352.3224, 2637000.307199999690056 ], [ 8099350.169100001454353, 2636999.615699999034405 ] ] ] ] } },
{ "type": "Feature", "properties": { "objectid": 314450, "globalid": "{00000000-0000-0000-0000-000000000000}", "uniq_id": null, "state_code": "24", "district_c": "439", "tehsil_cod": "3843", "block_code": "4060", "village_co": "515578", "lgd_code": "515578", "built_up_a": 1, "village_na": "Suragpur", "area_desc": null, "name": "Suragpur", "owner_name": null, "property_i": null, "property_c": null, "area_sqm": 166.98727276, "roof_type": 1, "no_floors": 0, "remarks": null, "adl_info": null, "gp_code": "155028", "gp_name": "SURAGPUR", "d_pan_code": 398, "d_pan_name": "Amreli", "b_pan_code": 4422, "b_pan_name": "Amreli", "sourceofda": null, "area_geo": 166.98727276, "st_area_sh": 194.34055164, "st_length_": 68.741668380099995 }, "geometry": { "type": "MultiPolygon", "coordinates": [ [ [ [ 7938445.086199998855591, 2473813.339499998837709 ], [ 7938444.04450000077486, 2473810.562399998307228 ], [ 7938448.028400000184774, 2473809.230200000107288 ], [ 7938449.162999998778105, 2473808.838300000876188 ], [ 7938447.994100000709295, 2473805.34910000115633 ], [ 7938446.946100000292063, 2473805.711100000888109 ], [ 7938446.366700001060963, 2473803.981699999421835 ], [ 7938447.414799999445677, 2473803.619699999690056 ], [ 7938446.076499998569489, 2473799.624899998307228 ], [ 7938438.54619999974966, 2473802.226100001484156 ], [ 7938438.999600000679493, 2473803.579700000584126 ], [ 7938436.853900000452995, 2473804.320799998939037 ], [ 7938436.400499999523163, 2473802.967199999839067 ], [ 7938430.415100000798702, 2473805.034699998795986 ], [ 7938431.784600000828505, 2473809.122600000351667 ], [ 7938433.039099998772144, 2473808.689300000667572 ], [ 7938433.618999999016523, 2473810.420200001448393 ], [ 7938432.364399999380112, 2473810.853500001132488 ], [ 7938434.461800001561642, 2473817.114199999719858 ], [ 7938439.584899999201298, 2473815.3277000002563 ], [ 7938439.902399998158216, 2473816.296100001782179 ], [ 7938440.886599998921156, 2473815.97859999909997 ], [ 7938441.505800001323223, 2473816.05799999833107 ], [ 7938442.442400000989437, 2473815.97859999909997 ], [ 7938442.997999999672174, 2473815.81980000063777 ], [ 7938443.5537, 2473815.534099999815226 ], [ 7938444.379200000315905, 2473814.75620000064373 ], [ 7938445.442400000989437, 2473814.402800001204014 ], [ 7938445.086199998855591, 2473813.339499998837709 ] ] ] ] } },
{ "type": "Feature", "properties": { "objectid": 314540, "globalid": "{00000000-0000-0000-0000-000000000000}", "uniq_id": null, "state_code": "24", "district_c": "438", "tehsil_cod": "3782", "block_code": "4052", "village_co": "511638", "lgd_code": "511638", "built_up_a": 1, "village_na": "Lalpur", "area_desc": null, "name": "Lalpur", "owner_name": null, "property_i": null, "property_c": null, "area_sqm": 13.06024179, "roof_type": 1, "no_floors": 0, "remarks": null, "adl_info": null, "gp_code": "276150", "gp_name": "KUBADTHAL - LALPUR", "d_pan_code": 397, "d_pan_name": "Ahmedabad", "b_pan_code": 4414, "b_pan_name": "Daskroi", "sourceofda": null, "area_geo": 13.06024179, "st_area_sh": 15.494915425, "st_length_": 15.780050708699999 }, "geometry": { "type": "MultiPolygon", "coordinates": [ [ [ [ 8099302.450800001621246, 2636978.787500001490116 ], [ 8099298.293999999761581, 2636978.14469999819994 ], [ 8099297.730999998748302, 2636981.785199999809265 ], [ 8099301.887899998575449, 2636982.427999999374151 ], [ 8099302.184300001710653, 2636980.511199999600649 ], [ 8099302.450800001621246, 2636978.787500001490116 ] ] ] ] } },
{ "type": "Feature", "properties": { "objectid": 314508, "globalid": "{00000000-0000-0000-0000-000000000000}", "uniq_id": null, "state_code": "24", "district_c": "438", "tehsil_cod": "3782", "block_code": "4052", "village_co": "511638", "lgd_code": "511638", "built_up_a": 1, "village_na": "Lalpur", "area_desc": null, "name": "Lalpur", "owner_name": null, "property_i": null, "property_c": null, "area_sqm": 10.8833372, "roof_type": 4, "no_floors": 0, "remarks": null, "adl_info": null, "gp_code": "276150", "gp_name": "KUBADTHAL - LALPUR", "d_pan_code": 397, "d_pan_name": "Ahmedabad", "b_pan_code": 4414, "b_pan_name": "Daskroi", "sourceofda": null, "area_geo": 10.8833372, "st_area_sh": 12.91207743, "st_length_": 14.498523156699999 }, "geometry": { "type": "MultiPolygon", "coordinates": [ [ [ [ 8099218.616799999028444, 2636905.975000001490116 ], [ 8099221.924100000411272, 2636907.761 ], [ 8099222.878400001674891, 2636904.094000000506639 ], [ 8099219.509799998253584, 2636902.7668999992311 ], [ 8099218.616799999028444, 2636905.975000001490116 ] ] ] ] } },
{ "type": "Feature", "properties": { "objectid": 314447, "globalid": "{00000000-0000-0000-0000-000000000000}", "uniq_id": null, "state_code": "24", "district_c": "439", "tehsil_cod": "3843", "block_code": "4060", "village_co": "515578", "lgd_code": "515578", "built_up_a": 1, "village_na": "Suragpur", "area_desc": null, "name": "Suragpur", "owner_name": null, "property_i": null, "property_c": null, "area_sqm": 18.95326138, "roof_type": 4, "no_floors": 0, "remarks": null, "adl_info": null, "gp_code": "155028", "gp_name": "SURAGPUR", "d_pan_code": 398, "d_pan_name": "Amreli", "b_pan_code": 4422, "b_pan_name": "Amreli", "sourceofda": null, "area_geo": 18.95326138, "st_area_sh": 22.05787729, "st_length_": 18.915741967599999 }, "geometry": { "type": "MultiPolygon", "coordinates": [ [ [ [ 7938419.022799998521805, 2473804.4037000015378 ], [ 7938417.128600001335144, 2473799.410000000149012 ], [ 7938413.201900001615286, 2473800.805399999022484 ], [ 7938415.0011, 2473805.673700001090765 ], [ 7938419.022799998521805, 2473804.4037000015378 ] ] ] ] } },
{ "type": "Feature", "properties": { "objectid": 314606, "globalid": "{00000000-0000-0000-0000-000000000000}", "uniq_id": null, "state_code": "24", "district_c": "438", "tehsil_cod": "3782", "block_code": "4052", "village_co": "511638", "lgd_code": "511638", "built_up_a": 1, "village_na": "Lalpur", "area_desc": null, "name": "Lalpur", "owner_name": null, "property_i": null, "property_c": null, "area_sqm": 61.72637287, "roof_type": 1, "no_floors": 0, "remarks": null, "adl_info": null, "gp_code": "276150", "gp_name": "KUBADTHAL - LALPUR", "d_pan_code": 397, "d_pan_name": "Ahmedabad", "b_pan_code": 4414, "b_pan_name": "Daskroi", "sourceofda": null, "area_geo": 61.72637287, "st_area_sh": 73.232759095000006, "st_length_": 45.000650041699998 }, "geometry": { "type": "MultiPolygon", "coordinates": [ [ [ [ 8099405.421900000423193, 2636919.350499998778105 ], [ 8099405.421900000423193, 2636918.128800000995398 ], [ 8099408.081000000238419, 2636918.049499999731779 ], [ 8099408.081599999219179, 2636919.408300001174212 ], [ 8099413.993099998682737, 2636919.536899998784065 ], [ 8099413.671399999409914, 2636913.581900000572205 ], [ 8099403.653299998492002, 2636913.364100001752377 ], [ 8099403.592300001531839, 2636916.168499998748302 ], [ 8099398.584499999880791, 2636916.05970000103116 ], [ 8099398.516199998557568, 2636919.200399998575449 ], [ 8099405.421900000423193, 2636919.350499998778105 ] ] ] ] } },
{ "type": "Feature", "properties": { "objectid": 314261, "globalid": "{00000000-0000-0000-0000-000000000000}", "uniq_id": null, "state_code": "24", "district_c": "439", "tehsil_cod": "3843", "block_code": "4060", "village_co": "515578", "lgd_code": "515578", "built_up_a": 1, "village_na": "Suragpur", "area_desc": null, "name": "Suragpur", "owner_name": null, "property_i": null, "property_c": null, "area_sqm": 93.76911596, "roof_type": 1, "no_floors": 0, "remarks": null, "adl_info": null, "gp_code": "155028", "gp_name": "SURAGPUR", "d_pan_code": 398, "d_pan_name": "Amreli", "b_pan_code": 4422, "b_pan_name": "Amreli", "sourceofda": null, "area_geo": 93.76911596, "st_area_sh": 109.13477197, "st_length_": 44.207343680500003 }, "geometry": { "type": "MultiPolygon", "coordinates": [ [ [ [ 7938404.846400000154972, 2474270.5504 ], [ 7938405.4463, 2474281.712000001221895 ], [ 7938416.271800000220537, 2474281.130199998617172 ], [ 7938416.069499999284744, 2474275.897399999201298 ], [ 7938413.887200001627207, 2474276.014699999243021 ], [ 7938413.657699998468161, 2474270.0768 ], [ 7938404.846400000154972, 2474270.5504 ] ] ] ] } },
{ "type": "Feature", "properties": { "objectid": 314455, "globalid": "{00000000-0000-0000-0000-000000000000}", "uniq_id": null, "state_code": "24", "district_c": "439", "tehsil_cod": "3843", "block_code": "4060", "village_co": "515578", "lgd_code": "515578", "built_up_a": 1, "village_na": "Suragpur", "area_desc": null, "name": "Suragpur", "owner_name": null, "property_i": null, "property_c": null, "area_sqm": 41.98139666, "roof_type": 4, "no_floors": 0, "remarks": null, "adl_info": null, "gp_code": "155028", "gp_name": "SURAGPUR", "d_pan_code": 398, "d_pan_name": "Amreli", "b_pan_code": 4422, "b_pan_name": "Amreli", "sourceofda": null, "area_geo": 41.98139666, "st_area_sh": 48.8584073, "st_length_": 33.350029119200002 }, "geometry": { "type": "MultiPolygon", "coordinates": [ [ [ [ 7938457.039700001478195, 2473851.914099998772144 ], [ 7938455.306200001388788, 2473852.546100001782179 ], [ 7938455.413499999791384, 2473852.870000001043081 ], [ 7938453.439500000327826, 2473853.589600000530481 ], [ 7938454.481100000441074, 2473856.732799999415874 ], [ 7938455.462799999862909, 2473856.374899998307228 ], [ 7938456.666499998420477, 2473860.006900001317263 ], [ 7938464.362700000405312, 2473857.456500001251698 ], [ 7938462.916200000792742, 2473853.091600000858307 ], [ 7938457.972800001502037, 2473854.729800000786781 ], [ 7938457.039700001478195, 2473851.914099998772144 ] ] ] ] } },
{ "type": "Feature", "properties": { "objectid": 314366, "globalid": "{00000000-0000-0000-0000-000000000000}", "uniq_id": null, "state_code": "24", "district_c": "439", "tehsil_cod": "3843", "block_code": "4060", "village_co": "515578", "lgd_code": "515578", "built_up_a": 1, "village_na": "Suragpur", "area_desc": null, "name": "Suragpur", "owner_name": null, "property_i": null, "property_c": null, "area_sqm": 12.72575244, "roof_type": 4, "no_floors": 0, "remarks": null, "adl_info": null, "gp_code": "155028", "gp_name": "SURAGPUR", "d_pan_code": 398, "d_pan_name": "Amreli", "b_pan_code": 4422, "b_pan_name": "Amreli", "sourceofda": null, "area_geo": 12.72575244, "st_area_sh": 14.810535235, "st_length_": 15.6644192337 }, "geometry": { "type": "MultiPolygon", "coordinates": [ [ [ [ 7938235.38060000166297, 2473954.739700000733137 ], [ 7938234.626499999314547, 2473951.592599999159575 ], [ 7938230.101599998772144, 2473952.805599998682737 ], [ 7938230.921799998730421, 2473955.846400000154972 ], [ 7938235.38060000166297, 2473954.739700000733137 ] ] ] ] } },
{ "type": "Feature", "properties": { "objectid": 314534, "globalid": "{00000000-0000-0000-0000-000000000000}", "uniq_id": null, "state_code": "24", "district_c": "438", "tehsil_cod": "3782", "block_code": "4052", "village_co": "511638", "lgd_code": "511638", "built_up_a": 1, "village_na": "Lalpur", "area_desc": null, "name": "Lalpur", "owner_name": null, "property_i": null, "property_c": null, "area_sqm": 91.75903527, "roof_type": 1, "no_floors": 0, "remarks": null, "adl_info": null, "gp_code": "276150", "gp_name": "KUBADTHAL - LALPUR", "d_pan_code": 397, "d_pan_name": "Ahmedabad", "b_pan_code": 4414, "b_pan_name": "Daskroi", "sourceofda": null, "area_geo": 91.75903527, "st_area_sh": 108.8640778, "st_length_": 43.423981525199999 }, "geometry": { "type": "MultiPolygon", "coordinates": [ [ [ [ 8099292.026500001549721, 2636933.530799999833107 ], [ 8099287.228300001472235, 2636933.161699999123812 ], [ 8099287.166999999433756, 2636933.957800000905991 ], [ 8099279.4037000015378, 2636933.3607 ], [ 8099279.137499999254942, 2636941.729499999433756 ], [ 8099291.587699998170137, 2636942.687199998646975 ], [ 8099292.026500001549721, 2636933.530799999833107 ] ] ] ] } },
{ "type": "Feature", "properties": { "objectid": 314652, "globalid": "{00000000-0000-0000-0000-000000000000}", "uniq_id": null, "state_code": "24", "district_c": "438", "tehsil_cod": "3782", "block_code": "4052", "village_co": "511638", "lgd_code": "511638", "built_up_a": 1, "village_na": "Lalpur", "area_desc": null, "name": "Lalpur", "owner_name": null, "property_i": null, "property_c": null, "area_sqm": 20.42047457, "roof_type": 4, "no_floors": 0, "remarks": null, "adl_info": null, "gp_code": "276150", "gp_name": "KUBADTHAL - LALPUR", "d_pan_code": 397, "d_pan_name": "Ahmedabad", "b_pan_code": 4414, "b_pan_name": "Daskroi", "sourceofda": null, "area_geo": 20.42047457, "st_area_sh": 24.22721472, "st_length_": 19.7220724049 }, "geometry": { "type": "MultiPolygon", "coordinates": [ [ [ [ 8099329.713599998503923, 2636972.8277000002563 ], [ 8099325.739399999380112, 2636970.473999999463558 ], [ 8099323.098600000143051, 2636974.971900001168251 ], [ 8099327.117600001394749, 2636977.352200001478195 ], [ 8099329.713599998503923, 2636972.8277000002563 ] ] ] ] } },
{ "type": "Feature", "properties": { "objectid": 314345, "globalid": "{00000000-0000-0000-0000-000000000000}", "uniq_id": null, "state_code": "24", "district_c": "439", "tehsil_cod": "3843", "block_code": "4060", "village_co": "515578", "lgd_code": "515578", "built_up_a": 1, "village_na": "Suragpur", "area_desc": null, "name": "Suragpur", "owner_name": null, "property_i": null, "property_c": null, "area_sqm": 427.22914183, "roof_type": 1, "no_floors": 0, "remarks": null, "adl_info": null, "gp_code": "155028", "gp_name": "SURAGPUR", "d_pan_code": 398, "d_pan_name": "Amreli", "b_pan_code": 4422, "b_pan_name": "Amreli", "sourceofda": null, "area_geo": 427.22914183, "st_area_sh": 497.22163741999998, "st_length_": 167.17474063399999 }, "geometry": { "type": "MultiPolygon", "coordinates": [ [ [ [ 7938316.906300000846386, 2474000.137200001627207 ], [ 7938315.874299999326468, 2473992.55009999871254 ], [ 7938303.057300001382828, 2473994.983300000429153 ], [ 7938300.213100001215935, 2473978.413800001144409 ], [ 7938302.627399999648333, 2473977.752300001680851 ], [ 7938302.858899999409914, 2473978.711399998515844 ], [ 7938307.290699999779463, 2473977.421599999070168 ], [ 7938308.547400001436472, 2473986.285100001841784 ], [ 7938315.541600000113249, 2473985.376200001686811 ], [ 7938313.4551, 2473971.1587999984622 ], [ 7938292.754599999636412, 2473977.635499998927116 ], [ 7938296.060199998319149, 2473996.899099998176098 ], [ 7938294.737199999392033, 2473997.206799998879433 ], [ 7938297.932, 2474014.130699999630451 ], [ 7938303.728999998420477, 2474013.083799999207258 ], [ 7938302.098200000822544, 2474004.144499998539686 ], [ 7938310.86259999871254, 2474002.391699999570847 ], [ 7938310.697200000286102, 2474001.267200000584126 ], [ 7938316.906300000846386, 2474000.137200001627207 ] ] ] ] } },
{ "type": "Feature", "properties": { "objectid": 314258, "globalid": "{00000000-0000-0000-0000-000000000000}", "uniq_id": null, "state_code": "24", "district_c": "439", "tehsil_cod": "3843", "block_code": "4060", "village_co": "515578", "lgd_code": "515578", "built_up_a": 1, "village_na": "Suragpur", "area_desc": null, "name": "Suragpur", "owner_name": null, "property_i": null, "property_c": null, "area_sqm": 58.21128648, "roof_type": 1, "no_floors": 0, "remarks": null, "adl_info": null, "gp_code": "155028", "gp_name": "SURAGPUR", "d_pan_code": 398, "d_pan_name": "Amreli", "b_pan_code": 4422, "b_pan_name": "Amreli", "sourceofda": null, "area_geo": 58.21128648, "st_area_sh": 67.7511148, "st_length_": 32.944230934700002 }, "geometry": { "type": "MultiPolygon", "coordinates": [ [ [ [ 7938429.629099998623133, 2474399.345600001513958 ], [ 7938429.230099998414516, 2474390.833399999886751 ], [ 7938421.28830000013113, 2474391.205600000917912 ], [ 7938421.687300000339746, 2474399.7179000005126 ], [ 7938429.629099998623133, 2474399.345600001513958 ] ] ] ] } },
{ "type": "Feature", "properties": { "objectid": 314568, "globalid": "{00000000-0000-0000-0000-000000000000}", "uniq_id": null, "state_code": "24", "district_c": "438", "tehsil_cod": "3782", "block_code": "4052", "village_co": "511638", "lgd_code": "511638", "built_up_a": 1, "village_na": "Lalpur", "area_desc": null, "name": "Lalpur", "owner_name": null, "property_i": null, "property_c": null, "area_sqm": 76.16229429000001, "roof_type": 1, "no_floors": 0, "remarks": null, "adl_info": null, "gp_code": "276150", "gp_name": "KUBADTHAL - LALPUR", "d_pan_code": 397, "d_pan_name": "Ahmedabad", "b_pan_code": 4414, "b_pan_name": "Daskroi", "sourceofda": null, "area_geo": 76.16229429000001, "st_area_sh": 90.359274095000004, "st_length_": 48.112802197199997 }, "geometry": { "type": "MultiPolygon", "coordinates": [ [ [ [ 8099344.741799999028444, 2636870.603500001132488 ], [ 8099345.001499999314547, 2636874.326099999248981 ], [ 8099346.0912000015378, 2636889.947900000959635 ], [ 8099350.743000000715256, 2636889.857200000435114 ], [ 8099349.41950000077486, 2636870.512299999594688 ], [ 8099344.741799999028444, 2636870.603500001132488 ] ] ] ] } },
{ "type": "Feature", "properties": { "objectid": 314463, "globalid": "{00000000-0000-0000-0000-000000000000}", "uniq_id": null, "state_code": "24", "district_c": "439", "tehsil_cod": "3843", "block_code": "4060", "village_co": "515578", "lgd_code": "515578", "built_up_a": 1, "village_na": "Suragpur", "area_desc": null, "name": "Suragpur", "owner_name": null, "property_i": null, "property_c": null, "area_sqm": 173.14104231, "roof_type": 4, "no_floors": 0, "remarks": null, "adl_info": null, "gp_code": "155028", "gp_name": "SURAGPUR", "d_pan_code": 398, "d_pan_name": "Amreli", "b_pan_code": 4422, "b_pan_name": "Amreli", "sourceofda": null, "area_geo": 173.14104231, "st_area_sh": 201.50275608000001, "st_length_": 80.050771807299995 }, "geometry": { "type": "MultiPolygon", "coordinates": [ [ [ [ 7938480.639400001615286, 2473811.387299999594688 ], [ 7938491.429699998348951, 2473843.802000001072884 ], [ 7938496.980999998748302, 2473841.915899999439716 ], [ 7938486.30009999871254, 2473809.557799998670816 ], [ 7938480.639400001615286, 2473811.387299999594688 ] ] ] ] } },
{ "type": "Feature", "properties": { "objectid": 314392, "globalid": "{00000000-0000-0000-0000-000000000000}", "uniq_id": null, "state_code": "24", "district_c": "439", "tehsil_cod": "3843", "block_code": "4060", "village_co": "515578", "lgd_code": "515578", "built_up_a": 1, "village_na": "Suragpur", "area_desc": null, "name": "Suragpur", "owner_name": null, "property_i": null, "property_c": null, "area_sqm": 75.24745105, "roof_type": 4, "no_floors": 0, "remarks": null, "adl_info": null, "gp_code": "155028", "gp_name": "SURAGPUR", "d_pan_code": 398, "d_pan_name": "Amreli", "b_pan_code": 4422, "b_pan_name": "Amreli", "sourceofda": null, "area_geo": 75.24745105, "st_area_sh": 87.57463028, "st_length_": 37.995383783000001 }, "geometry": { "type": "MultiPolygon", "coordinates": [ [ [ [ 7938288.0691, 2473942.680300001055002 ], [ 7938287.892200000584126, 2473942.22239999845624 ], [ 7938292.955899998545647, 2473940.250999998301268 ], [ 7938290.173099998384714, 2473932.713700000196695 ], [ 7938280.508099999278784, 2473935.986000001430511 ], [ 7938283.1402000002563, 2473944.239 ], [ 7938288.0691, 2473942.680300001055002 ] ] ] ] } },
{ "type": "Feature", "properties": { "objectid": 314343, "globalid": "{00000000-0000-0000-0000-000000000000}", "uniq_id": null, "state_code": "24", "district_c": "439", "tehsil_cod": "3843", "block_code": "4060", "village_co": "515578", "lgd_code": "515578", "built_up_a": 1, "village_na": "Suragpur", "area_desc": null, "name": "Suragpur", "owner_name": null, "property_i": null, "property_c": null, "area_sqm": 20.46662557, "roof_type": 4, "no_floors": 0, "remarks": null, "adl_info": null, "gp_code": "155028", "gp_name": "SURAGPUR", "d_pan_code": 398, "d_pan_name": "Amreli", "b_pan_code": 4422, "b_pan_name": "Amreli", "sourceofda": null, "area_geo": 20.46662557, "st_area_sh": 23.8195892, "st_length_": 24.410751294600001 }, "geometry": { "type": "MultiPolygon", "coordinates": [ [ [ [ 7938364.485300000756979, 2473968.063200000673532 ], [ 7938361.045699998736382, 2473968.956199999898672 ], [ 7938359.989999998360872, 2473965.159699998795986 ], [ 7938356.905000001192093, 2473966.075599998235703 ], [ 7938357.143100000917912, 2473967.001600001007318 ], [ 7938358.465999998152256, 2473971.403599999845028 ], [ 7938364.650699999183416, 2473969.816100001335144 ], [ 7938364.485300000756979, 2473968.063200000673532 ] ] ] ] } },
{ "type": "Feature", "properties": { "objectid": 314490, "globalid": "{00000000-0000-0000-0000-000000000000}", "uniq_id": null, "state_code": "24", "district_c": "438", "tehsil_cod": "3782", "block_code": "4052", "village_co": "511638", "lgd_code": "511638", "built_up_a": 2, "village_na": "Lalpur", "area_desc": null, "name": "Lalpur", "owner_name": null, "property_i": null, "property_c": null, "area_sqm": 276.63883904, "roof_type": 4, "no_floors": 0, "remarks": null, "adl_info": null, "gp_code": "276150", "gp_name": "KUBADTHAL - LALPUR", "d_pan_code": 397, "d_pan_name": "Ahmedabad", "b_pan_code": 4414, "b_pan_name": "Daskroi", "sourceofda": null, "area_geo": 276.63883904, "st_area_sh": 328.20123228, "st_length_": 134.26757541699999 }, "geometry": { "type": "MultiPolygon", "coordinates": [ [ [ [ 8099149.3915, 2636782.112100001424551 ], [ 8099149.427999999374151, 2636781.934900000691414 ], [ 8099121.663100000470877, 2636774.494699999690056 ], [ 8099122.787599999457598, 2636769.798300001770258 ], [ 8099119.61259999871254, 2636769.136900000274181 ], [ 8099122.059999998658895, 2636759.744199998676777 ], [ 8099125.499499998986721, 2636760.603999998420477 ], [ 8099127.166400000452995, 2636754.171999998390675 ], [ 8099127.483899999409914, 2636752.346400000154972 ], [ 8099117.588500000536442, 2636752.055300001055002 ], [ 8099116.4243, 2636779.254599999636412 ], [ 8099148.121500000357628, 2636787.589000001549721 ], [ 8099149.3915, 2636782.112100001424551 ] ] ] ] } },
{ "type": "Feature", "properties": { "objectid": 314422, "globalid": "{00000000-0000-0000-0000-000000000000}", "uniq_id": null, "state_code": "24", "district_c": "439", "tehsil_cod": "3843", "block_code": "4060", "village_co": "515578", "lgd_code": "515578", "built_up_a": 1, "village_na": "Suragpur", "area_desc": null, "name": "Suragpur", "owner_name": null, "property_i": null, "property_c": null, "area_sqm": 4.30697824, "roof_type": 4, "no_floors": 0, "remarks": null, "adl_info": null, "gp_code": "155028", "gp_name": "SURAGPUR", "d_pan_code": 398, "d_pan_name": "Amreli", "b_pan_code": 4422, "b_pan_name": "Amreli", "sourceofda": null, "area_geo": 4.30697824, "st_area_sh": 5.01256091, "st_length_": 9.0969839100099996 }, "geometry": { "type": "MultiPolygon", "coordinates": [ [ [ [ 7938340.898899998515844, 2473948.76069999858737 ], [ 7938340.210700001567602, 2473946.192800000309944 ], [ 7938339.390500001609325, 2473946.457299999892712 ], [ 7938338.385099999606609, 2473946.695500001311302 ], [ 7938338.993599999696016, 2473949.208999998867512 ], [ 7938340.898899998515844, 2473948.76069999858737 ] ] ] ] } },
{ "type": "Feature", "properties": { "objectid": 314398, "globalid": "{00000000-0000-0000-0000-000000000000}", "uniq_id": null, "state_code": "24", "district_c": "439", "tehsil_cod": "3843", "block_code": "4060", "village_co": "515578", "lgd_code": "515578", "built_up_a": 1, "village_na": "Suragpur", "area_desc": null, "name": "Suragpur", "owner_name": null, "property_i": null, "property_c": null, "area_sqm": 11.11331445, "roof_type": 4, "no_floors": 0, "remarks": null, "adl_info": null, "gp_code": "155028", "gp_name": "SURAGPUR", "d_pan_code": 398, "d_pan_name": "Amreli", "b_pan_code": 4422, "b_pan_name": "Amreli", "sourceofda": null, "area_geo": 11.11331445, "st_area_sh": 12.93389224, "st_length_": 16.643052279599999 }, "geometry": { "type": "MultiPolygon", "coordinates": [ [ [ [ 7938366.342999998480082, 2473921.466400001198053 ], [ 7938365.318599998950958, 2473918.093400001525879 ], [ 7938362.771999999880791, 2473918.887200001627207 ], [ 7938363.301199998706579, 2473920.640000000596046 ], [ 7938361.254200000315905, 2473921.272999998182058 ], [ 7938361.7162000015378, 2473922.853500001132488 ], [ 7938366.342999998480082, 2473921.466400001198053 ] ] ] ] } },
{ "type": "Feature", "properties": { "objectid": 314742, "globalid": "{00000000-0000-0000-0000-000000000000}", "uniq_id": null, "state_code": "24", "district_c": "438", "tehsil_cod": "3782", "block_code": "4052", "village_co": "511638", "lgd_code": "511638", "built_up_a": 1, "village_na": "Lalpur", "area_desc": null, "name": "Lalpur", "owner_name": null, "property_i": null, "property_c": null, "area_sqm": 87.86343487000001, "roof_type": 1, "no_floors": 0, "remarks": null, "adl_info": null, "gp_code": "276150", "gp_name": "KUBADTHAL - LALPUR", "d_pan_code": 397, "d_pan_name": "Ahmedabad", "b_pan_code": 4414, "b_pan_name": "Daskroi", "sourceofda": null, "area_geo": 87.86343487000001, "st_area_sh": 104.24309512000001, "st_length_": 43.416721088599999 }, "geometry": { "type": "MultiPolygon", "coordinates": [ [ [ [ 8099262.309999998658895, 2637006.7423 ], [ 8099262.201200000941753, 2636999.888000000268221 ], [ 8099262.160799998790026, 2636997.340399999171495 ], [ 8099249.659200001507998, 2636997.538800001144409 ], [ 8099250.197599999606609, 2637005.9037000015378 ], [ 8099261.071400001645088, 2637005.731100000441074 ], [ 8099261.087799999862909, 2637006.761700000613928 ], [ 8099262.309999998658895, 2637006.7423 ] ] ] ] } },
{ "type": "Feature", "properties": { "objectid": 314601, "globalid": "{00000000-0000-0000-0000-000000000000}", "uniq_id": null, "state_code": "24", "district_c": "438", "tehsil_cod": "3782", "block_code": "4052", "village_co": "511638", "lgd_code": "511638", "built_up_a": 1, "village_na": "Lalpur", "area_desc": null, "name": "Lalpur", "owner_name": null, "property_i": null, "property_c": null, "area_sqm": 46.93259578, "roof_type": 1, "no_floors": 0, "remarks": null, "adl_info": null, "gp_code": "276150", "gp_name": "KUBADTHAL - LALPUR", "d_pan_code": 397, "d_pan_name": "Ahmedabad", "b_pan_code": 4414, "b_pan_name": "Daskroi", "sourceofda": null, "area_geo": 46.93259578, "st_area_sh": 55.68118195, "st_length_": 35.496178761899998 }, "geometry": { "type": "MultiPolygon", "coordinates": [ [ [ [ 8099408.360800001770258, 2636907.234000001102686 ], [ 8099407.811299998313189, 2636895.237799998372793 ], [ 8099403.846799999475479, 2636895.419399999082088 ], [ 8099404.2043999992311, 2636903.22520000115037 ], [ 8099403.241599999368191, 2636903.269299998879433 ], [ 8099403.470400001853704, 2636908.265700001269579 ], [ 8099404.433200001716614, 2636908.221599999815226 ], [ 8099408.397700000554323, 2636908.03999999910593 ], [ 8099408.360800001770258, 2636907.234000001102686 ] ] ] ] } },
{ "type": "Feature", "properties": { "objectid": 314514, "globalid": "{00000000-0000-0000-0000-000000000000}", "uniq_id": null, "state_code": "24", "district_c": "438", "tehsil_cod": "3782", "block_code": "4052", "village_co": "511638", "lgd_code": "511638", "built_up_a": 1, "village_na": "Lalpur", "area_desc": null, "name": "Lalpur", "owner_name": null, "property_i": null, "property_c": null, "area_sqm": 30.85829382, "roof_type": 4, "no_floors": 0, "remarks": null, "adl_info": null, "gp_code": "276150", "gp_name": "KUBADTHAL - LALPUR", "d_pan_code": 397, "d_pan_name": "Ahmedabad", "b_pan_code": 4414, "b_pan_name": "Daskroi", "sourceofda": null, "area_geo": 30.85829382, "st_area_sh": 36.610415045000003, "st_length_": 25.529585324700001 }, "geometry": { "type": "MultiPolygon", "coordinates": [ [ [ [ 8099288.543699998408556, 2636884.95380000025034 ], [ 8099292.888599999248981, 2636884.714400000870228 ], [ 8099292.425599999725819, 2636876.313799999654293 ], [ 8099288.080699998885393, 2636876.553300000727177 ], [ 8099288.543699998408556, 2636884.95380000025034 ] ] ] ] } },
{ "type": "Feature", "properties": { "objectid": 314468, "globalid": "{00000000-0000-0000-0000-000000000000}", "uniq_id": null, "state_code": "24", "district_c": "439", "tehsil_cod": "3843", "block_code": "4060", "village_co": "515578", "lgd_code": "515578", "built_up_a": 1, "village_na": "Suragpur", "area_desc": null, "name": "Suragpur", "owner_name": null, "property_i": null, "property_c": null, "area_sqm": 98.94681739000001, "roof_type": 4, "no_floors": 0, "remarks": null, "adl_info": null, "gp_code": "155028", "gp_name": "SURAGPUR", "d_pan_code": 398, "d_pan_name": "Amreli", "b_pan_code": 4422, "b_pan_name": "Amreli", "sourceofda": null, "area_geo": 98.94681739000001, "st_area_sh": 115.15540549000001, "st_length_": 43.675067964199997 }, "geometry": { "type": "MultiPolygon", "coordinates": [ [ [ [ 7938402.655699998140335, 2473860.738299999386072 ], [ 7938401.174100000411272, 2473851.954199999570847 ], [ 7938388.469099998474121, 2473854.352299999445677 ], [ 7938389.950800001621246, 2473863.136500000953674 ], [ 7938402.655699998140335, 2473860.738299999386072 ] ] ] ] } },
{ "type": "Feature", "properties": { "objectid": 314740, "globalid": "{00000000-0000-0000-0000-000000000000}", "uniq_id": null, "state_code": "24", "district_c": "438", "tehsil_cod": "3782", "block_code": "4052", "village_co": "511638", "lgd_code": "511638", "built_up_a": 1, "village_na": "Lalpur", "area_desc": null, "name": "Lalpur", "owner_name": null, "property_i": null, "property_c": null, "area_sqm": 36.83384209, "roof_type": 4, "no_floors": 0, "remarks": null, "adl_info": null, "gp_code": "276150", "gp_name": "KUBADTHAL - LALPUR", "d_pan_code": 397, "d_pan_name": "Ahmedabad", "b_pan_code": 4414, "b_pan_name": "Daskroi", "sourceofda": null, "area_geo": 36.83384209, "st_area_sh": 43.70057681, "st_length_": 30.059082306400001 }, "geometry": { "type": "MultiPolygon", "coordinates": [ [ [ [ 8099287.672899998724461, 2637018.095800001174212 ], [ 8099284.632800001651049, 2637017.198699999600649 ], [ 8099282.317699998617172, 2637019.156700000166893 ], [ 8099278.6266999989748, 2637020.955800000578165 ], [ 8099277.727600000798702, 2637021.408300001174212 ], [ 8099279.116700001060963, 2637024.861099999397993 ], [ 8099281.259799998253584, 2637024.1864 ], [ 8099280.98200000077486, 2637023.194200001657009 ], [ 8099281.537599999457598, 2637022.995799999684095 ], [ 8099286.726300001144409, 2637023.906899999827147 ], [ 8099287.672899998724461, 2637018.095800001174212 ] ] ] ] } },
{ "type": "Feature", "properties": { "objectid": 314728, "globalid": "{00000000-0000-0000-0000-000000000000}", "uniq_id": null, "state_code": "24", "district_c": "438", "tehsil_cod": "3782", "block_code": "4052", "village_co": "511638", "lgd_code": "511638", "built_up_a": 1, "village_na": "Lalpur", "area_desc": null, "name": "Lalpur", "owner_name": null, "property_i": null, "property_c": null, "area_sqm": 3.39014996, "roof_type": 1, "no_floors": 0, "remarks": null, "adl_info": null, "gp_code": "276150", "gp_name": "KUBADTHAL - LALPUR", "d_pan_code": 397, "d_pan_name": "Ahmedabad", "b_pan_code": 4414, "b_pan_name": "Daskroi", "sourceofda": null, "area_geo": 3.39014996, "st_area_sh": 4.02216638, "st_length_": 8.0415397644599995 }, "geometry": { "type": "MultiPolygon", "coordinates": [ [ [ [ 8099294.350299999117851, 2637038.488600000739098 ], [ 8099294.20549999922514, 2637040.67119999974966 ], [ 8099296.07209999859333, 2637040.7632 ], [ 8099296.222100000828505, 2637038.663199998438358 ], [ 8099294.350299999117851, 2637038.488600000739098 ] ] ] ] } },
{ "type": "Feature", "properties": { "objectid": 314419, "globalid": "{00000000-0000-0000-0000-000000000000}", "uniq_id": null, "state_code": "24", "district_c": "439", "tehsil_cod": "3843", "block_code": "4060", "village_co": "515578", "lgd_code": "515578", "built_up_a": 1, "village_na": "Suragpur", "area_desc": null, "name": "Suragpur", "owner_name": null, "property_i": null, "property_c": null, "area_sqm": 24.6517862, "roof_type": 4, "no_floors": 0, "remarks": null, "adl_info": null, "gp_code": "155028", "gp_name": "SURAGPUR", "d_pan_code": 398, "d_pan_name": "Amreli", "b_pan_code": 4422, "b_pan_name": "Amreli", "sourceofda": null, "area_geo": 24.6517862, "st_area_sh": 28.690278945, "st_length_": 24.656764233600001 }, "geometry": { "type": "MultiPolygon", "coordinates": [ [ [ [ 7938375.768699999898672, 2473939.184799998998642 ], [ 7938373.313499998301268, 2473930.625100001692772 ], [ 7938370.279599998146296, 2473931.521000001579523 ], [ 7938372.958500001579523, 2473940.583000000566244 ], [ 7938375.768699999898672, 2473939.184799998998642 ] ] ] ] } },
{ "type": "Feature", "properties": { "objectid": 314718, "globalid": "{00000000-0000-0000-0000-000000000000}", "uniq_id": null, "state_code": "24", "district_c": "438", "tehsil_cod": "3782", "block_code": "4052", "village_co": "511638", "lgd_code": "511638", "built_up_a": 1, "village_na": "Lalpur", "area_desc": null, "name": "Lalpur", "owner_name": null, "property_i": null, "property_c": null, "area_sqm": 25.37686723, "roof_type": 4, "no_floors": 0, "remarks": null, "adl_info": null, "gp_code": "276150", "gp_name": "KUBADTHAL - LALPUR", "d_pan_code": 397, "d_pan_name": "Ahmedabad", "b_pan_code": 4414, "b_pan_name": "Daskroi", "sourceofda": null, "area_geo": 25.37686723, "st_area_sh": 30.107854284999998, "st_length_": 22.276340110100001 }, "geometry": { "type": "MultiPolygon", "coordinates": [ [ [ [ 8099291.381499998271465, 2637054.822599999606609 ], [ 8099294.192299999296665, 2637055.053899999707937 ], [ 8099294.534400001168251, 2637050.4835 ], [ 8099292.842099998146296, 2637050.331000000238419 ], [ 8099288.016800001263618, 2637049.896299999207258 ], [ 8099287.660399999469519, 2637054.473900001496077 ], [ 8099291.381499998271465, 2637054.822599999606609 ] ] ] ] } },
{ "type": "Feature", "properties": { "objectid": 314675, "globalid": "{00000000-0000-0000-0000-000000000000}", "uniq_id": null, "state_code": "24", "district_c": "438", "tehsil_cod": "3782", "block_code": "4052", "village_co": "511638", "lgd_code": "511638", "built_up_a": 1, "village_na": "Lalpur", "area_desc": null, "name": "Lalpur", "owner_name": null, "property_i": null, "property_c": null, "area_sqm": 24.01171905, "roof_type": 4, "no_floors": 0, "remarks": null, "adl_info": null, "gp_code": "276150", "gp_name": "KUBADTHAL - LALPUR", "d_pan_code": 397, "d_pan_name": "Ahmedabad", "b_pan_code": 4414, "b_pan_name": "Daskroi", "sourceofda": null, "area_geo": 24.01171905, "st_area_sh": 28.488024065000001, "st_length_": 21.891250624600001 }, "geometry": { "type": "MultiPolygon", "coordinates": [ [ [ [ 8099342.767700001597404, 2637002.304299999028444 ], [ 8099347.206900000572205, 2637003.595199998468161 ], [ 8099347.377599999308586, 2637003.0702 ], [ 8099348.840700000524521, 2637003.530900001525879 ], [ 8099350.169100001454353, 2636999.615699999034405 ], [ 8099344.2423, 2636997.712400000542402 ], [ 8099342.767700001597404, 2637002.304299999028444 ] ] ] ] } },
{ "type": "Feature", "properties": { "objectid": 314708, "globalid": "{00000000-0000-0000-0000-000000000000}", "uniq_id": null, "state_code": "24", "district_c": "438", "tehsil_cod": "3782", "block_code": "4052", "village_co": "511638", "lgd_code": "511638", "built_up_a": 1, "village_na": "Lalpur", "area_desc": null, "name": "Lalpur", "owner_name": null, "property_i": null, "property_c": null, "area_sqm": 5.3804704, "roof_type": 1, "no_floors": 0, "remarks": null, "adl_info": null, "gp_code": "276150", "gp_name": "KUBADTHAL - LALPUR", "d_pan_code": 397, "d_pan_name": "Ahmedabad", "b_pan_code": 4414, "b_pan_name": "Daskroi", "sourceofda": null, "area_geo": 5.3804704, "st_area_sh": 6.38352103, "st_length_": 10.979430293 }, "geometry": { "type": "MultiPolygon", "coordinates": [ [ [ [ 8099317.208599999547005, 2637019.877099998295307 ], [ 8099321.003600001335144, 2637020.291600000113249 ], [ 8099321.185199998319149, 2637018.6294 ], [ 8099317.3902000002563, 2637018.214800000190735 ], [ 8099317.208599999547005, 2637019.877099998295307 ] ] ] ] } },
{ "type": "Feature", "properties": { "objectid": 314502, "globalid": "{00000000-0000-0000-0000-000000000000}", "uniq_id": null, "state_code": "24", "district_c": "438", "tehsil_cod": "3782", "block_code": "4052", "village_co": "511638", "lgd_code": "511638", "built_up_a": 2, "village_na": "Lalpur", "area_desc": null, "name": "Lalpur", "owner_name": null, "property_i": null, "property_c": null, "area_sqm": 26.38720515, "roof_type": 1, "no_floors": 0, "remarks": null, "adl_info": null, "gp_code": "276150", "gp_name": "KUBADTHAL - LALPUR", "d_pan_code": 397, "d_pan_name": "Ahmedabad", "b_pan_code": 4414, "b_pan_name": "Daskroi", "sourceofda": null, "area_geo": 26.38720515, "st_area_sh": 31.305867545000002, "st_length_": 34.963600446000001 }, "geometry": { "type": "MultiPolygon", "coordinates": [ [ [ [ 8099213.029100000858307, 2636865.762299999594688 ], [ 8099211.037500001490116, 2636865.393899999558926 ], [ 8099208.225900001823902, 2636880.592399999499321 ], [ 8099210.217599999159575, 2636880.960799999535084 ], [ 8099213.029100000858307, 2636865.762299999594688 ] ] ] ] } },
{ "type": "Feature", "properties": { "objectid": 314408, "globalid": "{00000000-0000-0000-0000-000000000000}", "uniq_id": null, "state_code": "24", "district_c": "439", "tehsil_cod": "3843", "block_code": "4060", "village_co": "515578", "lgd_code": "515578", "built_up_a": 1, "village_na": "Suragpur", "area_desc": null, "name": "Suragpur", "owner_name": null, "property_i": null, "property_c": null, "area_sqm": 3.74763445, "roof_type": 1, "no_floors": 0, "remarks": null, "adl_info": null, "gp_code": "155028", "gp_name": "SURAGPUR", "d_pan_code": 398, "d_pan_name": "Amreli", "b_pan_code": 4422, "b_pan_name": "Amreli", "sourceofda": null, "area_geo": 3.74763445, "st_area_sh": 4.361557655, "st_length_": 10.7376100858 }, "geometry": { "type": "MultiPolygon", "coordinates": [ [ [ [ 7938330.0526, 2473897.596700001507998 ], [ 7938328.718699999153614, 2473893.42509999871254 ], [ 7938327.769900001585484, 2473893.734099999070168 ], [ 7938329.098400000482798, 2473897.888999998569489 ], [ 7938330.0526, 2473897.596700001507998 ] ] ] ] } },
{ "type": "Feature", "properties": { "objectid": 314774, "globalid": "{00000000-0000-0000-0000-000000000000}", "uniq_id": null, "state_code": "24", "district_c": "438", "tehsil_cod": "3782", "block_code": "4052", "village_co": "511638", "lgd_code": "511638", "built_up_a": 1, "village_na": "Lalpur", "area_desc": null, "name": "Lalpur", "owner_name": null, "property_i": null, "property_c": null, "area_sqm": 66.36628862000001, "roof_type": 4, "no_floors": 0, "remarks": null, "adl_info": null, "gp_code": "276150", "gp_name": "KUBADTHAL - LALPUR", "d_pan_code": 397, "d_pan_name": "Ahmedabad", "b_pan_code": 4414, "b_pan_name": "Daskroi", "sourceofda": null, "area_geo": 66.36628862000001, "st_area_sh": 78.73977373, "st_length_": 35.529276897300001 }, "geometry": { "type": "MultiPolygon", "coordinates": [ [ [ [ 8099271.260200001299381, 2637149.246800001710653 ], [ 8099272.219300001859665, 2637140.019400000572205 ], [ 8099263.777199998497963, 2637139.142000000923872 ], [ 8099262.81810000166297, 2637148.369300000369549 ], [ 8099271.260200001299381, 2637149.246800001710653 ] ] ] ] } },
{ "type": "Feature", "properties": { "objectid": 314311, "globalid": "{00000000-0000-0000-0000-000000000000}", "uniq_id": null, "state_code": "24", "district_c": "439", "tehsil_cod": "3843", "block_code": "4060", "village_co": "515578", "lgd_code": "515578", "built_up_a": 1, "village_na": "Suragpur", "area_desc": null, "name": "Suragpur", "owner_name": null, "property_i": null, "property_c": null, "area_sqm": 24.44543502, "roof_type": 4, "no_floors": 0, "remarks": null, "adl_info": null, "gp_code": "155028", "gp_name": "SURAGPUR", "d_pan_code": 398, "d_pan_name": "Amreli", "b_pan_code": 4422, "b_pan_name": "Amreli", "sourceofda": null, "area_geo": 24.44543502, "st_area_sh": 28.450172214999998, "st_length_": 22.214831948499999 }, "geometry": { "type": "MultiPolygon", "coordinates": [ [ [ [ 7938406.968699999153614, 2473948.752900000661612 ], [ 7938399.908599998801947, 2473948.491399999707937 ], [ 7938399.982200000435114, 2473952.513000000268221 ], [ 7938407.080400001257658, 2473952.77589999884367 ], [ 7938406.968699999153614, 2473948.752900000661612 ] ] ] ] } },
{ "type": "Feature", "properties": { "objectid": 314786, "globalid": "{00000000-0000-0000-0000-000000000000}", "uniq_id": null, "state_code": "24", "district_c": "438", "tehsil_cod": "3782", "block_code": "4052", "village_co": "511638", "lgd_code": "511638", "built_up_a": 1, "village_na": "Lalpur", "area_desc": null, "name": "Lalpur", "owner_name": null, "property_i": null, "property_c": null, "area_sqm": 4.75825597, "roof_type": 1, "no_floors": 0, "remarks": null, "adl_info": null, "gp_code": "276150", "gp_name": "KUBADTHAL - LALPUR", "d_pan_code": 397, "d_pan_name": "Ahmedabad", "b_pan_code": 4414, "b_pan_name": "Daskroi", "sourceofda": null, "area_geo": 4.75825597, "st_area_sh": 5.6452643, "st_length_": 9.7378244192099999 }, "geometry": { "type": "MultiPolygon", "coordinates": [ [ [ [ 8099111.6402000002563, 2636952.821400001645088 ], [ 8099113.516100000590086, 2636953.147700000554323 ], [ 8099114.024099998176098, 2636950.226700000464916 ], [ 8099112.148200001567602, 2636949.900400001555681 ], [ 8099111.6402000002563, 2636952.821400001645088 ] ] ] ] } },
{ "type": "Feature", "properties": { "objectid": 314500, "globalid": "{00000000-0000-0000-0000-000000000000}", "uniq_id": null, "state_code": "24", "district_c": "438", "tehsil_cod": "3782", "block_code": "4052", "village_co": "511638", "lgd_code": "511638", "built_up_a": 2, "village_na": "Lalpur", "area_desc": null, "name": "Lalpur", "owner_name": null, "property_i": null, "property_c": null, "area_sqm": 630.12017174000005, "roof_type": 1, "no_floors": 0, "remarks": null, "adl_info": null, "gp_code": "276150", "gp_name": "KUBADTHAL - LALPUR", "d_pan_code": 397, "d_pan_name": "Ahmedabad", "b_pan_code": 4414, "b_pan_name": "Daskroi", "sourceofda": null, "area_geo": 630.12017174000005, "st_area_sh": 747.57640377500002, "st_length_": 116.09263454400001 }, "geometry": { "type": "MultiPolygon", "coordinates": [ [ [ [ 8099208.225900001823902, 2636880.592399999499321 ], [ 8099211.037500001490116, 2636865.393899999558926 ], [ 8099213.029100000858307, 2636865.762299999594688 ], [ 8099214.396699998527765, 2636858.369100000709295 ], [ 8099187.964800000190735, 2636853.447799999266863 ], [ 8099184.551699999719858, 2636883.530999999493361 ], [ 8099208.919799998402596, 2636887.975999999791384 ], [ 8099210.217599999159575, 2636880.960799999535084 ], [ 8099208.225900001823902, 2636880.592399999499321 ] ] ] ] } },
{ "type": "Feature", "properties": { "objectid": 314353, "globalid": "{00000000-0000-0000-0000-000000000000}", "uniq_id": null, "state_code": "24", "district_c": "439", "tehsil_cod": "3843", "block_code": "4060", "village_co": "515578", "lgd_code": "515578", "built_up_a": 1, "village_na": "Suragpur", "area_desc": null, "name": "Suragpur", "owner_name": null, "property_i": null, "property_c": null, "area_sqm": 95.84454139, "roof_type": 4, "no_floors": 0, "remarks": null, "adl_info": null, "gp_code": "155028", "gp_name": "SURAGPUR", "d_pan_code": 398, "d_pan_name": "Amreli", "b_pan_code": 4422, "b_pan_name": "Amreli", "sourceofda": null, "area_geo": 95.84454139, "st_area_sh": 111.547018005, "st_length_": 51.016249376600001 }, "geometry": { "type": "MultiPolygon", "coordinates": [ [ [ [ 7938319.146299999207258, 2474014.455299999564886 ], [ 7938300.026299998164177, 2474020.011100001633167 ], [ 7938300.983199998736382, 2474025.587499998509884 ], [ 7938319.970300000160933, 2474020.0702 ], [ 7938319.146299999207258, 2474014.455299999564886 ] ] ] ] } },
{ "type": "Feature", "properties": { "objectid": 314246, "globalid": "{00000000-0000-0000-0000-000000000000}", "uniq_id": null, "state_code": "24", "district_c": "439", "tehsil_cod": "3843", "block_code": "4060", "village_co": "515578", "lgd_code": "515578", "built_up_a": 1, "village_na": "Suragpur", "area_desc": null, "name": "Suragpur", "owner_name": null, "property_i": null, "property_c": null, "area_sqm": 10.98614238, "roof_type": 4, "no_floors": 0, "remarks": null, "adl_info": null, "gp_code": "155028", "gp_name": "SURAGPUR", "d_pan_code": 398, "d_pan_name": "Amreli", "b_pan_code": 4422, "b_pan_name": "Amreli", "sourceofda": null, "area_geo": 10.98614238, "st_area_sh": 12.787877795, "st_length_": 14.8552769926 }, "geometry": { "type": "MultiPolygon", "coordinates": [ [ [ [ 7938210.419700000435114, 2475280.56529999896884 ], [ 7938215.051600001752377, 2475281.452199999243021 ], [ 7938215.561599999666214, 2475278.789099998772144 ], [ 7938210.92960000038147, 2475277.902100000530481 ], [ 7938210.419700000435114, 2475280.56529999896884 ] ] ] ] } },
{ "type": "Feature", "properties": { "objectid": 314255, "globalid": "{00000000-0000-0000-0000-000000000000}", "uniq_id": null, "state_code": "24", "district_c": "439", "tehsil_cod": "3843", "block_code": "4060", "village_co": "515578", "lgd_code": "515578", "built_up_a": 1, "village_na": "Suragpur", "area_desc": null, "name": "Suragpur", "owner_name": null, "property_i": null, "property_c": null, "area_sqm": 43.79318539, "roof_type": 4, "no_floors": 0, "remarks": null, "adl_info": null, "gp_code": "155028", "gp_name": "SURAGPUR", "d_pan_code": 398, "d_pan_name": "Amreli", "b_pan_code": 4422, "b_pan_name": "Amreli", "sourceofda": null, "area_geo": 43.79318539, "st_area_sh": 50.97295944, "st_length_": 28.5803553358 }, "geometry": { "type": "MultiPolygon", "coordinates": [ [ [ [ 7938284.607599999755621, 2474883.280499998480082 ], [ 7938286.095899999141693, 2474876.0044 ], [ 7938279.3717, 2474874.629000000655651 ], [ 7938277.883400000631809, 2474881.905099999159575 ], [ 7938284.607599999755621, 2474883.280499998480082 ] ] ] ] } },
{ "type": "Feature", "properties": { "objectid": 314582, "globalid": "{00000000-0000-0000-0000-000000000000}", "uniq_id": null, "state_code": "24", "district_c": "438", "tehsil_cod": "3782", "block_code": "4052", "village_co": "511638", "lgd_code": "511638", "built_up_a": 1, "village_na": "Lalpur", "area_desc": null, "name": "Lalpur", "owner_name": null, "property_i": null, "property_c": null, "area_sqm": 16.11407763, "roof_type": 1, "no_floors": 0, "remarks": null, "adl_info": null, "gp_code": "276150", "gp_name": "KUBADTHAL - LALPUR", "d_pan_code": 397, "d_pan_name": "Ahmedabad", "b_pan_code": 4414, "b_pan_name": "Daskroi", "sourceofda": null, "area_geo": 16.11407763, "st_area_sh": 19.11787852, "st_length_": 19.345137816499999 }, "geometry": { "type": "MultiPolygon", "coordinates": [ [ [ [ 8099375.970800001174212, 2636906.996800001710653 ], [ 8099371.912999998778105, 2636907.05350000038743 ], [ 8099371.942699998617172, 2636909.192699998617172 ], [ 8099370.350600000470877, 2636909.141399998217821 ], [ 8099370.360500000417233, 2636909.825800001621246 ], [ 8099370.377399999648333, 2636911.0011 ], [ 8099376.086500000208616, 2636910.980700001120567 ], [ 8099376.052200000733137, 2636909.797699999064207 ], [ 8099375.970800001174212, 2636906.996800001710653 ] ] ] ] } },
{ "type": "Feature", "properties": { "objectid": 314710, "globalid": "{00000000-0000-0000-0000-000000000000}", "uniq_id": null, "state_code": "24", "district_c": "438", "tehsil_cod": "3782", "block_code": "4052", "village_co": "511638", "lgd_code": "511638", "built_up_a": 1, "village_na": "Lalpur", "area_desc": null, "name": "Lalpur", "owner_name": null, "property_i": null, "property_c": null, "area_sqm": 32.58828683, "roof_type": 4, "no_floors": 0, "remarks": null, "adl_info": null, "gp_code": "276150", "gp_name": "KUBADTHAL - LALPUR", "d_pan_code": 397, "d_pan_name": "Ahmedabad", "b_pan_code": 4414, "b_pan_name": "Daskroi", "sourceofda": null, "area_geo": 32.58828683, "st_area_sh": 38.663551135, "st_length_": 26.804219753400002 }, "geometry": { "type": "MultiPolygon", "coordinates": [ [ [ [ 8099325.398200001567602, 2637020.771699998527765 ], [ 8099316.256299998611212, 2637019.772999998182058 ], [ 8099315.786699999123812, 2637024.072000000625849 ], [ 8099324.954700000584126, 2637024.831500001251698 ], [ 8099325.398200001567602, 2637020.771699998527765 ] ] ] ] } },
{ "type": "Feature", "properties": { "objectid": 314471, "globalid": "{00000000-0000-0000-0000-000000000000}", "uniq_id": null, "state_code": "24", "district_c": "439", "tehsil_cod": "3843", "block_code": "4060", "village_co": "515578", "lgd_code": "515578", "built_up_a": 1, "village_na": "Suragpur", "area_desc": null, "name": "Suragpur", "owner_name": null, "property_i": null, "property_c": null, "area_sqm": 23.66653074, "roof_type": 4, "no_floors": 0, "remarks": null, "adl_info": null, "gp_code": "155028", "gp_name": "SURAGPUR", "d_pan_code": 398, "d_pan_name": "Amreli", "b_pan_code": 4422, "b_pan_name": "Amreli", "sourceofda": null, "area_geo": 23.66653074, "st_area_sh": 27.54348785, "st_length_": 21.586617243500001 }, "geometry": { "type": "MultiPolygon", "coordinates": [ [ [ [ 7938250.263700000941753, 2473893.756799999624491 ], [ 7938251.504700001329184, 2473897.417899999767542 ], [ 7938257.80460000038147, 2473895.435699999332428 ], [ 7938256.568, 2473891.489399999380112 ], [ 7938250.173599999397993, 2473893.49100000038743 ], [ 7938250.263700000941753, 2473893.756799999624491 ] ] ] ] } },
{ "type": "Feature", "properties": { "objectid": 314350, "globalid": "{00000000-0000-0000-0000-000000000000}", "uniq_id": null, "state_code": "24", "district_c": "439", "tehsil_cod": "3843", "block_code": "4060", "village_co": "515578", "lgd_code": "515578", "built_up_a": 1, "village_na": "Suragpur", "area_desc": null, "name": "Suragpur", "owner_name": null, "property_i": null, "property_c": null, "area_sqm": 110.84115997000001, "roof_type": 1, "no_floors": 0, "remarks": null, "adl_info": null, "gp_code": "155028", "gp_name": "SURAGPUR", "d_pan_code": 398, "d_pan_name": "Amreli", "b_pan_code": 4422, "b_pan_name": "Amreli", "sourceofda": null, "area_geo": 110.84115997000001, "st_area_sh": 128.99987297000001, "st_length_": 54.413476821099998 }, "geometry": { "type": "MultiPolygon", "coordinates": [ [ [ [ 7938335.778000000864267, 2473980.017299998551607 ], [ 7938333.914099998772144, 2473965.911200001835823 ], [ 7938321.281199999153614, 2473969.151399999856949 ], [ 7938322.434000000357628, 2473977.006799999624491 ], [ 7938330.839499998837709, 2473974.850900001823902 ], [ 7938331.661699999123812, 2473981.073100000619888 ], [ 7938335.778000000864267, 2473980.017299998551607 ] ] ] ] } },
{ "type": "Feature", "properties": { "objectid": 314789, "globalid": "{00000000-0000-0000-0000-000000000000}", "uniq_id": null, "state_code": "24", "district_c": "438", "tehsil_cod": "3782", "block_code": "4052", "village_co": "511638", "lgd_code": "511638", "built_up_a": 1, "village_na": "Lalpur", "area_desc": null, "name": "Lalpur", "owner_name": null, "property_i": null, "property_c": null, "area_sqm": 32.27183706, "roof_type": 1, "no_floors": 0, "remarks": null, "adl_info": null, "gp_code": "276150", "gp_name": "KUBADTHAL - LALPUR", "d_pan_code": 397, "d_pan_name": "Ahmedabad", "b_pan_code": 4414, "b_pan_name": "Daskroi", "sourceofda": null, "area_geo": 32.27183706, "st_area_sh": 38.28756996, "st_length_": 28.350928261300002 }, "geometry": { "type": "MultiPolygon", "coordinates": [ [ [ [ 8099307.225299999117851, 2636908.2029 ], [ 8099317.753899998962879, 2636908.795800000429153 ], [ 8099317.865200001746416, 2636905.024300001561642 ], [ 8099307.328299999237061, 2636904.71339999884367 ], [ 8099307.225299999117851, 2636908.2029 ] ] ] ] } },
{ "type": "Feature", "properties": { "objectid": 314760, "globalid": "{00000000-0000-0000-0000-000000000000}", "uniq_id": null, "state_code": "24", "district_c": "438", "tehsil_cod": "3782", "block_code": "4052", "village_co": "511638", "lgd_code": "511638", "built_up_a": 1, "village_na": "Lalpur", "area_desc": null, "name": "Lalpur", "owner_name": null, "property_i": null, "property_c": null, "area_sqm": 3.70569735, "roof_type": 1, "no_floors": 0, "remarks": null, "adl_info": null, "gp_code": "276150", "gp_name": "KUBADTHAL - LALPUR", "d_pan_code": 397, "d_pan_name": "Ahmedabad", "b_pan_code": 4414, "b_pan_name": "Daskroi", "sourceofda": null, "area_geo": 3.70569735, "st_area_sh": 4.39654694, "st_length_": 8.3875392267199995 }, "geometry": { "type": "MultiPolygon", "coordinates": [ [ [ [ 8099241.728100001811981, 2637052.791000001132488 ], [ 8099243.785000000149012, 2637053.081900000572205 ], [ 8099244.081399999558926, 2637050.986400000751019 ], [ 8099242.024399999529123, 2637050.695500001311302 ], [ 8099241.728100001811981, 2637052.791000001132488 ] ] ] ] } },
{ "type": "Feature", "properties": { "objectid": 314643, "globalid": "{00000000-0000-0000-0000-000000000000}", "uniq_id": null, "state_code": "24", "district_c": "438", "tehsil_cod": "3782", "block_code": "4052", "village_co": "511638", "lgd_code": "511638", "built_up_a": 1, "village_na": "Lalpur", "area_desc": null, "name": "Lalpur", "owner_name": null, "property_i": null, "property_c": null, "area_sqm": 7.63771811, "roof_type": 1, "no_floors": 0, "remarks": null, "adl_info": null, "gp_code": "276150", "gp_name": "KUBADTHAL - LALPUR", "d_pan_code": 397, "d_pan_name": "Ahmedabad", "b_pan_code": 4414, "b_pan_name": "Daskroi", "sourceofda": null, "area_geo": 7.63771811, "st_area_sh": 9.06151289, "st_length_": 12.7987252876 }, "geometry": { "type": "MultiPolygon", "coordinates": [ [ [ [ 8099412.866099998354912, 2636960.75730000063777 ], [ 8099412.64469999819994, 2636965.149399999529123 ], [ 8099414.708500001579523, 2636965.308200001716614 ], [ 8099415.024099998176098, 2636961.190099999308586 ], [ 8099412.866099998354912, 2636960.75730000063777 ] ] ] ] } },
{ "type": "Feature", "properties": { "objectid": 314543, "globalid": "{00000000-0000-0000-0000-000000000000}", "uniq_id": null, "state_code": "24", "district_c": "438", "tehsil_cod": "3782", "block_code": "4052", "village_co": "511638", "lgd_code": "511638", "built_up_a": 1, "village_na": "Lalpur", "area_desc": null, "name": "Lalpur", "owner_name": null, "property_i": null, "property_c": null, "area_sqm": 10.73909729, "roof_type": 1, "no_floors": 0, "remarks": null, "adl_info": null, "gp_code": "276150", "gp_name": "KUBADTHAL - LALPUR", "d_pan_code": 397, "d_pan_name": "Ahmedabad", "b_pan_code": 4414, "b_pan_name": "Daskroi", "sourceofda": null, "area_geo": 10.73909729, "st_area_sh": 12.74098163, "st_length_": 14.3763721696 }, "geometry": { "type": "MultiPolygon", "coordinates": [ [ [ [ 8099321.882100000977516, 2636923.859000001102686 ], [ 8099321.612199999392033, 2636927.02140000090003 ], [ 8099325.611900001764297, 2636927.362799998372793 ], [ 8099325.881799999624491, 2636924.200300000607967 ], [ 8099321.882100000977516, 2636923.859000001102686 ] ] ] ] } },
{ "type": "Feature", "properties": { "objectid": 314411, "globalid": "{00000000-0000-0000-0000-000000000000}", "uniq_id": null, "state_code": "24", "district_c": "439", "tehsil_cod": "3843", "block_code": "4060", "village_co": "515578", "lgd_code": "515578", "built_up_a": 1, "village_na": "Suragpur", "area_desc": null, "name": "Suragpur", "owner_name": null, "property_i": null, "property_c": null, "area_sqm": 28.11338537, "roof_type": 1, "no_floors": 0, "remarks": null, "adl_info": null, "gp_code": "155028", "gp_name": "SURAGPUR", "d_pan_code": 398, "d_pan_name": "Amreli", "b_pan_code": 4422, "b_pan_name": "Amreli", "sourceofda": null, "area_geo": 28.11338537, "st_area_sh": 32.718826, "st_length_": 23.323810024899998 }, "geometry": { "type": "MultiPolygon", "coordinates": [ [ [ [ 7938355.125900000333786, 2473900.252900000661612 ], [ 7938353.666900001466274, 2473895.748500000685453 ], [ 7938347.074200000613928, 2473898.006000000983477 ], [ 7938348.523600000888109, 2473902.440400000661612 ], [ 7938355.125900000333786, 2473900.252900000661612 ] ] ] ] } },
{ "type": "Feature", "properties": { "objectid": 314330, "globalid": "{00000000-0000-0000-0000-000000000000}", "uniq_id": null, "state_code": "24", "district_c": "439", "tehsil_cod": "3843", "block_code": "4060", "village_co": "515578", "lgd_code": "515578", "built_up_a": 1, "village_na": "Suragpur", "area_desc": null, "name": "Suragpur", "owner_name": null, "property_i": null, "property_c": null, "area_sqm": 49.08815929, "roof_type": 1, "no_floors": 0, "remarks": null, "adl_info": null, "gp_code": "155028", "gp_name": "SURAGPUR", "d_pan_code": 398, "d_pan_name": "Amreli", "b_pan_code": 4422, "b_pan_name": "Amreli", "sourceofda": null, "area_geo": 49.08815929, "st_area_sh": 57.13003897, "st_length_": 30.669340457600001 }, "geometry": { "type": "MultiPolygon", "coordinates": [ [ [ [ 7938386.303199999034405, 2473967.47859999909997 ], [ 7938385.236200001090765, 2473958.394000001251698 ], [ 7938378.649300001561642, 2473960.126600001007318 ], [ 7938380.280999999493361, 2473968.562600001692772 ], [ 7938386.303199999034405, 2473967.47859999909997 ] ] ] ] } },
{ "type": "Feature", "properties": { "objectid": 314721, "globalid": "{00000000-0000-0000-0000-000000000000}", "uniq_id": null, "state_code": "24", "district_c": "438", "tehsil_cod": "3782", "block_code": "4052", "village_co": "511638", "lgd_code": "511638", "built_up_a": 1, "village_na": "Lalpur", "area_desc": null, "name": "Lalpur", "owner_name": null, "property_i": null, "property_c": null, "area_sqm": 5.69678677, "roof_type": 4, "no_floors": 0, "remarks": null, "adl_info": null, "gp_code": "276150", "gp_name": "KUBADTHAL - LALPUR", "d_pan_code": 397, "d_pan_name": "Ahmedabad", "b_pan_code": 4414, "b_pan_name": "Daskroi", "sourceofda": null, "area_geo": 5.69678677, "st_area_sh": 6.75884595, "st_length_": 10.7475291883 }, "geometry": { "type": "MultiPolygon", "coordinates": [ [ [ [ 8099272.957600001245737, 2637066.686500001698732 ], [ 8099269.6706000007689, 2637066.100499998778105 ], [ 8099269.426600001752377, 2637068.240499999374151 ], [ 8099272.78940000012517, 2637068.556200001388788 ], [ 8099272.957600001245737, 2637066.686500001698732 ] ] ] ] } },
{ "type": "Feature", "properties": { "objectid": 314646, "globalid": "{00000000-0000-0000-0000-000000000000}", "uniq_id": null, "state_code": "24", "district_c": "438", "tehsil_cod": "3782", "block_code": "4052", "village_co": "511638", "lgd_code": "511638", "built_up_a": 1, "village_na": "Lalpur", "area_desc": null, "name": "Lalpur", "owner_name": null, "property_i": null, "property_c": null, "area_sqm": 11.8804649, "roof_type": 1, "no_floors": 0, "remarks": null, "adl_info": null, "gp_code": "276150", "gp_name": "KUBADTHAL - LALPUR", "d_pan_code": 397, "d_pan_name": "Ahmedabad", "b_pan_code": 4414, "b_pan_name": "Daskroi", "sourceofda": null, "area_geo": 11.8804649, "st_area_sh": 14.09516499, "st_length_": 15.047646567699999 }, "geometry": { "type": "MultiPolygon", "coordinates": [ [ [ [ 8099439.061000000685453, 2636958.008499998599291 ], [ 8099442.552799999713898, 2636958.495200000703335 ], [ 8099443.162000000476837, 2636954.571100000292063 ], [ 8099439.678599998354912, 2636954.030299998819828 ], [ 8099439.061000000685453, 2636958.008499998599291 ] ] ] ] } },
{ "type": "Feature", "properties": { "objectid": 314480, "globalid": "{00000000-0000-0000-0000-000000000000}", "uniq_id": null, "state_code": "24", "district_c": "438", "tehsil_cod": "3782", "block_code": "4052", "village_co": "511638", "lgd_code": "511638", "built_up_a": 2, "village_na": "Lalpur", "area_desc": null, "name": "Lalpur", "owner_name": null, "property_i": null, "property_c": null, "area_sqm": 2.6736277, "roof_type": 1, "no_floors": 0, "remarks": null, "adl_info": null, "gp_code": "276150", "gp_name": "KUBADTHAL - LALPUR", "d_pan_code": 397, "d_pan_name": "Ahmedabad", "b_pan_code": 4414, "b_pan_name": "Daskroi", "sourceofda": null, "area_geo": 2.6736277, "st_area_sh": 3.17199959, "st_length_": 7.1452094805900002 }, "geometry": { "type": "MultiPolygon", "coordinates": [ [ [ [ 8099123.853900000452995, 2636869.037900000810623 ], [ 8099123.378199998289347, 2636870.901900000870228 ], [ 8099124.975900001823902, 2636871.309599999338388 ], [ 8099125.45160000026226, 2636869.445700000971556 ], [ 8099123.853900000452995, 2636869.037900000810623 ] ] ] ] } },
{ "type": "Feature", "properties": { "objectid": 314413, "globalid": "{00000000-0000-0000-0000-000000000000}", "uniq_id": null, "state_code": "24", "district_c": "439", "tehsil_cod": "3843", "block_code": "4060", "village_co": "515578", "lgd_code": "515578", "built_up_a": 1, "village_na": "Suragpur", "area_desc": null, "name": "Suragpur", "owner_name": null, "property_i": null, "property_c": null, "area_sqm": 55.00141926, "roof_type": 4, "no_floors": 0, "remarks": null, "adl_info": null, "gp_code": "155028", "gp_name": "SURAGPUR", "d_pan_code": 398, "d_pan_name": "Amreli", "b_pan_code": 4422, "b_pan_name": "Amreli", "sourceofda": null, "area_geo": 55.00141926, "st_area_sh": 64.011604074999994, "st_length_": 35.9947048951 }, "geometry": { "type": "MultiPolygon", "coordinates": [ [ [ [ 7938269.291200000792742, 2473904.557199999690056 ], [ 7938271.154699999839067, 2473910.162099998444319 ], [ 7938271.763799998909235, 2473909.958599999547005 ], [ 7938277.351500000804663, 2473908.092399999499321 ], [ 7938276.589200001209974, 2473905.726399999111891 ], [ 7938275.5044, 2473906.0439000017941 ], [ 7938273.034299999475479, 2473898.632500000298023 ], [ 7938272.144200000911951, 2473898.926600001752377 ], [ 7938271.773800000548363, 2473897.868200000375509 ], [ 7938268.131999999284744, 2473899.131000000983477 ], [ 7938267.480599999427795, 2473899.329599998891354 ], [ 7938269.291200000792742, 2473904.557199999690056 ] ] ] ] } },
{ "type": "Feature", "properties": { "objectid": 314505, "globalid": "{00000000-0000-0000-0000-000000000000}", "uniq_id": null, "state_code": "24", "district_c": "438", "tehsil_cod": "3782", "block_code": "4052", "village_co": "511638", "lgd_code": "511638", "built_up_a": 2, "village_na": "Lalpur", "area_desc": null, "name": "Lalpur", "owner_name": null, "property_i": null, "property_c": null, "area_sqm": 10.80869594, "roof_type": 1, "no_floors": 0, "remarks": null, "adl_info": null, "gp_code": "276150", "gp_name": "KUBADTHAL - LALPUR", "d_pan_code": 397, "d_pan_name": "Ahmedabad", "b_pan_code": 4414, "b_pan_name": "Daskroi", "sourceofda": null, "area_geo": 10.80869594, "st_area_sh": 12.82346738, "st_length_": 17.118986438699999 }, "geometry": { "type": "MultiPolygon", "coordinates": [ [ [ [ 8099170.952100001275539, 2636867.565400000661612 ], [ 8099170.515500001609325, 2636867.4331 ], [ 8099170.092199999839067, 2636868.8618 ], [ 8099166.427400000393391, 2636867.967300001531839 ], [ 8099165.739799998700619, 2636870.660999998450279 ], [ 8099169.936599999666214, 2636871.732299998402596 ], [ 8099170.952100001275539, 2636867.565400000661612 ] ] ] ] } },
{ "type": "Feature", "properties": { "objectid": 314497, "globalid": "{00000000-0000-0000-0000-000000000000}", "uniq_id": null, "state_code": "24", "district_c": "438", "tehsil_cod": "3782", "block_code": "4052", "village_co": "511638", "lgd_code": "511638", "built_up_a": 1, "village_na": "Lalpur", "area_desc": null, "name": "Lalpur", "owner_name": null, "property_i": null, "property_c": null, "area_sqm": 296.78927373, "roof_type": 4, "no_floors": 0, "remarks": null, "adl_info": null, "gp_code": "276150", "gp_name": "KUBADTHAL - LALPUR", "d_pan_code": 397, "d_pan_name": "Ahmedabad", "b_pan_code": 4414, "b_pan_name": "Daskroi", "sourceofda": null, "area_geo": 296.78927373, "st_area_sh": 352.1101707, "st_length_": 88.631236866699993 }, "geometry": { "type": "MultiPolygon", "coordinates": [ [ [ [ 8099233.254999998956919, 2636827.306000001728535 ], [ 8099231.308800000697374, 2636837.495799999684095 ], [ 8099264.647799998521805, 2636843.863299999386072 ], [ 8099266.594000000506639, 2636833.673500001430511 ], [ 8099233.254999998956919, 2636827.306000001728535 ] ] ] ] } },
{ "type": "Feature", "properties": { "objectid": 314478, "globalid": "{00000000-0000-0000-0000-000000000000}", "uniq_id": null, "state_code": "24", "district_c": "438", "tehsil_cod": "3782", "block_code": "4052", "village_co": "511638", "lgd_code": "511638", "built_up_a": 2, "village_na": "Lalpur", "area_desc": null, "name": "Lalpur", "owner_name": null, "property_i": null, "property_c": null, "area_sqm": 132.19915973, "roof_type": 4, "no_floors": 0, "remarks": null, "adl_info": null, "gp_code": "276150", "gp_name": "KUBADTHAL - LALPUR", "d_pan_code": 397, "d_pan_name": "Ahmedabad", "b_pan_code": 4414, "b_pan_name": "Daskroi", "sourceofda": null, "area_geo": 132.19915973, "st_area_sh": 156.84048312499999, "st_length_": 50.421203773899997 }, "geometry": { "type": "MultiPolygon", "coordinates": [ [ [ [ 8099138.989900000393391, 2636811.1537000015378 ], [ 8099138.51630000025034, 2636823.170699998736382 ], [ 8099150.16160000115633, 2636826.153299998492002 ], [ 8099153.019099999219179, 2636814.564599998295307 ], [ 8099138.989900000393391, 2636811.1537000015378 ] ] ] ] } },
{ "type": "Feature", "properties": { "objectid": 314596, "globalid": "{00000000-0000-0000-0000-000000000000}", "uniq_id": null, "state_code": "24", "district_c": "438", "tehsil_cod": "3782", "block_code": "4052", "village_co": "511638", "lgd_code": "511638", "built_up_a": 1, "village_na": "Lalpur", "area_desc": null, "name": "Lalpur", "owner_name": null, "property_i": null, "property_c": null, "area_sqm": 120.94720901, "roof_type": 1, "no_floors": 0, "remarks": null, "adl_info": null, "gp_code": "276150", "gp_name": "KUBADTHAL - LALPUR", "d_pan_code": 397, "d_pan_name": "Ahmedabad", "b_pan_code": 4414, "b_pan_name": "Daskroi", "sourceofda": null, "area_geo": 120.94720901, "st_area_sh": 143.49301113499999, "st_length_": 65.828597559800002 }, "geometry": { "type": "MultiPolygon", "coordinates": [ [ [ [ 8099348.603999998420477, 2636930.175599999725819 ], [ 8099348.769299998879433, 2636925.697200000286102 ], [ 8099351.549499999731779, 2636925.799800001084805 ], [ 8099351.544599998742342, 2636914.524399999529123 ], [ 8099350.510400000959635, 2636914.486200001090765 ], [ 8099350.447900000959635, 2636916.179499998688698 ], [ 8099347.0912000015378, 2636916.055599998682737 ], [ 8099347.1537000015378, 2636914.362300001084805 ], [ 8099342.804699998348951, 2636914.2018 ], [ 8099342.589800000190735, 2636920.023899998515844 ], [ 8099335.980999998748302, 2636919.779899999499321 ], [ 8099335.780299998819828, 2636925.217700000852346 ], [ 8099345.925200000405312, 2636925.592199999839067 ], [ 8099345.969999998807907, 2636930.078400000929832 ], [ 8099348.603999998420477, 2636930.175599999725819 ] ] ] ] } },
{ "type": "Feature", "properties": { "objectid": 314347, "globalid": "{00000000-0000-0000-0000-000000000000}", "uniq_id": null, "state_code": "24", "district_c": "439", "tehsil_cod": "3843", "block_code": "4060", "village_co": "515578", "lgd_code": "515578", "built_up_a": 1, "village_na": "Suragpur", "area_desc": null, "name": "Suragpur", "owner_name": null, "property_i": null, "property_c": null, "area_sqm": 80.00838446, "roof_type": 4, "no_floors": 0, "remarks": null, "adl_info": null, "gp_code": "155028", "gp_name": "SURAGPUR", "d_pan_code": 398, "d_pan_name": "Amreli", "b_pan_code": 4422, "b_pan_name": "Amreli", "sourceofda": null, "area_geo": 80.00838446, "st_area_sh": 93.11622889, "st_length_": 44.3410603803 }, "geometry": { "type": "MultiPolygon", "coordinates": [ [ [ [ 7938325.328400000929832, 2474013.171300001442432 ], [ 7938322.982200000435114, 2473997.183800000697374 ], [ 7938317.424199998378754, 2473998.204300001263618 ], [ 7938319.8662, 2474014.844700001180172 ], [ 7938325.328400000929832, 2474013.171300001442432 ] ] ] ] } },
{ "type": "Feature", "properties": { "objectid": 314593, "globalid": "{00000000-0000-0000-0000-000000000000}", "uniq_id": null, "state_code": "24", "district_c": "438", "tehsil_cod": "3782", "block_code": "4052", "village_co": "511638", "lgd_code": "511638", "built_up_a": 1, "village_na": "Lalpur", "area_desc": null, "name": "Lalpur", "owner_name": null, "property_i": null, "property_c": null, "area_sqm": 91.28178565, "roof_type": 1, "no_floors": 0, "remarks": null, "adl_info": null, "gp_code": "276150", "gp_name": "KUBADTHAL - LALPUR", "d_pan_code": 397, "d_pan_name": "Ahmedabad", "b_pan_code": 4414, "b_pan_name": "Daskroi", "sourceofda": null, "area_geo": 91.28178565, "st_area_sh": 108.297346085, "st_length_": 53.216048134200001 }, "geometry": { "type": "MultiPolygon", "coordinates": [ [ [ [ 8099352.656300000846386, 2636904.745999999344349 ], [ 8099352.639800000935793, 2636903.660399999469519 ], [ 8099352.626200001686811, 2636902.764400001615286 ], [ 8099349.924499999731779, 2636902.805399999022484 ], [ 8099349.859299998730421, 2636898.519299998879433 ], [ 8099352.561000000685453, 2636898.478300001472235 ], [ 8099352.475499998778105, 2636892.854699999094009 ], [ 8099346.73589999973774, 2636892.9419 ], [ 8099346.721999999135733, 2636892.025800000876188 ], [ 8099342.73759999871254, 2636892.086399998515844 ], [ 8099342.741799999028444, 2636892.35869999974966 ], [ 8099342.751600001007318, 2636893.002500001341105 ], [ 8099342.761599998921156, 2636893.665500000119209 ], [ 8099342.915800001472235, 2636903.808200001716614 ], [ 8099346.754999998956919, 2636903.749800000339746 ], [ 8099346.771499998867512, 2636904.835499998182058 ], [ 8099346.792399998754263, 2636906.207299999892712 ], [ 8099350.2467, 2636906.154800001531839 ], [ 8099350.22580000013113, 2636904.782999999821186 ], [ 8099352.656300000846386, 2636904.745999999344349 ] ] ] ] } },
{ "type": "Feature", "properties": { "objectid": 314477, "globalid": "{00000000-0000-0000-0000-000000000000}", "uniq_id": null, "state_code": "24", "district_c": "438", "tehsil_cod": "3782", "block_code": "4052", "village_co": "511638", "lgd_code": "511638", "built_up_a": 2, "village_na": "Lalpur", "area_desc": null, "name": "Lalpur", "owner_name": null, "property_i": null, "property_c": null, "area_sqm": 79.3778765, "roof_type": 4, "no_floors": 0, "remarks": null, "adl_info": null, "gp_code": "276150", "gp_name": "KUBADTHAL - LALPUR", "d_pan_code": 397, "d_pan_name": "Ahmedabad", "b_pan_code": 4414, "b_pan_name": "Daskroi", "sourceofda": null, "area_geo": 79.3778765, "st_area_sh": 94.17366547, "st_length_": 39.738778941100001 }, "geometry": { "type": "MultiPolygon", "coordinates": [ [ [ [ 8099150.16160000115633, 2636826.153299998492002 ], [ 8099138.51630000025034, 2636823.170699998736382 ], [ 8099138.513300001621246, 2636823.248199999332428 ], [ 8099137.302799999713898, 2636831.0746 ], [ 8099148.891600001603365, 2636833.852699998766184 ], [ 8099150.16160000115633, 2636826.153299998492002 ] ] ] ] } },
{ "type": "Feature", "properties": { "objectid": 314287, "globalid": "{00000000-0000-0000-0000-000000000000}", "uniq_id": null, "state_code": "24", "district_c": "439", "tehsil_cod": "3843", "block_code": "4060", "village_co": "515578", "lgd_code": "515578", "built_up_a": 1, "village_na": "Suragpur", "area_desc": null, "name": "Suragpur", "owner_name": null, "property_i": null, "property_c": null, "area_sqm": 39.98017733, "roof_type": 4, "no_floors": 0, "remarks": null, "adl_info": null, "gp_code": "155028", "gp_name": "SURAGPUR", "d_pan_code": 398, "d_pan_name": "Amreli", "b_pan_code": 4422, "b_pan_name": "Amreli", "sourceofda": null, "area_geo": 39.98017733, "st_area_sh": 46.530084674999998, "st_length_": 27.3892700904 }, "geometry": { "type": "MultiPolygon", "coordinates": [ [ [ [ 7938128.072700001299381, 2473989.734099999070168 ], [ 7938129.806600000709295, 2473995.31980000063777 ], [ 7938135.776500001549721, 2473993.466600000858307 ], [ 7938133.56980000063777, 2473986.357599999755621 ], [ 7938127.599800001829863, 2473988.210700001567602 ], [ 7938128.072700001299381, 2473989.734099999070168 ] ] ] ] } },
{ "type": "Feature", "properties": { "objectid": 314703, "globalid": "{00000000-0000-0000-0000-000000000000}", "uniq_id": null, "state_code": "24", "district_c": "438", "tehsil_cod": "3782", "block_code": "4052", "village_co": "511638", "lgd_code": "511638", "built_up_a": 1, "village_na": "Lalpur", "area_desc": null, "name": "Lalpur", "owner_name": null, "property_i": null, "property_c": null, "area_sqm": 7.5938924, "roof_type": 1, "no_floors": 0, "remarks": null, "adl_info": null, "gp_code": "276150", "gp_name": "KUBADTHAL - LALPUR", "d_pan_code": 397, "d_pan_name": "Ahmedabad", "b_pan_code": 4414, "b_pan_name": "Daskroi", "sourceofda": null, "area_geo": 7.5938924, "st_area_sh": 9.009570105, "st_length_": 12.0096256247 }, "geometry": { "type": "MultiPolygon", "coordinates": [ [ [ [ 8099320.328000001609325, 2637013.022900000214577 ], [ 8099320.66160000115633, 2637009.968899998813868 ], [ 8099317.746399998664856, 2637009.650400001555681 ], [ 8099317.41270000115037, 2637012.704500000923872 ], [ 8099320.328000001609325, 2637013.022900000214577 ] ] ] ] } },
{ "type": "Feature", "properties": { "objectid": 314584, "globalid": "{00000000-0000-0000-0000-000000000000}", "uniq_id": null, "state_code": "24", "district_c": "438", "tehsil_cod": "3782", "block_code": "4052", "village_co": "511638", "lgd_code": "511638", "built_up_a": 1, "village_na": "Lalpur", "area_desc": null, "name": "Lalpur", "owner_name": null, "property_i": null, "property_c": null, "area_sqm": 24.94871036, "roof_type": 1, "no_floors": 0, "remarks": null, "adl_info": null, "gp_code": "276150", "gp_name": "KUBADTHAL - LALPUR", "d_pan_code": 397, "d_pan_name": "Ahmedabad", "b_pan_code": 4414, "b_pan_name": "Daskroi", "sourceofda": null, "area_geo": 24.94871036, "st_area_sh": 29.599349794999998, "st_length_": 23.38483018 }, "geometry": { "type": "MultiPolygon", "coordinates": [ [ [ [ 8099364.53770000115037, 2636908.319200001657009 ], [ 8099367.557300001382828, 2636908.220400001853704 ], [ 8099367.623399998992682, 2636908.551100000739098 ], [ 8099370.342099998146296, 2636908.551100000739098 ], [ 8099370.320900000631809, 2636907.075800001621246 ], [ 8099370.270599998533726, 2636903.59010000154376 ], [ 8099366.968600001186132, 2636903.7423 ], [ 8099367.021499998867512, 2636902.789799999445677 ], [ 8099364.517099998891354, 2636902.737500000745058 ], [ 8099364.53770000115037, 2636908.319200001657009 ] ] ] ] } },
{ "type": "Feature", "properties": { "objectid": 314358, "globalid": "{00000000-0000-0000-0000-000000000000}", "uniq_id": null, "state_code": "24", "district_c": "439", "tehsil_cod": "3843", "block_code": "4060", "village_co": "515578", "lgd_code": "515578", "built_up_a": 1, "village_na": "Suragpur", "area_desc": null, "name": "Suragpur", "owner_name": null, "property_i": null, "property_c": null, "area_sqm": 365.31930796, "roof_type": 1, "no_floors": 0, "remarks": null, "adl_info": null, "gp_code": "155028", "gp_name": "SURAGPUR", "d_pan_code": 398, "d_pan_name": "Amreli", "b_pan_code": 4422, "b_pan_name": "Amreli", "sourceofda": null, "area_geo": 365.31930796, "st_area_sh": 425.16922392499998, "st_length_": 120.92875433 }, "geometry": { "type": "MultiPolygon", "coordinates": [ [ [ [ 7938286.412900000810623, 2473979.61939999833703 ], [ 7938260.036400001496077, 2473985.628899998962879 ], [ 7938261.956000000238419, 2473994.859999999403954 ], [ 7938280.847300000488758, 2473991.208700001239777 ], [ 7938281.521899998188019, 2473994.145599998533726 ], [ 7938282.236299999058247, 2473993.947200000286102 ], [ 7938285.014499999582767, 2474006.409099999815226 ], [ 7938286.2051, 2474006.250300001353025 ], [ 7938287.673500001430511, 2474013.671900000423193 ], [ 7938293.200899999588728, 2474012.456900000572205 ], [ 7938290.590300001204014, 2474000.834699999541044 ], [ 7938291.311999998986721, 2474000.660599999129772 ], [ 7938286.412900000810623, 2473979.61939999833703 ] ] ] ] } },
{ "type": "Feature", "properties": { "objectid": 314305, "globalid": "{00000000-0000-0000-0000-000000000000}", "uniq_id": null, "state_code": "24", "district_c": "439", "tehsil_cod": "3843", "block_code": "4060", "village_co": "515578", "lgd_code": "515578", "built_up_a": 1, "village_na": "Suragpur", "area_desc": null, "name": "Suragpur", "owner_name": null, "property_i": null, "property_c": null, "area_sqm": 106.40202526, "roof_type": 1, "no_floors": 0, "remarks": null, "adl_info": null, "gp_code": "155028", "gp_name": "SURAGPUR", "d_pan_code": 398, "d_pan_name": "Amreli", "b_pan_code": 4422, "b_pan_name": "Amreli", "sourceofda": null, "area_geo": 106.40202526, "st_area_sh": 123.833329275, "st_length_": 45.106980521099999 }, "geometry": { "type": "MultiPolygon", "coordinates": [ [ [ [ 7938426.13289999961853, 2473956.66160000115633 ], [ 7938426.340300001204014, 2473966.071899998933077 ], [ 7938439.437899999320507, 2473965.760899998247623 ], [ 7938439.228799998760223, 2473956.271800000220537 ], [ 7938426.13289999961853, 2473956.66160000115633 ] ] ] ] } },
{ "type": "Feature", "properties": { "objectid": 314551, "globalid": "{00000000-0000-0000-0000-000000000000}", "uniq_id": null, "state_code": "24", "district_c": "438", "tehsil_cod": "3782", "block_code": "4052", "village_co": "511638", "lgd_code": "511638", "built_up_a": 1, "village_na": "Lalpur", "area_desc": null, "name": "Lalpur", "owner_name": null, "property_i": null, "property_c": null, "area_sqm": 9.95237239, "roof_type": 4, "no_floors": 0, "remarks": null, "adl_info": null, "gp_code": "276150", "gp_name": "KUBADTHAL - LALPUR", "d_pan_code": 397, "d_pan_name": "Ahmedabad", "b_pan_code": 4414, "b_pan_name": "Daskroi", "sourceofda": null, "area_geo": 9.95237239, "st_area_sh": 11.807470395, "st_length_": 13.9012941238 }, "geometry": { "type": "MultiPolygon", "coordinates": [ [ [ [ 8099328.720400001853704, 2636831.173599999397993 ], [ 8099328.256000000983477, 2636835.202599998563528 ], [ 8099331.286299999803305, 2636835.312100000679493 ], [ 8099331.616300001740456, 2636831.418999999761581 ], [ 8099328.720400001853704, 2636831.173599999397993 ] ] ] ] } },
{ "type": "Feature", "properties": { "objectid": 314435, "globalid": "{00000000-0000-0000-0000-000000000000}", "uniq_id": null, "state_code": "24", "district_c": "439", "tehsil_cod": "3843", "block_code": "4060", "village_co": "515578", "lgd_code": "515578", "built_up_a": 1, "village_na": "Suragpur", "area_desc": null, "name": "Suragpur", "owner_name": null, "property_i": null, "property_c": null, "area_sqm": 71.94957574, "roof_type": 1, "no_floors": 0, "remarks": null, "adl_info": null, "gp_code": "155028", "gp_name": "SURAGPUR", "d_pan_code": 398, "d_pan_name": "Amreli", "b_pan_code": 4422, "b_pan_name": "Amreli", "sourceofda": null, "area_geo": 71.94957574, "st_area_sh": 83.735584965000001, "st_length_": 38.482788909200004 }, "geometry": { "type": "MultiPolygon", "coordinates": [ [ [ [ 7938380.506900001317263, 2473846.2027000002563 ], [ 7938379.430399999022484, 2473842.165800001472235 ], [ 7938377.6776, 2473842.628800000995398 ], [ 7938376.321600001305342, 2473837.700899999588728 ], [ 7938368.772300001233816, 2473840.619699999690056 ], [ 7938371.470600001513958, 2473849.794199999421835 ], [ 7938380.506900001317263, 2473846.2027000002563 ] ] ] ] } },
{ "type": "Feature", "properties": { "objectid": 314644, "globalid": "{00000000-0000-0000-0000-000000000000}", "uniq_id": null, "state_code": "24", "district_c": "438", "tehsil_cod": "3782", "block_code": "4052", "village_co": "511638", "lgd_code": "511638", "built_up_a": 1, "village_na": "Lalpur", "area_desc": null, "name": "Lalpur", "owner_name": null, "property_i": null, "property_c": null, "area_sqm": 13.72540526, "roof_type": 4, "no_floors": 0, "remarks": null, "adl_info": null, "gp_code": "276150", "gp_name": "KUBADTHAL - LALPUR", "d_pan_code": 397, "d_pan_name": "Ahmedabad", "b_pan_code": 4414, "b_pan_name": "Daskroi", "sourceofda": null, "area_geo": 13.72540526, "st_area_sh": 16.28403546, "st_length_": 16.594837155099999 }, "geometry": { "type": "MultiPolygon", "coordinates": [ [ [ [ 8099442.146299999207258, 2636961.113299999386072 ], [ 8099445.294100001454353, 2636961.602000001817942 ], [ 8099446.078299999237061, 2636956.550599999725819 ], [ 8099442.930500000715256, 2636956.061900001019239 ], [ 8099442.146299999207258, 2636961.113299999386072 ] ] ] ] } },
{ "type": "Feature", "properties": { "objectid": 314561, "globalid": "{00000000-0000-0000-0000-000000000000}", "uniq_id": null, "state_code": "24", "district_c": "438", "tehsil_cod": "3782", "block_code": "4052", "village_co": "511638", "lgd_code": "511638", "built_up_a": 1, "village_na": "Lalpur", "area_desc": null, "name": "Lalpur", "owner_name": null, "property_i": null, "property_c": null, "area_sqm": 20.2776151, "roof_type": 4, "no_floors": 0, "remarks": null, "adl_info": null, "gp_code": "276150", "gp_name": "KUBADTHAL - LALPUR", "d_pan_code": 397, "d_pan_name": "Ahmedabad", "b_pan_code": 4414, "b_pan_name": "Daskroi", "sourceofda": null, "area_geo": 20.2776151, "st_area_sh": 24.05719322, "st_length_": 19.749505036 }, "geometry": { "type": "MultiPolygon", "coordinates": [ [ [ [ 8099395.957699999213219, 2636793.999299999326468 ], [ 8099401.418699998408556, 2636794.68189999833703 ], [ 8099401.960900001227856, 2636790.344399999827147 ], [ 8099396.499899998307228, 2636789.661800000816584 ], [ 8099395.957699999213219, 2636793.999299999326468 ] ] ] ] } },
{ "type": "Feature", "properties": { "objectid": 314385, "globalid": "{00000000-0000-0000-0000-000000000000}", "uniq_id": null, "state_code": "24", "district_c": "439", "tehsil_cod": "3843", "block_code": "4060", "village_co": "515578", "lgd_code": "515578", "built_up_a": 1, "village_na": "Suragpur", "area_desc": null, "name": "Suragpur", "owner_name": null, "property_i": null, "property_c": null, "area_sqm": 7.20580305, "roof_type": 1, "no_floors": 0, "remarks": null, "adl_info": null, "gp_code": "155028", "gp_name": "SURAGPUR", "d_pan_code": 398, "d_pan_name": "Amreli", "b_pan_code": 4422, "b_pan_name": "Amreli", "sourceofda": null, "area_geo": 7.20580305, "st_area_sh": 8.38622829, "st_length_": 12.093132693799999 }, "geometry": { "type": "MultiPolygon", "coordinates": [ [ [ [ 7938291.662500001490116, 2473891.459100000560284 ], [ 7938289.659600000828505, 2473892.126800000667572 ], [ 7938289.924199998378754, 2473893.052799999713898 ], [ 7938290.714000001549721, 2473895.81700000166893 ], [ 7938292.834600001573563, 2473895.22239999845624 ], [ 7938291.662500001490116, 2473891.459100000560284 ] ] ] ] } },
{ "type": "Feature", "properties": { "objectid": 314544, "globalid": "{00000000-0000-0000-0000-000000000000}", "uniq_id": null, "state_code": "24", "district_c": "438", "tehsil_cod": "3782", "block_code": "4052", "village_co": "511638", "lgd_code": "511638", "built_up_a": 1, "village_na": "Lalpur", "area_desc": null, "name": "Lalpur", "owner_name": null, "property_i": null, "property_c": null, "area_sqm": 8.13202773, "roof_type": 1, "no_floors": 0, "remarks": null, "adl_info": null, "gp_code": "276150", "gp_name": "KUBADTHAL - LALPUR", "d_pan_code": 397, "d_pan_name": "Ahmedabad", "b_pan_code": 4414, "b_pan_name": "Daskroi", "sourceofda": null, "area_geo": 8.13202773, "st_area_sh": 9.64792703, "st_length_": 13.196111177700001 }, "geometry": { "type": "MultiPolygon", "coordinates": [ [ [ [ 8099325.881799999624491, 2636924.200300000607967 ], [ 8099325.506700001657009, 2636928.594999998807907 ], [ 8099327.686200000345707, 2636928.780999999493361 ], [ 8099328.061299998313189, 2636924.386399999260902 ], [ 8099325.881799999624491, 2636924.200300000607967 ] ] ] ] } },
{ "type": "Feature", "properties": { "objectid": 314723, "globalid": "{00000000-0000-0000-0000-000000000000}", "uniq_id": null, "state_code": "24", "district_c": "438", "tehsil_cod": "3782", "block_code": "4052", "village_co": "511638", "lgd_code": "511638", "built_up_a": 1, "village_na": "Lalpur", "area_desc": null, "name": "Lalpur", "owner_name": null, "property_i": null, "property_c": null, "area_sqm": 12.95017829, "roof_type": 4, "no_floors": 0, "remarks": null, "adl_info": null, "gp_code": "276150", "gp_name": "KUBADTHAL - LALPUR", "d_pan_code": 397, "d_pan_name": "Ahmedabad", "b_pan_code": 4414, "b_pan_name": "Daskroi", "sourceofda": null, "area_geo": 12.95017829, "st_area_sh": 15.36449984, "st_length_": 15.7800544908 }, "geometry": { "type": "MultiPolygon", "coordinates": [ [ [ [ 8099278.120200000703335, 2637067.267299998551607 ], [ 8099275.272700000554323, 2637067.099300000816584 ], [ 8099274.439800001680851, 2637066.950800001621246 ], [ 8099274.118299998342991, 2637071.134300000965595 ], [ 8099277.872099999338388, 2637071.383499998599291 ], [ 8099278.120200000703335, 2637067.267299998551607 ] ] ] ] } },
{ "type": "Feature", "properties": { "objectid": 314527, "globalid": "{00000000-0000-0000-0000-000000000000}", "uniq_id": null, "state_code": "24", "district_c": "438", "tehsil_cod": "3782", "block_code": "4052", "village_co": "511638", "lgd_code": "511638", "built_up_a": 1, "village_na": "Lalpur", "area_desc": null, "name": "Lalpur", "owner_name": null, "property_i": null, "property_c": null, "area_sqm": 7.76876664, "roof_type": 1, "no_floors": 0, "remarks": null, "adl_info": null, "gp_code": "276150", "gp_name": "KUBADTHAL - LALPUR", "d_pan_code": 397, "d_pan_name": "Ahmedabad", "b_pan_code": 4414, "b_pan_name": "Daskroi", "sourceofda": null, "area_geo": 7.76876664, "st_area_sh": 9.21692094, "st_length_": 12.6192067739 }, "geometry": { "type": "MultiPolygon", "coordinates": [ [ [ [ 8099325.765900000929832, 2636898.420000001788139 ], [ 8099323.469099998474121, 2636898.449000000953674 ], [ 8099323.519799999892712, 2636902.461300000548363 ], [ 8099325.816599998623133, 2636902.432300001382828 ], [ 8099325.765900000929832, 2636898.420000001788139 ] ] ] ] } },
{ "type": "Feature", "properties": { "objectid": 314402, "globalid": "{00000000-0000-0000-0000-000000000000}", "uniq_id": null, "state_code": "24", "district_c": "439", "tehsil_cod": "3843", "block_code": "4060", "village_co": "515578", "lgd_code": "515578", "built_up_a": 1, "village_na": "Suragpur", "area_desc": null, "name": "Suragpur", "owner_name": null, "property_i": null, "property_c": null, "area_sqm": 85.33523558, "roof_type": 1, "no_floors": 0, "remarks": null, "adl_info": null, "gp_code": "155028", "gp_name": "SURAGPUR", "d_pan_code": 398, "d_pan_name": "Amreli", "b_pan_code": 4422, "b_pan_name": "Amreli", "sourceofda": null, "area_geo": 85.33523558, "st_area_sh": 99.31504667, "st_length_": 51.360905858700001 }, "geometry": { "type": "MultiPolygon", "coordinates": [ [ [ [ 7938340.898899998515844, 2473948.76069999858737 ], [ 7938338.993599999696016, 2473949.208999998867512 ], [ 7938338.385099999606609, 2473946.695500001311302 ], [ 7938339.390500001609325, 2473946.457299999892712 ], [ 7938338.861299999058247, 2473944.340700000524521 ], [ 7938345.15260000154376, 2473942.317099999636412 ], [ 7938342.613600000739098, 2473934.121599998325109 ], [ 7938333.276500001549721, 2473937.3585 ], [ 7938337.307599999010563, 2473950.603799998760223 ], [ 7938341.090199999511242, 2473949.474500000476837 ], [ 7938340.898899998515844, 2473948.76069999858737 ] ] ] ] } },
{ "type": "Feature", "properties": { "objectid": 314579, "globalid": "{00000000-0000-0000-0000-000000000000}", "uniq_id": null, "state_code": "24", "district_c": "438", "tehsil_cod": "3782", "block_code": "4052", "village_co": "511638", "lgd_code": "511638", "built_up_a": 1, "village_na": "Lalpur", "area_desc": null, "name": "Lalpur", "owner_name": null, "property_i": null, "property_c": null, "area_sqm": 19.43533143, "roof_type": 1, "no_floors": 0, "remarks": null, "adl_info": null, "gp_code": "276150", "gp_name": "KUBADTHAL - LALPUR", "d_pan_code": 397, "d_pan_name": "Ahmedabad", "b_pan_code": 4414, "b_pan_name": "Daskroi", "sourceofda": null, "area_geo": 19.43533143, "st_area_sh": 23.05824166, "st_length_": 19.519303539700001 }, "geometry": { "type": "MultiPolygon", "coordinates": [ [ [ [ 8099381.691100001335144, 2636906.916799999773502 ], [ 8099375.970800001174212, 2636906.996800001710653 ], [ 8099376.052200000733137, 2636909.797699999064207 ], [ 8099376.086500000208616, 2636910.980700001120567 ], [ 8099381.852699998766184, 2636910.960200000554323 ], [ 8099381.805100001394749, 2636909.769299998879433 ], [ 8099381.691100001335144, 2636906.916799999773502 ] ] ] ] } },
{ "type": "Feature", "properties": { "objectid": 314782, "globalid": "{00000000-0000-0000-0000-000000000000}", "uniq_id": null, "state_code": "24", "district_c": "438", "tehsil_cod": "3782", "block_code": "4052", "village_co": "511638", "lgd_code": "511638", "built_up_a": 1, "village_na": "Lalpur", "area_desc": null, "name": "Lalpur", "owner_name": null, "property_i": null, "property_c": null, "area_sqm": 2.9408744, "roof_type": 4, "no_floors": 0, "remarks": null, "adl_info": null, "gp_code": "276150", "gp_name": "KUBADTHAL - LALPUR", "d_pan_code": 397, "d_pan_name": "Ahmedabad", "b_pan_code": 4414, "b_pan_name": "Daskroi", "sourceofda": null, "area_geo": 2.9408744, "st_area_sh": 3.48918723, "st_length_": 8.8557527399799998 }, "geometry": { "type": "MultiPolygon", "coordinates": [ [ [ [ 8099311.131000000983477, 2637165.697500001639128 ], [ 8099311.059799998998642, 2637166.720499999821186 ], [ 8099314.454, 2637166.956700000911951 ], [ 8099314.525100000202656, 2637165.933600001037121 ], [ 8099311.131000000983477, 2637165.697500001639128 ] ] ] ] } },
{ "type": "Feature", "properties": { "objectid": 314472, "globalid": "{00000000-0000-0000-0000-000000000000}", "uniq_id": null, "state_code": "24", "district_c": "439", "tehsil_cod": "3843", "block_code": "4060", "village_co": "515578", "lgd_code": "515578", "built_up_a": 1, "village_na": "Suragpur", "area_desc": null, "name": "Suragpur", "owner_name": null, "property_i": null, "property_c": null, "area_sqm": 1.97013763, "roof_type": 4, "no_floors": 0, "remarks": null, "adl_info": null, "gp_code": "155028", "gp_name": "SURAGPUR", "d_pan_code": 398, "d_pan_name": "Amreli", "b_pan_code": 4422, "b_pan_name": "Amreli", "sourceofda": null, "area_geo": 1.97013763, "st_area_sh": 2.29297663, "st_length_": 6.0580353813599999 }, "geometry": { "type": "MultiPolygon", "coordinates": [ [ [ [ 7938423.660599999129772, 2474270.163699999451637 ], [ 7938422.173700001090765, 2474270.173599999397993 ], [ 7938422.184000000357628, 2474271.715700000524521 ], [ 7938423.670899998396635, 2474271.705699998885393 ], [ 7938423.660599999129772, 2474270.163699999451637 ] ] ] ] } },
{ "type": "Feature", "properties": { "objectid": 314746, "globalid": "{00000000-0000-0000-0000-000000000000}", "uniq_id": null, "state_code": "24", "district_c": "438", "tehsil_cod": "3782", "block_code": "4052", "village_co": "511638", "lgd_code": "511638", "built_up_a": 1, "village_na": "Lalpur", "area_desc": null, "name": "Lalpur", "owner_name": null, "property_i": null, "property_c": null, "area_sqm": 58.02283551, "roof_type": 1, "no_floors": 0, "remarks": null, "adl_info": null, "gp_code": "276150", "gp_name": "KUBADTHAL - LALPUR", "d_pan_code": 397, "d_pan_name": "Ahmedabad", "b_pan_code": 4414, "b_pan_name": "Daskroi", "sourceofda": null, "area_geo": 58.02283551, "st_area_sh": 68.839358485000005, "st_length_": 34.389082911099997 }, "geometry": { "type": "MultiPolygon", "coordinates": [ [ [ [ 8099254.011599998921156, 2636982.661800000816584 ], [ 8099254.740200001746416, 2636978.762899998575449 ], [ 8099255.878400001674891, 2636978.975600000470877 ], [ 8099256.562699999660254, 2636975.313799999654293 ], [ 8099255.436799999326468, 2636975.035300001502037 ], [ 8099247.551399998366833, 2636973.084199998527765 ], [ 8099246.120000001043081, 2636981.187100000679493 ], [ 8099254.011599998921156, 2636982.661800000816584 ] ] ] ] } },
{ "type": "Feature", "properties": { "objectid": 314640, "globalid": "{00000000-0000-0000-0000-000000000000}", "uniq_id": null, "state_code": "24", "district_c": "438", "tehsil_cod": "3782", "block_code": "4052", "village_co": "511638", "lgd_code": "511638", "built_up_a": 1, "village_na": "Lalpur", "area_desc": null, "name": "Lalpur", "owner_name": null, "property_i": null, "property_c": null, "area_sqm": 27.96067932, "roof_type": 1, "no_floors": 0, "remarks": null, "adl_info": null, "gp_code": "276150", "gp_name": "KUBADTHAL - LALPUR", "d_pan_code": 397, "d_pan_name": "Ahmedabad", "b_pan_code": 4414, "b_pan_name": "Daskroi", "sourceofda": null, "area_geo": 27.96067932, "st_area_sh": 33.17294772, "st_length_": 23.0541387538 }, "geometry": { "type": "MultiPolygon", "coordinates": [ [ [ [ 8099396.309500001370907, 2636951.389499999582767 ], [ 8099402.238800000399351, 2636952.139699999243021 ], [ 8099402.935499999672174, 2636946.633099999278784 ], [ 8099397.00620000064373, 2636945.88289999961853 ], [ 8099396.309500001370907, 2636951.389499999582767 ] ] ] ] } },
{ "type": "Feature", "properties": { "objectid": 314394, "globalid": "{00000000-0000-0000-0000-000000000000}", "uniq_id": null, "state_code": "24", "district_c": "439", "tehsil_cod": "3843", "block_code": "4060", "village_co": "515578", "lgd_code": "515578", "built_up_a": 1, "village_na": "Suragpur", "area_desc": null, "name": "Suragpur", "owner_name": null, "property_i": null, "property_c": null, "area_sqm": 10.0475398, "roof_type": 4, "no_floors": 0, "remarks": null, "adl_info": null, "gp_code": "155028", "gp_name": "SURAGPUR", "d_pan_code": 398, "d_pan_name": "Amreli", "b_pan_code": 4422, "b_pan_name": "Amreli", "sourceofda": null, "area_geo": 10.0475398, "st_area_sh": 11.69356605, "st_length_": 13.940304706899999 }, "geometry": { "type": "MultiPolygon", "coordinates": [ [ [ [ 7938319.403799999505281, 2473950.8224 ], [ 7938315.551699999719858, 2473952.125 ], [ 7938316.226399999111891, 2473954.466600000858307 ], [ 7938316.305799998342991, 2473954.813799999654293 ], [ 7938320.3141999989748, 2473953.553800001740456 ], [ 7938319.403799999505281, 2473950.8224 ] ] ] ] } },
{ "type": "Feature", "properties": { "objectid": 314336, "globalid": "{00000000-0000-0000-0000-000000000000}", "uniq_id": null, "state_code": "24", "district_c": "439", "tehsil_cod": "3843", "block_code": "4060", "village_co": "515578", "lgd_code": "515578", "built_up_a": 1, "village_na": "Suragpur", "area_desc": null, "name": "Suragpur", "owner_name": null, "property_i": null, "property_c": null, "area_sqm": 8.367296, "roof_type": 1, "no_floors": 0, "remarks": null, "adl_info": null, "gp_code": "155028", "gp_name": "SURAGPUR", "d_pan_code": 398, "d_pan_name": "Amreli", "b_pan_code": 4422, "b_pan_name": "Amreli", "sourceofda": null, "area_geo": 8.367296, "st_area_sh": 9.73809679, "st_length_": 13.443378150199999 }, "geometry": { "type": "MultiPolygon", "coordinates": [ [ [ [ 7938385.704900000244379, 2473985.077100001275539 ], [ 7938386.070999998599291, 2473989.685400001704693 ], [ 7938388.104200001806021, 2473989.556699998676777 ], [ 7938387.892299998551607, 2473984.968400001525879 ], [ 7938385.704900000244379, 2473985.077100001275539 ] ] ] ] } },
{ "type": "Feature", "properties": { "objectid": 314658, "globalid": "{00000000-0000-0000-0000-000000000000}", "uniq_id": null, "state_code": "24", "district_c": "438", "tehsil_cod": "3782", "block_code": "4052", "village_co": "511638", "lgd_code": "511638", "built_up_a": 1, "village_na": "Lalpur", "area_desc": null, "name": "Lalpur", "owner_name": null, "property_i": null, "property_c": null, "area_sqm": 24.32554675, "roof_type": 1, "no_floors": 0, "remarks": null, "adl_info": null, "gp_code": "276150", "gp_name": "KUBADTHAL - LALPUR", "d_pan_code": 397, "d_pan_name": "Ahmedabad", "b_pan_code": 4414, "b_pan_name": "Daskroi", "sourceofda": null, "area_geo": 24.32554675, "st_area_sh": 28.860246215, "st_length_": 22.155436556200002 }, "geometry": { "type": "MultiPolygon", "coordinates": [ [ [ [ 8099332.28999999910593, 2636968.8673 ], [ 8099325.969700001180172, 2636966.169199999421835 ], [ 8099323.918299999088049, 2636969.395500000566244 ], [ 8099329.713599998503923, 2636972.8277000002563 ], [ 8099332.28999999910593, 2636968.8673 ] ] ] ] } },
{ "type": "Feature", "properties": { "objectid": 314444, "globalid": "{00000000-0000-0000-0000-000000000000}", "uniq_id": null, "state_code": "24", "district_c": "439", "tehsil_cod": "3843", "block_code": "4060", "village_co": "515578", "lgd_code": "515578", "built_up_a": 1, "village_na": "Suragpur", "area_desc": null, "name": "Suragpur", "owner_name": null, "property_i": null, "property_c": null, "area_sqm": 44.93162533, "roof_type": 4, "no_floors": 0, "remarks": null, "adl_info": null, "gp_code": "155028", "gp_name": "SURAGPUR", "d_pan_code": 398, "d_pan_name": "Amreli", "b_pan_code": 4422, "b_pan_name": "Amreli", "sourceofda": null, "area_geo": 44.93162533, "st_area_sh": 52.2917268, "st_length_": 28.9692969629 }, "geometry": { "type": "MultiPolygon", "coordinates": [ [ [ [ 7938377.668999999761581, 2473819.993599999696016 ], [ 7938372.921799998730421, 2473821.5592 ], [ 7938370.422200001776218, 2473822.383499998599291 ], [ 7938372.492600001394749, 2473828.949200000613928 ], [ 7938379.720800001174212, 2473826.500100001692772 ], [ 7938377.668999999761581, 2473819.993599999696016 ] ] ] ] } },
{ "type": "Feature", "properties": { "objectid": 314267, "globalid": "{00000000-0000-0000-0000-000000000000}", "uniq_id": null, "state_code": "24", "district_c": "439", "tehsil_cod": "3843", "block_code": "4060", "village_co": "515578", "lgd_code": "515578", "built_up_a": 1, "village_na": "Suragpur", "area_desc": null, "name": "Suragpur", "owner_name": null, "property_i": null, "property_c": null, "area_sqm": 160.37256143, "roof_type": 1, "no_floors": 0, "remarks": null, "adl_info": null, "gp_code": "155028", "gp_name": "SURAGPUR", "d_pan_code": 398, "d_pan_name": "Amreli", "b_pan_code": 4422, "b_pan_name": "Amreli", "sourceofda": null, "area_geo": 160.37256143, "st_area_sh": 186.65138285500001, "st_length_": 72.827968583399993 }, "geometry": { "type": "MultiPolygon", "coordinates": [ [ [ [ 7938414.530299998819828, 2474223.694600000977516 ], [ 7938410.48200000077486, 2474224.023800000548363 ], [ 7938410.222699999809265, 2474220.7989999987185 ], [ 7938402.161100000143051, 2474221.508600000292063 ], [ 7938404.066100001335144, 2474243.151599999517202 ], [ 7938414.445799998939037, 2474242.238000001758337 ], [ 7938414.282699998468161, 2474238.829900000244379 ], [ 7938412.457100000232458, 2474238.893399998545647 ], [ 7938412.3141999989748, 2474237.13120000064373 ], [ 7938411.454300001263618, 2474237.166999999433756 ], [ 7938410.3629, 2474225.062300000339746 ], [ 7938414.617899999022484, 2474224.690200001001358 ], [ 7938414.530299998819828, 2474223.694600000977516 ] ] ] ] } },
{ "type": "Feature", "properties": { "objectid": 314671, "globalid": "{00000000-0000-0000-0000-000000000000}", "uniq_id": null, "state_code": "24", "district_c": "438", "tehsil_cod": "3782", "block_code": "4052", "village_co": "511638", "lgd_code": "511638", "built_up_a": 1, "village_na": "Lalpur", "area_desc": null, "name": "Lalpur", "owner_name": null, "property_i": null, "property_c": null, "area_sqm": 38.7180146, "roof_type": 4, "no_floors": 0, "remarks": null, "adl_info": null, "gp_code": "276150", "gp_name": "KUBADTHAL - LALPUR", "d_pan_code": 397, "d_pan_name": "Ahmedabad", "b_pan_code": 4414, "b_pan_name": "Daskroi", "sourceofda": null, "area_geo": 38.7180146, "st_area_sh": 45.93585051, "st_length_": 29.002399305800001 }, "geometry": { "type": "MultiPolygon", "coordinates": [ [ [ [ 8099359.863099999725819, 2636992.025100000202656 ], [ 8099350.227400001138449, 2636990.098000001162291 ], [ 8099349.310600001364946, 2636994.68189999833703 ], [ 8099358.9463, 2636996.609000001102686 ], [ 8099359.863099999725819, 2636992.025100000202656 ] ] ] ] } },
{ "type": "Feature", "properties": { "objectid": 314269, "globalid": "{00000000-0000-0000-0000-000000000000}", "uniq_id": null, "state_code": "24", "district_c": "439", "tehsil_cod": "3843", "block_code": "4060", "village_co": "515578", "lgd_code": "515578", "built_up_a": 1, "village_na": "Suragpur", "area_desc": null, "name": "Suragpur", "owner_name": null, "property_i": null, "property_c": null, "area_sqm": 87.71564087, "roof_type": 1, "no_floors": 0, "remarks": null, "adl_info": null, "gp_code": "155028", "gp_name": "SURAGPUR", "d_pan_code": 398, "d_pan_name": "Amreli", "b_pan_code": 4422, "b_pan_name": "Amreli", "sourceofda": null, "area_geo": 87.71564087, "st_area_sh": 102.088559985, "st_length_": 43.033983018400001 }, "geometry": { "type": "MultiPolygon", "coordinates": [ [ [ [ 7938405.883499998599291, 2474216.140599999576807 ], [ 7938405.793499998748302, 2474214.054200001060963 ], [ 7938412.429900001734495, 2474213.544199999421835 ], [ 7938411.640700001269579, 2474204.81870000064373 ], [ 7938400.921999998390675, 2474205.788100000470877 ], [ 7938401.890900000929832, 2474216.501600001007318 ], [ 7938405.883499998599291, 2474216.140599999576807 ] ] ] ] } },
{ "type": "Feature", "properties": { "objectid": 314458, "globalid": "{00000000-0000-0000-0000-000000000000}", "uniq_id": null, "state_code": "24", "district_c": "439", "tehsil_cod": "3843", "block_code": "4060", "village_co": "515578", "lgd_code": "515578", "built_up_a": 1, "village_na": "Suragpur", "area_desc": null, "name": "Suragpur", "owner_name": null, "property_i": null, "property_c": null, "area_sqm": 56.05262177, "roof_type": 1, "no_floors": 0, "remarks": null, "adl_info": null, "gp_code": "155028", "gp_name": "SURAGPUR", "d_pan_code": 398, "d_pan_name": "Amreli", "b_pan_code": 4422, "b_pan_name": "Amreli", "sourceofda": null, "area_geo": 56.05262177, "st_area_sh": 65.23463735, "st_length_": 35.891707419600003 }, "geometry": { "type": "MultiPolygon", "coordinates": [ [ [ [ 7938414.861600000411272, 2473849.697200000286102 ], [ 7938413.406800001859665, 2473850.143199998885393 ], [ 7938412.470199998468161, 2473847.311299998313189 ], [ 7938409.306000001728535, 2473848.579599998891354 ], [ 7938408.996199999004602, 2473848.677999999374151 ], [ 7938409.988400001078844, 2473851.58839999884367 ], [ 7938409.181499999016523, 2473851.8662 ], [ 7938411.924600001424551, 2473860.10020000115037 ], [ 7938417.793999999761581, 2473858.011399999260902 ], [ 7938414.861600000411272, 2473849.697200000286102 ] ] ] ] } },
{ "type": "Feature", "properties": { "objectid": 314653, "globalid": "{00000000-0000-0000-0000-000000000000}", "uniq_id": null, "state_code": "24", "district_c": "438", "tehsil_cod": "3782", "block_code": "4052", "village_co": "511638", "lgd_code": "511638", "built_up_a": 1, "village_na": "Lalpur", "area_desc": null, "name": "Lalpur", "owner_name": null, "property_i": null, "property_c": null, "area_sqm": 36.66702287, "roof_type": 4, "no_floors": 0, "remarks": null, "adl_info": null, "gp_code": "276150", "gp_name": "KUBADTHAL - LALPUR", "d_pan_code": 397, "d_pan_name": "Ahmedabad", "b_pan_code": 4414, "b_pan_name": "Daskroi", "sourceofda": null, "area_geo": 36.66702287, "st_area_sh": 43.50242642, "st_length_": 27.1131512505 }, "geometry": { "type": "MultiPolygon", "coordinates": [ [ [ [ 8099329.713599998503923, 2636972.8277000002563 ], [ 8099327.117600001394749, 2636977.352200001478195 ], [ 8099334.263099998235703, 2636981.583999998867512 ], [ 8099336.920899998396635, 2636977.0962999984622 ], [ 8099329.713599998503923, 2636972.8277000002563 ] ] ] ] } },
{ "type": "Feature", "properties": { "objectid": 314661, "globalid": "{00000000-0000-0000-0000-000000000000}", "uniq_id": null, "state_code": "24", "district_c": "438", "tehsil_cod": "3782", "block_code": "4052", "village_co": "511638", "lgd_code": "511638", "built_up_a": 1, "village_na": "Lalpur", "area_desc": null, "name": "Lalpur", "owner_name": null, "property_i": null, "property_c": null, "area_sqm": 93.23803361, "roof_type": 1, "no_floors": 0, "remarks": null, "adl_info": null, "gp_code": "276150", "gp_name": "KUBADTHAL - LALPUR", "d_pan_code": 397, "d_pan_name": "Ahmedabad", "b_pan_code": 4414, "b_pan_name": "Daskroi", "sourceofda": null, "area_geo": 93.23803361, "st_area_sh": 110.61910905000001, "st_length_": 44.594222242000001 }, "geometry": { "type": "MultiPolygon", "coordinates": [ [ [ [ 8099344.529899999499321, 2636960.323399998247623 ], [ 8099333.489199999719858, 2636957.654800001531839 ], [ 8099330.618099998682737, 2636956.482999999076128 ], [ 8099328.011900000274181, 2636963.128899998962879 ], [ 8099341.374699998646975, 2636968.369199998676777 ], [ 8099344.529899999499321, 2636960.323399998247623 ] ] ] ] } },
{ "type": "Feature", "properties": { "objectid": 314491, "globalid": "{00000000-0000-0000-0000-000000000000}", "uniq_id": null, "state_code": "24", "district_c": "438", "tehsil_cod": "3782", "block_code": "4052", "village_co": "511638", "lgd_code": "511638", "built_up_a": 2, "village_na": "Lalpur", "area_desc": null, "name": "Lalpur", "owner_name": null, "property_i": null, "property_c": null, "area_sqm": 265.05481501999998, "roof_type": 4, "no_floors": 0, "remarks": null, "adl_info": null, "gp_code": "276150", "gp_name": "KUBADTHAL - LALPUR", "d_pan_code": 397, "d_pan_name": "Ahmedabad", "b_pan_code": 4414, "b_pan_name": "Daskroi", "sourceofda": null, "area_geo": 265.05481501999998, "st_area_sh": 314.45778998499998, "st_length_": 88.113784960800004 }, "geometry": { "type": "MultiPolygon", "coordinates": [ [ [ [ 8099138.834600001573563, 2636757.505800001323223 ], [ 8099127.166400000452995, 2636754.171999998390675 ], [ 8099125.499499998986721, 2636760.603999998420477 ], [ 8099122.059999998658895, 2636759.744199998676777 ], [ 8099119.61259999871254, 2636769.136900000274181 ], [ 8099122.787599999457598, 2636769.798300001770258 ], [ 8099121.663100000470877, 2636774.494699999690056 ], [ 8099132.84910000115633, 2636777.492199998348951 ], [ 8099136.215199999511242, 2636764.308200001716614 ], [ 8099140.845400001853704, 2636765.366599999368191 ], [ 8099142.035999998450279, 2636760.670200001448393 ], [ 8099145.541799999773502, 2636761.530099999159575 ], [ 8099146.070900000631809, 2636759.479600001126528 ], [ 8099138.834600001573563, 2636757.505800001323223 ] ] ] ] } },
{ "type": "Feature", "properties": { "objectid": 314785, "globalid": "{00000000-0000-0000-0000-000000000000}", "uniq_id": null, "state_code": "24", "district_c": "438", "tehsil_cod": "3782", "block_code": "4052", "village_co": "511638", "lgd_code": "511638", "built_up_a": 1, "village_na": "Lalpur", "area_desc": null, "name": "Lalpur", "owner_name": null, "property_i": null, "property_c": null, "area_sqm": 20.60695099, "roof_type": 1, "no_floors": 0, "remarks": null, "adl_info": null, "gp_code": "276150", "gp_name": "KUBADTHAL - LALPUR", "d_pan_code": 397, "d_pan_name": "Ahmedabad", "b_pan_code": 4414, "b_pan_name": "Daskroi", "sourceofda": null, "area_geo": 20.60695099, "st_area_sh": 24.44838758, "st_length_": 20.013434497900001 }, "geometry": { "type": "MultiPolygon", "coordinates": [ [ [ [ 8099107.18470000103116, 2636948.40819999948144 ], [ 8099106.152800001204014, 2636954.083500001579523 ], [ 8099110.322799999266863, 2636954.841699998825788 ], [ 8099111.354699999094009, 2636949.166400000452995 ], [ 8099107.18470000103116, 2636948.40819999948144 ] ] ] ] } },
{ "type": "Feature", "properties": { "objectid": 314571, "globalid": "{00000000-0000-0000-0000-000000000000}", "uniq_id": null, "state_code": "24", "district_c": "438", "tehsil_cod": "3782", "block_code": "4052", "village_co": "511638", "lgd_code": "511638", "built_up_a": 1, "village_na": "Lalpur", "area_desc": null, "name": "Lalpur", "owner_name": null, "property_i": null, "property_c": null, "area_sqm": 47.26068673, "roof_type": 4, "no_floors": 0, "remarks": null, "adl_info": null, "gp_code": "276150", "gp_name": "KUBADTHAL - LALPUR", "d_pan_code": 397, "d_pan_name": "Ahmedabad", "b_pan_code": 4414, "b_pan_name": "Daskroi", "sourceofda": null, "area_geo": 47.26068673, "st_area_sh": 56.07030785, "st_length_": 31.013418703799999 }, "geometry": { "type": "MultiPolygon", "coordinates": [ [ [ [ 8099376.37049999833107, 2636879.130899999290705 ], [ 8099371.910999998450279, 2636878.70549999922514 ], [ 8099370.994699999690056, 2636878.640999998897314 ], [ 8099370.359700001776218, 2636887.967599999159575 ], [ 8099371.27250000089407, 2636888.046999998390675 ], [ 8099371.312199998646975, 2636888.880399998277426 ], [ 8099375.836500000208616, 2636889.078899998217821 ], [ 8099376.345899999141693, 2636885.824499998241663 ], [ 8099376.37049999833107, 2636879.130899999290705 ] ] ] ] } },
{ "type": "Feature", "properties": { "objectid": 314547, "globalid": "{00000000-0000-0000-0000-000000000000}", "uniq_id": null, "state_code": "24", "district_c": "438", "tehsil_cod": "3782", "block_code": "4052", "village_co": "511638", "lgd_code": "511638", "built_up_a": 1, "village_na": "Lalpur", "area_desc": null, "name": "Lalpur", "owner_name": null, "property_i": null, "property_c": null, "area_sqm": 9.71865292, "roof_type": 1, "no_floors": 0, "remarks": null, "adl_info": null, "gp_code": "276150", "gp_name": "KUBADTHAL - LALPUR", "d_pan_code": 397, "d_pan_name": "Ahmedabad", "b_pan_code": 4414, "b_pan_name": "Daskroi", "sourceofda": null, "area_geo": 9.71865292, "st_area_sh": 11.53034012, "st_length_": 13.618379903699999 }, "geometry": { "type": "MultiPolygon", "coordinates": [ [ [ [ 8099322.261700000613928, 2636941.629599999636412 ], [ 8099321.945599999278784, 2636944.781500000506639 ], [ 8099325.642099998891354, 2636945.009199999272823 ], [ 8099325.83669999986887, 2636941.849800001829863 ], [ 8099322.261700000613928, 2636941.629599999636412 ] ] ] ] } },
{ "type": "Feature", "properties": { "objectid": 314370, "globalid": "{00000000-0000-0000-0000-000000000000}", "uniq_id": null, "state_code": "24", "district_c": "439", "tehsil_cod": "3843", "block_code": "4060", "village_co": "515578", "lgd_code": "515578", "built_up_a": 1, "village_na": "Suragpur", "area_desc": null, "name": "Suragpur", "owner_name": null, "property_i": null, "property_c": null, "area_sqm": 16.15003779, "roof_type": 4, "no_floors": 0, "remarks": null, "adl_info": null, "gp_code": "155028", "gp_name": "SURAGPUR", "d_pan_code": 398, "d_pan_name": "Amreli", "b_pan_code": 4422, "b_pan_name": "Amreli", "sourceofda": null, "area_geo": 16.15003779, "st_area_sh": 18.79580129, "st_length_": 17.640032052900001 }, "geometry": { "type": "MultiPolygon", "coordinates": [ [ [ [ 7938265.699700001627207, 2473951.04109999909997 ], [ 7938262.241099998354912, 2473952.268699999898672 ], [ 7938263.914700001478195, 2473957.133900001645088 ], [ 7938267.294700000435114, 2473956.07880000025034 ], [ 7938265.699700001627207, 2473951.04109999909997 ] ] ] ] } },
{ "type": "Feature", "properties": { "objectid": 314377, "globalid": "{00000000-0000-0000-0000-000000000000}", "uniq_id": null, "state_code": "24", "district_c": "439", "tehsil_cod": "3843", "block_code": "4060", "village_co": "515578", "lgd_code": "515578", "built_up_a": 1, "village_na": "Suragpur", "area_desc": null, "name": "Suragpur", "owner_name": null, "property_i": null, "property_c": null, "area_sqm": 87.01877637, "roof_type": 4, "no_floors": 0, "remarks": null, "adl_info": null, "gp_code": "155028", "gp_name": "SURAGPUR", "d_pan_code": 398, "d_pan_name": "Amreli", "b_pan_code": 4422, "b_pan_name": "Amreli", "sourceofda": null, "area_geo": 87.01877637, "st_area_sh": 101.27411344, "st_length_": 41.564492286499998 }, "geometry": { "type": "MultiPolygon", "coordinates": [ [ [ [ 7938266.737199999392033, 2473920.373500000685453 ], [ 7938270.067499998956919, 2473919.312699999660254 ], [ 7938267.440999999642372, 2473911.538199998438358 ], [ 7938256.3141999989748, 2473915.08219999819994 ], [ 7938259.043400000780821, 2473923.680300001055002 ], [ 7938264.702100001275539, 2473921.877999998629093 ], [ 7938264.440999999642372, 2473921.104800000786781 ], [ 7938266.737199999392033, 2473920.373500000685453 ] ] ] ] } },
{ "type": "Feature", "properties": { "objectid": 314528, "globalid": "{00000000-0000-0000-0000-000000000000}", "uniq_id": null, "state_code": "24", "district_c": "438", "tehsil_cod": "3782", "block_code": "4052", "village_co": "511638", "lgd_code": "511638", "built_up_a": 1, "village_na": "Lalpur", "area_desc": null, "name": "Lalpur", "owner_name": null, "property_i": null, "property_c": null, "area_sqm": 17.24338411, "roof_type": 4, "no_floors": 0, "remarks": null, "adl_info": null, "gp_code": "276150", "gp_name": "KUBADTHAL - LALPUR", "d_pan_code": 397, "d_pan_name": "Ahmedabad", "b_pan_code": 4414, "b_pan_name": "Daskroi", "sourceofda": null, "area_geo": 17.24338411, "st_area_sh": 20.45768705, "st_length_": 18.1011958048 }, "geometry": { "type": "MultiPolygon", "coordinates": [ [ [ [ 8099323.176899999380112, 2636902.911899998784065 ], [ 8099323.296, 2636907.291900001466274 ], [ 8099327.963300000876188, 2636907.164900001138449 ], [ 8099327.844099998474121, 2636902.78489999845624 ], [ 8099323.176899999380112, 2636902.911899998784065 ] ] ] ] } },
{ "type": "Feature", "properties": { "objectid": 314374, "globalid": "{00000000-0000-0000-0000-000000000000}", "uniq_id": null, "state_code": "24", "district_c": "439", "tehsil_cod": "3843", "block_code": "4060", "village_co": "515578", "lgd_code": "515578", "built_up_a": 1, "village_na": "Suragpur", "area_desc": null, "name": "Suragpur", "owner_name": null, "property_i": null, "property_c": null, "area_sqm": 318.40916359, "roof_type": 4, "no_floors": 0, "remarks": null, "adl_info": null, "gp_code": "155028", "gp_name": "SURAGPUR", "d_pan_code": 398, "d_pan_name": "Amreli", "b_pan_code": 4422, "b_pan_name": "Amreli", "sourceofda": null, "area_geo": 318.40916359, "st_area_sh": 370.57058387500001, "st_length_": 100.021759206 }, "geometry": { "type": "MultiPolygon", "coordinates": [ [ [ [ 7938250.263700000941753, 2473893.756799999624491 ], [ 7938241.233199998736382, 2473897.004799999296665 ], [ 7938253.21000000089407, 2473935.149900000542402 ], [ 7938261.844200000166893, 2473932.504299998283386 ], [ 7938253.403999999165535, 2473905.913699999451637 ], [ 7938254.303599998354912, 2473905.675500001758337 ], [ 7938250.263700000941753, 2473893.756799999624491 ] ] ] ] } },
{ "type": "Feature", "properties": { "objectid": 314360, "globalid": "{00000000-0000-0000-0000-000000000000}", "uniq_id": null, "state_code": "24", "district_c": "439", "tehsil_cod": "3843", "block_code": "4060", "village_co": "515578", "lgd_code": "515578", "built_up_a": 1, "village_na": "Suragpur", "area_desc": null, "name": "Suragpur", "owner_name": null, "property_i": null, "property_c": null, "area_sqm": 37.42406409, "roof_type": 4, "no_floors": 0, "remarks": null, "adl_info": null, "gp_code": "155028", "gp_name": "SURAGPUR", "d_pan_code": 398, "d_pan_name": "Amreli", "b_pan_code": 4422, "b_pan_name": "Amreli", "sourceofda": null, "area_geo": 37.42406409, "st_area_sh": 43.555278015, "st_length_": 29.251743633299998 }, "geometry": { "type": "MultiPolygon", "coordinates": [ [ [ [ 7938248.454199999570847, 2474000.294599998742342 ], [ 7938249.488099999725819, 2474010.675500001758337 ], [ 7938253.537099998444319, 2474010.105200000107288 ], [ 7938252.664000000804663, 2473999.667399998754263 ], [ 7938248.454199999570847, 2474000.294599998742342 ] ] ] ] } },
{ "type": "Feature", "properties": { "objectid": 314335, "globalid": "{00000000-0000-0000-0000-000000000000}", "uniq_id": null, "state_code": "24", "district_c": "439", "tehsil_cod": "3843", "block_code": "4060", "village_co": "515578", "lgd_code": "515578", "built_up_a": 1, "village_na": "Suragpur", "area_desc": null, "name": "Suragpur", "owner_name": null, "property_i": null, "property_c": null, "area_sqm": 24.25212109, "roof_type": 1, "no_floors": 0, "remarks": null, "adl_info": null, "gp_code": "155028", "gp_name": "SURAGPUR", "d_pan_code": 398, "d_pan_name": "Amreli", "b_pan_code": 4422, "b_pan_name": "Amreli", "sourceofda": null, "area_geo": 24.25212109, "st_area_sh": 28.225238975, "st_length_": 22.0103988368 }, "geometry": { "type": "MultiPolygon", "coordinates": [ [ [ [ 7938364.485300000756979, 2473968.063200000673532 ], [ 7938367.709600001573563, 2473967.271800000220537 ], [ 7938366.791799999773502, 2473963.245700001716614 ], [ 7938363.678300000727177, 2473964.0647 ], [ 7938359.989999998360872, 2473965.159699998795986 ], [ 7938361.045699998736382, 2473968.956199999898672 ], [ 7938364.485300000756979, 2473968.063200000673532 ] ] ] ] } },
{ "type": "Feature", "properties": { "objectid": 314466, "globalid": "{00000000-0000-0000-0000-000000000000}", "uniq_id": null, "state_code": "24", "district_c": "439", "tehsil_cod": "3843", "block_code": "4060", "village_co": "515578", "lgd_code": "515578", "built_up_a": 1, "village_na": "Suragpur", "area_desc": null, "name": "Suragpur", "owner_name": null, "property_i": null, "property_c": null, "area_sqm": 8.52864315, "roof_type": 4, "no_floors": 0, "remarks": null, "adl_info": null, "gp_code": "155028", "gp_name": "SURAGPUR", "d_pan_code": 398, "d_pan_name": "Amreli", "b_pan_code": 4422, "b_pan_name": "Amreli", "sourceofda": null, "area_geo": 8.52864315, "st_area_sh": 9.92571675, "st_length_": 20.700921944899999 }, "geometry": { "type": "MultiPolygon", "coordinates": [ [ [ [ 7938422.675599999725819, 2473844.0016999989748 ], [ 7938414.088799998164177, 2473847.505899999290705 ], [ 7938414.4206000007689, 2473848.446699999272823 ], [ 7938423.072500001639128, 2473845.073300000280142 ], [ 7938422.675599999725819, 2473844.0016999989748 ] ] ] ] } },
{ "type": "Feature", "properties": { "objectid": 314313, "globalid": "{00000000-0000-0000-0000-000000000000}", "uniq_id": null, "state_code": "24", "district_c": "439", "tehsil_cod": "3843", "block_code": "4060", "village_co": "515578", "lgd_code": "515578", "built_up_a": 1, "village_na": "Suragpur", "area_desc": null, "name": "Suragpur", "owner_name": null, "property_i": null, "property_c": null, "area_sqm": 94.42048444, "roof_type": 4, "no_floors": 0, "remarks": null, "adl_info": null, "gp_code": "155028", "gp_name": "SURAGPUR", "d_pan_code": 398, "d_pan_name": "Amreli", "b_pan_code": 4422, "b_pan_name": "Amreli", "sourceofda": null, "area_geo": 94.42048444, "st_area_sh": 109.8887006, "st_length_": 42.837071601200002 }, "geometry": { "type": "MultiPolygon", "coordinates": [ [ [ [ 7938451.97859999909997, 2473948.403099998831749 ], [ 7938451.750500001013279, 2473939.8761 ], [ 7938438.874200001358986, 2473940.179900001734495 ], [ 7938439.061599999666214, 2473948.684900000691414 ], [ 7938451.97859999909997, 2473948.403099998831749 ] ] ] ] } },
{ "type": "Feature", "properties": { "objectid": 314683, "globalid": "{00000000-0000-0000-0000-000000000000}", "uniq_id": null, "state_code": "24", "district_c": "438", "tehsil_cod": "3782", "block_code": "4052", "village_co": "511638", "lgd_code": "511638", "built_up_a": 1, "village_na": "Lalpur", "area_desc": null, "name": "Lalpur", "owner_name": null, "property_i": null, "property_c": null, "area_sqm": 51.84134622, "roof_type": 1, "no_floors": 0, "remarks": null, "adl_info": null, "gp_code": "276150", "gp_name": "KUBADTHAL - LALPUR", "d_pan_code": 397, "d_pan_name": "Ahmedabad", "b_pan_code": 4414, "b_pan_name": "Daskroi", "sourceofda": null, "area_geo": 51.84134622, "st_area_sh": 61.505733055, "st_length_": 34.50300839 }, "geometry": { "type": "MultiPolygon", "coordinates": [ [ [ [ 8099376.136900000274181, 2637000.353300001472235 ], [ 8099371.253699999302626, 2636999.500500001013279 ], [ 8099370.928199999034405, 2636999.460900001227856 ], [ 8099369.5471, 2637011.44649999961257 ], [ 8099373.357099998742342, 2637011.883099999278784 ], [ 8099373.515900000929832, 2637010.573399998247623 ], [ 8099375.024000000208616, 2637010.771800000220537 ], [ 8099376.136900000274181, 2637000.353300001472235 ] ] ] ] } },
{ "type": "Feature", "properties": { "objectid": 314473, "globalid": "{00000000-0000-0000-0000-000000000000}", "uniq_id": null, "state_code": "24", "district_c": "439", "tehsil_cod": "3843", "block_code": "4060", "village_co": "515578", "lgd_code": "515578", "built_up_a": 1, "village_na": "Suragpur", "area_desc": null, "name": "Suragpur", "owner_name": null, "property_i": null, "property_c": null, "area_sqm": 38.91542651, "roof_type": 1, "no_floors": 0, "remarks": null, "adl_info": null, "gp_code": "155028", "gp_name": "SURAGPUR", "d_pan_code": 398, "d_pan_name": "Amreli", "b_pan_code": 4422, "b_pan_name": "Amreli", "sourceofda": null, "area_geo": 38.91542651, "st_area_sh": 45.290684095000003, "st_length_": 27.9102383934 }, "geometry": { "type": "MultiPolygon", "coordinates": [ [ [ [ 7938273.226799998432398, 2473947.393100000917912 ], [ 7938274.611699998378754, 2473951.485399998724461 ], [ 7938275.436000000685453, 2473951.213799998164177 ], [ 7938276.504799999296665, 2473954.372000001370907 ], [ 7938281.6587999984622, 2473952.712000001221895 ], [ 7938279.193399999290705, 2473945.426899999380112 ], [ 7938273.226799998432398, 2473947.393100000917912 ] ] ] ] } },
{ "type": "Feature", "properties": { "objectid": 314340, "globalid": "{00000000-0000-0000-0000-000000000000}", "uniq_id": null, "state_code": "24", "district_c": "439", "tehsil_cod": "3843", "block_code": "4060", "village_co": "515578", "lgd_code": "515578", "built_up_a": 1, "village_na": "Suragpur", "area_desc": null, "name": "Suragpur", "owner_name": null, "property_i": null, "property_c": null, "area_sqm": 39.50858214, "roof_type": 4, "no_floors": 0, "remarks": null, "adl_info": null, "gp_code": "155028", "gp_name": "SURAGPUR", "d_pan_code": 398, "d_pan_name": "Amreli", "b_pan_code": 4422, "b_pan_name": "Amreli", "sourceofda": null, "area_geo": 39.50858214, "st_area_sh": 45.981461305000003, "st_length_": 30.1034865753 }, "geometry": { "type": "MultiPolygon", "coordinates": [ [ [ [ 7938354.937699999660254, 2474036.6919 ], [ 7938354.666600000113249, 2474032.375 ], [ 7938343.977400001138449, 2474033.327500000596046 ], [ 7938344.130300000309944, 2474037.531300000846386 ], [ 7938354.937699999660254, 2474036.6919 ] ] ] ] } },
{ "type": "Feature", "properties": { "objectid": 314783, "globalid": "{00000000-0000-0000-0000-000000000000}", "uniq_id": null, "state_code": "24", "district_c": "438", "tehsil_cod": "3782", "block_code": "4052", "village_co": "511638", "lgd_code": "511638", "built_up_a": 1, "village_na": "Lalpur", "area_desc": null, "name": "Lalpur", "owner_name": null, "property_i": null, "property_c": null, "area_sqm": 47.82535976, "roof_type": 4, "no_floors": 0, "remarks": null, "adl_info": null, "gp_code": "276150", "gp_name": "KUBADTHAL - LALPUR", "d_pan_code": 397, "d_pan_name": "Ahmedabad", "b_pan_code": 4414, "b_pan_name": "Daskroi", "sourceofda": null, "area_geo": 47.82535976, "st_area_sh": 56.74061532, "st_length_": 37.527946717100001 }, "geometry": { "type": "MultiPolygon", "coordinates": [ [ [ [ 8099098.505800001323223, 2636931.019200000911951 ], [ 8099097.957699999213219, 2636945.984099999070168 ], [ 8099101.744199998676777, 2636946.1228 ], [ 8099102.292300000786781, 2636931.157900001853704 ], [ 8099098.505800001323223, 2636931.019200000911951 ] ] ] ] } },
{ "type": "Feature", "properties": { "objectid": 314522, "globalid": "{00000000-0000-0000-0000-000000000000}", "uniq_id": null, "state_code": "24", "district_c": "438", "tehsil_cod": "3782", "block_code": "4052", "village_co": "511638", "lgd_code": "511638", "built_up_a": 1, "village_na": "Lalpur", "area_desc": null, "name": "Lalpur", "owner_name": null, "property_i": null, "property_c": null, "area_sqm": 4.20519278, "roof_type": 4, "no_floors": 0, "remarks": null, "adl_info": null, "gp_code": "276150", "gp_name": "KUBADTHAL - LALPUR", "d_pan_code": 397, "d_pan_name": "Ahmedabad", "b_pan_code": 4414, "b_pan_name": "Daskroi", "sourceofda": null, "area_geo": 4.20519278, "st_area_sh": 4.98906005, "st_length_": 14.068842135600001 }, "geometry": { "type": "MultiPolygon", "coordinates": [ [ [ [ 8099323.627900000661612, 2636881.530799999833107 ], [ 8099317.403799999505281, 2636881.883600000292063 ], [ 8099317.449000000953674, 2636882.682599999010563 ], [ 8099323.6732, 2636882.329799998551607 ], [ 8099323.627900000661612, 2636881.530799999833107 ] ] ] ] } },
{ "type": "Feature", "properties": { "objectid": 314577, "globalid": "{00000000-0000-0000-0000-000000000000}", "uniq_id": null, "state_code": "24", "district_c": "438", "tehsil_cod": "3782", "block_code": "4052", "village_co": "511638", "lgd_code": "511638", "built_up_a": 1, "village_na": "Lalpur", "area_desc": null, "name": "Lalpur", "owner_name": null, "property_i": null, "property_c": null, "area_sqm": 89.77654484, "roof_type": 1, "no_floors": 0, "remarks": null, "adl_info": null, "gp_code": "276150", "gp_name": "KUBADTHAL - LALPUR", "d_pan_code": 397, "d_pan_name": "Ahmedabad", "b_pan_code": 4414, "b_pan_name": "Daskroi", "sourceofda": null, "area_geo": 89.77654484, "st_area_sh": 106.51155155, "st_length_": 49.855913189600003 }, "geometry": { "type": "MultiPolygon", "coordinates": [ [ [ [ 8099387.096999999135733, 2636909.743099998682737 ], [ 8099386.76630000025034, 2636891.496399998664856 ], [ 8099381.075899999588728, 2636891.524500001221895 ], [ 8099381.805100001394749, 2636909.769299998879433 ], [ 8099381.852699998766184, 2636910.960200000554323 ], [ 8099387.118700001388788, 2636910.941399998962879 ], [ 8099387.096999999135733, 2636909.743099998682737 ] ] ] ] } },
{ "type": "Feature", "properties": { "objectid": 314701, "globalid": "{00000000-0000-0000-0000-000000000000}", "uniq_id": null, "state_code": "24", "district_c": "438", "tehsil_cod": "3782", "block_code": "4052", "village_co": "511638", "lgd_code": "511638", "built_up_a": 1, "village_na": "Lalpur", "area_desc": null, "name": "Lalpur", "owner_name": null, "property_i": null, "property_c": null, "area_sqm": 7.30523457, "roof_type": 4, "no_floors": 0, "remarks": null, "adl_info": null, "gp_code": "276150", "gp_name": "KUBADTHAL - LALPUR", "d_pan_code": 397, "d_pan_name": "Ahmedabad", "b_pan_code": 4414, "b_pan_name": "Daskroi", "sourceofda": null, "area_geo": 7.30523457, "st_area_sh": 8.667073275, "st_length_": 11.7770018104 }, "geometry": { "type": "MultiPolygon", "coordinates": [ [ [ [ 8099396.338899999856949, 2636984.737100001424551 ], [ 8099393.356300000101328, 2636984.667500000447035 ], [ 8099393.288499999791384, 2636987.571800000965595 ], [ 8099396.271200001239777, 2636987.64130000025034 ], [ 8099396.338899999856949, 2636984.737100001424551 ] ] ] ] } },
{ "type": "Feature", "properties": { "objectid": 314693, "globalid": "{00000000-0000-0000-0000-000000000000}", "uniq_id": null, "state_code": "24", "district_c": "438", "tehsil_cod": "3782", "block_code": "4052", "village_co": "511638", "lgd_code": "511638", "built_up_a": 1, "village_na": "Lalpur", "area_desc": null, "name": "Lalpur", "owner_name": null, "property_i": null, "property_c": null, "area_sqm": 36.57372652, "roof_type": 1, "no_floors": 0, "remarks": null, "adl_info": null, "gp_code": "276150", "gp_name": "KUBADTHAL - LALPUR", "d_pan_code": 397, "d_pan_name": "Ahmedabad", "b_pan_code": 4414, "b_pan_name": "Daskroi", "sourceofda": null, "area_geo": 36.57372652, "st_area_sh": 43.391829344999998, "st_length_": 28.0303713793 }, "geometry": { "type": "MultiPolygon", "coordinates": [ [ [ [ 8099405.668000001460314, 2636997.100299999117851 ], [ 8099415.055599998682737, 2636996.655099999159575 ], [ 8099414.836800001561642, 2636992.043200001120567 ], [ 8099405.449299998581409, 2636992.488400001078844 ], [ 8099405.668000001460314, 2636997.100299999117851 ] ] ] ] } },
{ "type": "Feature", "properties": { "objectid": 314761, "globalid": "{00000000-0000-0000-0000-000000000000}", "uniq_id": null, "state_code": "24", "district_c": "438", "tehsil_cod": "3782", "block_code": "4052", "village_co": "511638", "lgd_code": "511638", "built_up_a": 1, "village_na": "Lalpur", "area_desc": null, "name": "Lalpur", "owner_name": null, "property_i": null, "property_c": null, "area_sqm": 46.0394666, "roof_type": 4, "no_floors": 0, "remarks": null, "adl_info": null, "gp_code": "276150", "gp_name": "KUBADTHAL - LALPUR", "d_pan_code": 397, "d_pan_name": "Ahmedabad", "b_pan_code": 4414, "b_pan_name": "Daskroi", "sourceofda": null, "area_geo": 46.0394666, "st_area_sh": 54.622771014999998, "st_length_": 29.57390263 }, "geometry": { "type": "MultiPolygon", "coordinates": [ [ [ [ 8099151.356499999761581, 2637087.744300000369549 ], [ 8099151.832699999213219, 2637080.164000000804663 ], [ 8099144.655200000852346, 2637079.712999999523163 ], [ 8099144.178899999707937, 2637087.293299999088049 ], [ 8099151.356499999761581, 2637087.744300000369549 ] ] ] ] } },
{ "type": "Feature", "properties": { "objectid": 314489, "globalid": "{00000000-0000-0000-0000-000000000000}", "uniq_id": null, "state_code": "24", "district_c": "438", "tehsil_cod": "3782", "block_code": "4052", "village_co": "511638", "lgd_code": "511638", "built_up_a": 2, "village_na": "Lalpur", "area_desc": null, "name": "Lalpur", "owner_name": null, "property_i": null, "property_c": null, "area_sqm": 50.53704194, "roof_type": 4, "no_floors": 0, "remarks": null, "adl_info": null, "gp_code": "276150", "gp_name": "KUBADTHAL - LALPUR", "d_pan_code": 397, "d_pan_name": "Ahmedabad", "b_pan_code": 4414, "b_pan_name": "Daskroi", "sourceofda": null, "area_geo": 50.53704194, "st_area_sh": 59.956700105000003, "st_length_": 31.2956233154 }, "geometry": { "type": "MultiPolygon", "coordinates": [ [ [ [ 8099115.897399999201298, 2636791.7949 ], [ 8099119.632399998605251, 2636792.258900001645088 ], [ 8099123.997999999672174, 2636792.754999998956919 ], [ 8099125.3871, 2636786.471099998801947 ], [ 8099116.1266999989748, 2636784.55290000140667 ], [ 8099115.897399999201298, 2636791.7949 ] ] ] ] } },
{ "type": "Feature", "properties": { "objectid": 314443, "globalid": "{00000000-0000-0000-0000-000000000000}", "uniq_id": null, "state_code": "24", "district_c": "439", "tehsil_cod": "3843", "block_code": "4060", "village_co": "515578", "lgd_code": "515578", "built_up_a": 1, "village_na": "Suragpur", "area_desc": null, "name": "Suragpur", "owner_name": null, "property_i": null, "property_c": null, "area_sqm": 17.32932198, "roof_type": 4, "no_floors": 0, "remarks": null, "adl_info": null, "gp_code": "155028", "gp_name": "SURAGPUR", "d_pan_code": 398, "d_pan_name": "Amreli", "b_pan_code": 4422, "b_pan_name": "Amreli", "sourceofda": null, "area_geo": 17.32932198, "st_area_sh": 20.16796808, "st_length_": 18.0674028695 }, "geometry": { "type": "MultiPolygon", "coordinates": [ [ [ [ 7938377.668999999761581, 2473819.993599999696016 ], [ 7938376.455600000917912, 2473816.145399998873472 ], [ 7938371.708299998193979, 2473817.711100000888109 ], [ 7938372.921799998730421, 2473821.5592 ], [ 7938377.668999999761581, 2473819.993599999696016 ] ] ] ] } },
{ "type": "Feature", "properties": { "objectid": 314289, "globalid": "{00000000-0000-0000-0000-000000000000}", "uniq_id": null, "state_code": "24", "district_c": "439", "tehsil_cod": "3843", "block_code": "4060", "village_co": "515578", "lgd_code": "515578", "built_up_a": 1, "village_na": "Suragpur", "area_desc": null, "name": "Suragpur", "owner_name": null, "property_i": null, "property_c": null, "area_sqm": 225.37365474000001, "roof_type": 1, "no_floors": 0, "remarks": null, "adl_info": null, "gp_code": "155028", "gp_name": "SURAGPUR", "d_pan_code": 398, "d_pan_name": "Amreli", "b_pan_code": 4422, "b_pan_name": "Amreli", "sourceofda": null, "area_geo": 225.37365474000001, "st_area_sh": 262.30046454000001, "st_length_": 81.469792679799994 }, "geometry": { "type": "MultiPolygon", "coordinates": [ [ [ [ 7938387.025199998170137, 2474136.644799999892712 ], [ 7938386.80689999833703, 2474120.666200000792742 ], [ 7938361.890799999237061, 2474122.733899999409914 ], [ 7938361.8059, 2474131.579900000244379 ], [ 7938381.283900000154972, 2474130.192200001329184 ], [ 7938381.70719999819994, 2474136.965500000864267 ], [ 7938387.025199998170137, 2474136.644799999892712 ] ] ] ] } },
{ "type": "Feature", "properties": { "objectid": 314691, "globalid": "{00000000-0000-0000-0000-000000000000}", "uniq_id": null, "state_code": "24", "district_c": "438", "tehsil_cod": "3782", "block_code": "4052", "village_co": "511638", "lgd_code": "511638", "built_up_a": 1, "village_na": "Lalpur", "area_desc": null, "name": "Lalpur", "owner_name": null, "property_i": null, "property_c": null, "area_sqm": 7.04002013, "roof_type": 1, "no_floors": 0, "remarks": null, "adl_info": null, "gp_code": "276150", "gp_name": "KUBADTHAL - LALPUR", "d_pan_code": 397, "d_pan_name": "Ahmedabad", "b_pan_code": 4414, "b_pan_name": "Daskroi", "sourceofda": null, "area_geo": 7.04002013, "st_area_sh": 8.35243078, "st_length_": 12.104828577299999 }, "geometry": { "type": "MultiPolygon", "coordinates": [ [ [ [ 8099419.999200001358986, 2636997.155900001525879 ], [ 8099420.142099998891354, 2637001.076999999582767 ], [ 8099422.269400000572205, 2637000.999499998986721 ], [ 8099422.126499999314547, 2636997.078400000929832 ], [ 8099419.999200001358986, 2636997.155900001525879 ] ] ] ] } },
{ "type": "Feature", "properties": { "objectid": 314744, "globalid": "{00000000-0000-0000-0000-000000000000}", "uniq_id": null, "state_code": "24", "district_c": "438", "tehsil_cod": "3782", "block_code": "4052", "village_co": "511638", "lgd_code": "511638", "built_up_a": 1, "village_na": "Lalpur", "area_desc": null, "name": "Lalpur", "owner_name": null, "property_i": null, "property_c": null, "area_sqm": 163.77420722, "roof_type": 1, "no_floors": 0, "remarks": null, "adl_info": null, "gp_code": "276150", "gp_name": "KUBADTHAL - LALPUR", "d_pan_code": 397, "d_pan_name": "Ahmedabad", "b_pan_code": 4414, "b_pan_name": "Daskroi", "sourceofda": null, "area_geo": 163.77420722, "st_area_sh": 194.30450049500001, "st_length_": 57.732930593600003 }, "geometry": { "type": "MultiPolygon", "coordinates": [ [ [ [ 8099260.383699998259544, 2636976.259199999272823 ], [ 8099263.855000000447035, 2636966.693199999630451 ], [ 8099264.537599999457598, 2636966.963100001215935 ], [ 8099264.585299998521805, 2636966.089999999850988 ], [ 8099264.168099999427795, 2636965.558400001376867 ], [ 8099249.60190000012517, 2636959.557399999350309 ], [ 8099245.500799998641014, 2636970.0746 ], [ 8099248.179699998348951, 2636971.000599998980761 ], [ 8099247.551399998366833, 2636973.084199998527765 ], [ 8099260.383699998259544, 2636976.259199999272823 ] ] ] ] } },
{ "type": "Feature", "properties": { "objectid": 314622, "globalid": "{00000000-0000-0000-0000-000000000000}", "uniq_id": null, "state_code": "24", "district_c": "438", "tehsil_cod": "3782", "block_code": "4052", "village_co": "511638", "lgd_code": "511638", "built_up_a": 1, "village_na": "Lalpur", "area_desc": null, "name": "Lalpur", "owner_name": null, "property_i": null, "property_c": null, "area_sqm": 10.16169436, "roof_type": 1, "no_floors": 0, "remarks": null, "adl_info": null, "gp_code": "276150", "gp_name": "KUBADTHAL - LALPUR", "d_pan_code": 397, "d_pan_name": "Ahmedabad", "b_pan_code": 4414, "b_pan_name": "Daskroi", "sourceofda": null, "area_geo": 10.16169436, "st_area_sh": 12.05596716, "st_length_": 13.971893811499999 }, "geometry": { "type": "MultiPolygon", "coordinates": [ [ [ [ 8099387.118200000375509, 2636943.026799999177456 ], [ 8099387.132399998605251, 2636939.153200000524521 ], [ 8099384.020100001245737, 2636939.141800001263618 ], [ 8099384.005899999290705, 2636943.0154 ], [ 8099387.118200000375509, 2636943.026799999177456 ] ] ] ] } },
{ "type": "Feature", "properties": { "objectid": 314245, "globalid": "{00000000-0000-0000-0000-000000000000}", "uniq_id": null, "state_code": "24", "district_c": "439", "tehsil_cod": "3843", "block_code": "4060", "village_co": "515578", "lgd_code": "515578", "built_up_a": 1, "village_na": "Suragpur", "area_desc": null, "name": "Suragpur", "owner_name": null, "property_i": null, "property_c": null, "area_sqm": 11.79028414, "roof_type": 4, "no_floors": 0, "remarks": null, "adl_info": null, "gp_code": "155028", "gp_name": "SURAGPUR", "d_pan_code": 398, "d_pan_name": "Amreli", "b_pan_code": 4422, "b_pan_name": "Amreli", "sourceofda": null, "area_geo": 11.79028414, "st_area_sh": 13.723915335, "st_length_": 15.252268299600001 }, "geometry": { "type": "MultiPolygon", "coordinates": [ [ [ [ 7938213.638999998569489, 2475288.829300001263618 ], [ 7938209.006999999284744, 2475287.942400000989437 ], [ 7938208.459699999541044, 2475290.8004 ], [ 7938213.091699998825788, 2475291.687399998307228 ], [ 7938213.638999998569489, 2475288.829300001263618 ] ] ] ] } },
{ "type": "Feature", "properties": { "objectid": 314688, "globalid": "{00000000-0000-0000-0000-000000000000}", "uniq_id": null, "state_code": "24", "district_c": "438", "tehsil_cod": "3782", "block_code": "4052", "village_co": "511638", "lgd_code": "511638", "built_up_a": 1, "village_na": "Lalpur", "area_desc": null, "name": "Lalpur", "owner_name": null, "property_i": null, "property_c": null, "area_sqm": 13.74331659, "roof_type": 4, "no_floors": 0, "remarks": null, "adl_info": null, "gp_code": "276150", "gp_name": "KUBADTHAL - LALPUR", "d_pan_code": 397, "d_pan_name": "Ahmedabad", "b_pan_code": 4414, "b_pan_name": "Daskroi", "sourceofda": null, "area_geo": 13.74331659, "st_area_sh": 16.30536852, "st_length_": 16.153084422599999 }, "geometry": { "type": "MultiPolygon", "coordinates": [ [ [ [ 8099404.359700001776218, 2636998.7676 ], [ 8099400.277399998158216, 2636998.596999999135733 ], [ 8099400.110800001770258, 2637002.584199998527765 ], [ 8099404.19310000166297, 2637002.754799999296665 ], [ 8099404.359700001776218, 2636998.7676 ] ] ] ] } },
{ "type": "Feature", "properties": { "objectid": 314521, "globalid": "{00000000-0000-0000-0000-000000000000}", "uniq_id": null, "state_code": "24", "district_c": "438", "tehsil_cod": "3782", "block_code": "4052", "village_co": "511638", "lgd_code": "511638", "built_up_a": 1, "village_na": "Lalpur", "area_desc": null, "name": "Lalpur", "owner_name": null, "property_i": null, "property_c": null, "area_sqm": 64.58545882, "roof_type": 1, "no_floors": 0, "remarks": null, "adl_info": null, "gp_code": "276150", "gp_name": "KUBADTHAL - LALPUR", "d_pan_code": 397, "d_pan_name": "Ahmedabad", "b_pan_code": 4414, "b_pan_name": "Daskroi", "sourceofda": null, "area_geo": 64.58545882, "st_area_sh": 76.62442435, "st_length_": 37.050474087600001 }, "geometry": { "type": "MultiPolygon", "coordinates": [ [ [ [ 8099323.627900000661612, 2636881.530799999833107 ], [ 8099322.932399999350309, 2636869.259399998933077 ], [ 8099316.708200000226498, 2636869.612199999392033 ], [ 8099317.403799999505281, 2636881.883600000292063 ], [ 8099323.627900000661612, 2636881.530799999833107 ] ] ] ] } },
{ "type": "Feature", "properties": { "objectid": 314431, "globalid": "{00000000-0000-0000-0000-000000000000}", "uniq_id": null, "state_code": "24", "district_c": "439", "tehsil_cod": "3843", "block_code": "4060", "village_co": "515578", "lgd_code": "515578", "built_up_a": 1, "village_na": "Suragpur", "area_desc": null, "name": "Suragpur", "owner_name": null, "property_i": null, "property_c": null, "area_sqm": 13.60864905, "roof_type": 4, "no_floors": 0, "remarks": null, "adl_info": null, "gp_code": "155028", "gp_name": "SURAGPUR", "d_pan_code": 398, "d_pan_name": "Amreli", "b_pan_code": 4422, "b_pan_name": "Amreli", "sourceofda": null, "area_geo": 13.60864905, "st_area_sh": 15.837914295, "st_length_": 23.371928453399999 }, "geometry": { "type": "MultiPolygon", "coordinates": [ [ [ [ 7938370.083200000226498, 2473864.862199999392033 ], [ 7938360.466899998486042, 2473867.778200000524521 ], [ 7938360.90819999948144, 2473869.314899999648333 ], [ 7938370.638599999248981, 2473866.294199999421835 ], [ 7938370.083200000226498, 2473864.862199999392033 ] ] ] ] } },
{ "type": "Feature", "properties": { "objectid": 314357, "globalid": "{00000000-0000-0000-0000-000000000000}", "uniq_id": null, "state_code": "24", "district_c": "439", "tehsil_cod": "3843", "block_code": "4060", "village_co": "515578", "lgd_code": "515578", "built_up_a": 1, "village_na": "Suragpur", "area_desc": null, "name": "Suragpur", "owner_name": null, "property_i": null, "property_c": null, "area_sqm": 105.35073191, "roof_type": 1, "no_floors": 0, "remarks": null, "adl_info": null, "gp_code": "155028", "gp_name": "SURAGPUR", "d_pan_code": 398, "d_pan_name": "Amreli", "b_pan_code": 4422, "b_pan_name": "Amreli", "sourceofda": null, "area_geo": 105.35073191, "st_area_sh": 122.610663015, "st_length_": 45.920870098999998 }, "geometry": { "type": "MultiPolygon", "coordinates": [ [ [ [ 7938290.360599998384714, 2474026.6184 ], [ 7938289.223200000822544, 2474016.298799999058247 ], [ 7938278.327799998223782, 2474017.499600000679493 ], [ 7938278.620000001043081, 2474020.150800000876188 ], [ 7938277.012800000607967, 2474020.3279 ], [ 7938277.6096, 2474025.742800001055002 ], [ 7938279.21680000051856, 2474025.565699998289347 ], [ 7938279.46510000154376, 2474027.819200001657009 ], [ 7938290.360599998384714, 2474026.6184 ] ] ] ] } },
{ "type": "Feature", "properties": { "objectid": 314323, "globalid": "{00000000-0000-0000-0000-000000000000}", "uniq_id": null, "state_code": "24", "district_c": "439", "tehsil_cod": "3843", "block_code": "4060", "village_co": "515578", "lgd_code": "515578", "built_up_a": 1, "village_na": "Suragpur", "area_desc": null, "name": "Suragpur", "owner_name": null, "property_i": null, "property_c": null, "area_sqm": 20.61708535, "roof_type": 4, "no_floors": 0, "remarks": null, "adl_info": null, "gp_code": "155028", "gp_name": "SURAGPUR", "d_pan_code": 398, "d_pan_name": "Amreli", "b_pan_code": 4422, "b_pan_name": "Amreli", "sourceofda": null, "area_geo": 20.61708535, "st_area_sh": 23.99449165, "st_length_": 20.319125594199999 }, "geometry": { "type": "MultiPolygon", "coordinates": [ [ [ [ 7938405.554499998688698, 2473890.104200001806021 ], [ 7938401.834499999880791, 2473890.924899999052286 ], [ 7938402.320799998939037, 2473893.152699999511242 ], [ 7938401.770500000566244, 2473893.279699999839067 ], [ 7938402.532499998807907, 2473896.729899998754263 ], [ 7938406.744699999690056, 2473895.798500001430511 ], [ 7938405.554499998688698, 2473890.104200001806021 ] ] ] ] } },
{ "type": "Feature", "properties": { "objectid": 314301, "globalid": "{00000000-0000-0000-0000-000000000000}", "uniq_id": null, "state_code": "24", "district_c": "439", "tehsil_cod": "3843", "block_code": "4060", "village_co": "515578", "lgd_code": "515578", "built_up_a": 1, "village_na": "Suragpur", "area_desc": null, "name": "Suragpur", "owner_name": null, "property_i": null, "property_c": null, "area_sqm": 97.84934271, "roof_type": 4, "no_floors": 0, "remarks": null, "adl_info": null, "gp_code": "155028", "gp_name": "SURAGPUR", "d_pan_code": 398, "d_pan_name": "Amreli", "b_pan_code": 4422, "b_pan_name": "Amreli", "sourceofda": null, "area_geo": 97.84934271, "st_area_sh": 113.88022223500001, "st_length_": 44.530484288300002 }, "geometry": { "type": "MultiPolygon", "coordinates": [ [ [ [ 7938408.469399999827147, 2474009.910700000822544 ], [ 7938410.383499998599291, 2474023.712200000882149 ], [ 7938418.333500001579523, 2474023.006700001657009 ], [ 7938416.322700001299381, 2474008.507500000298023 ], [ 7938408.469399999827147, 2474009.910700000822544 ] ] ] ] } },
{ "type": "Feature", "properties": { "objectid": 314757, "globalid": "{00000000-0000-0000-0000-000000000000}", "uniq_id": null, "state_code": "24", "district_c": "438", "tehsil_cod": "3782", "block_code": "4052", "village_co": "511638", "lgd_code": "511638", "built_up_a": 1, "village_na": "Lalpur", "area_desc": null, "name": "Lalpur", "owner_name": null, "property_i": null, "property_c": null, "area_sqm": 11.35620635, "roof_type": 4, "no_floors": 0, "remarks": null, "adl_info": null, "gp_code": "276150", "gp_name": "KUBADTHAL - LALPUR", "d_pan_code": 397, "d_pan_name": "Ahmedabad", "b_pan_code": 4414, "b_pan_name": "Daskroi", "sourceofda": null, "area_geo": 11.35620635, "st_area_sh": 13.47327141, "st_length_": 14.805716585500001 }, "geometry": { "type": "MultiPolygon", "coordinates": [ [ [ [ 8099221.011700000613928, 2637011.90819999948144 ], [ 8099220.315000001341105, 2637016.027899999171495 ], [ 8099223.4945, 2637016.565699998289347 ], [ 8099224.191199999302626, 2637012.445999998599291 ], [ 8099221.011700000613928, 2637011.90819999948144 ] ] ] ] } },
{ "type": "Feature", "properties": { "objectid": 314726, "globalid": "{00000000-0000-0000-0000-000000000000}", "uniq_id": null, "state_code": "24", "district_c": "438", "tehsil_cod": "3782", "block_code": "4052", "village_co": "511638", "lgd_code": "511638", "built_up_a": 1, "village_na": "Lalpur", "area_desc": null, "name": "Lalpur", "owner_name": null, "property_i": null, "property_c": null, "area_sqm": 12.78044435, "roof_type": 4, "no_floors": 0, "remarks": null, "adl_info": null, "gp_code": "276150", "gp_name": "KUBADTHAL - LALPUR", "d_pan_code": 397, "d_pan_name": "Ahmedabad", "b_pan_code": 4414, "b_pan_name": "Daskroi", "sourceofda": null, "area_geo": 12.78044435, "st_area_sh": 15.16305981, "st_length_": 15.9374296662 }, "geometry": { "type": "MultiPolygon", "coordinates": [ [ [ [ 8099280.558800000697374, 2637037.274099998176098 ], [ 8099281.075100000947714, 2637034.176300000399351 ], [ 8099276.312600001692772, 2637033.382599998265505 ], [ 8099275.796300001442432, 2637036.480399999767542 ], [ 8099280.558800000697374, 2637037.274099998176098 ] ] ] ] } },
{ "type": "Feature", "properties": { "objectid": 314327, "globalid": "{00000000-0000-0000-0000-000000000000}", "uniq_id": null, "state_code": "24", "district_c": "439", "tehsil_cod": "3843", "block_code": "4060", "village_co": "515578", "lgd_code": "515578", "built_up_a": 1, "village_na": "Suragpur", "area_desc": null, "name": "Suragpur", "owner_name": null, "property_i": null, "property_c": null, "area_sqm": 60.1570967, "roof_type": 1, "no_floors": 0, "remarks": null, "adl_info": null, "gp_code": "155028", "gp_name": "SURAGPUR", "d_pan_code": 398, "d_pan_name": "Amreli", "b_pan_code": 4422, "b_pan_name": "Amreli", "sourceofda": null, "area_geo": 60.1570967, "st_area_sh": 70.01267908, "st_length_": 39.848884127200002 }, "geometry": { "type": "MultiPolygon", "coordinates": [ [ [ [ 7938338.150199998170137, 2473997.969999998807907 ], [ 7938340.025299999862909, 2474013.127700001001358 ], [ 7938344.480799999088049, 2474011.8260000012815 ], [ 7938342.60359999909997, 2473996.652100000530481 ], [ 7938338.150199998170137, 2473997.969999998807907 ] ] ] ] } },
{ "type": "Feature", "properties": { "objectid": 314445, "globalid": "{00000000-0000-0000-0000-000000000000}", "uniq_id": null, "state_code": "24", "district_c": "439", "tehsil_cod": "3843", "block_code": "4060", "village_co": "515578", "lgd_code": "515578", "built_up_a": 1, "village_na": "Suragpur", "area_desc": null, "name": "Suragpur", "owner_name": null, "property_i": null, "property_c": null, "area_sqm": 66.55473909, "roof_type": 4, "no_floors": 0, "remarks": null, "adl_info": null, "gp_code": "155028", "gp_name": "SURAGPUR", "d_pan_code": 398, "d_pan_name": "Amreli", "b_pan_code": 4422, "b_pan_name": "Amreli", "sourceofda": null, "area_geo": 66.55473909, "st_area_sh": 77.456705645, "st_length_": 38.6496601566 }, "geometry": { "type": "MultiPolygon", "coordinates": [ [ [ [ 7938379.07319999858737, 2473811.751899998635054 ], [ 7938388.360100001096725, 2473808.735599998384714 ], [ 7938386.777300000190735, 2473803.279899999499321 ], [ 7938373.73589999973774, 2473807.520799998193979 ], [ 7938375.44200000166893, 2473812.931200001388788 ], [ 7938379.07319999858737, 2473811.751899998635054 ] ] ] ] } },
{ "type": "Feature", "properties": { "objectid": 314426, "globalid": "{00000000-0000-0000-0000-000000000000}", "uniq_id": null, "state_code": "24", "district_c": "439", "tehsil_cod": "3843", "block_code": "4060", "village_co": "515578", "lgd_code": "515578", "built_up_a": 1, "village_na": "Suragpur", "area_desc": null, "name": "Suragpur", "owner_name": null, "property_i": null, "property_c": null, "area_sqm": 3.04547744, "roof_type": 4, "no_floors": 0, "remarks": null, "adl_info": null, "gp_code": "155028", "gp_name": "SURAGPUR", "d_pan_code": 398, "d_pan_name": "Amreli", "b_pan_code": 4422, "b_pan_name": "Amreli", "sourceofda": null, "area_geo": 3.04547744, "st_area_sh": 3.54437226, "st_length_": 7.5750931757100002 }, "geometry": { "type": "MultiPolygon", "coordinates": [ [ [ [ 7938358.121800001710653, 2473887.22859999909997 ], [ 7938357.401900000870228, 2473885.270899999886751 ], [ 7938355.861900001764297, 2473885.825500000268221 ], [ 7938356.476500000804663, 2473887.833099998533726 ], [ 7938358.121800001710653, 2473887.22859999909997 ] ] ] ] } },
{ "type": "Feature", "properties": { "objectid": 314399, "globalid": "{00000000-0000-0000-0000-000000000000}", "uniq_id": null, "state_code": "24", "district_c": "439", "tehsil_cod": "3843", "block_code": "4060", "village_co": "515578", "lgd_code": "515578", "built_up_a": 1, "village_na": "Suragpur", "area_desc": null, "name": "Suragpur", "owner_name": null, "property_i": null, "property_c": null, "area_sqm": 4.82709806, "roof_type": 1, "no_floors": 0, "remarks": null, "adl_info": null, "gp_code": "155028", "gp_name": "SURAGPUR", "d_pan_code": 398, "d_pan_name": "Amreli", "b_pan_code": 4422, "b_pan_name": "Amreli", "sourceofda": null, "area_geo": 4.82709806, "st_area_sh": 5.61786796, "st_length_": 9.7225110903999994 }, "geometry": { "type": "MultiPolygon", "coordinates": [ [ [ [ 7938366.16499999910593, 2473917.105200000107288 ], [ 7938366.019799999892712, 2473916.609099999070168 ], [ 7938365.260400000959635, 2473914.288800001144409 ], [ 7938363.466499999165535, 2473914.786100000143051 ], [ 7938364.359499998390675, 2473917.663499999791384 ], [ 7938366.16499999910593, 2473917.105200000107288 ] ] ] ] } },
{ "type": "Feature", "properties": { "objectid": 314379, "globalid": "{00000000-0000-0000-0000-000000000000}", "uniq_id": null, "state_code": "24", "district_c": "439", "tehsil_cod": "3843", "block_code": "4060", "village_co": "515578", "lgd_code": "515578", "built_up_a": 1, "village_na": "Suragpur", "area_desc": null, "name": "Suragpur", "owner_name": null, "property_i": null, "property_c": null, "area_sqm": 7.33188046, "roof_type": 4, "no_floors": 0, "remarks": null, "adl_info": null, "gp_code": "155028", "gp_name": "SURAGPUR", "d_pan_code": 398, "d_pan_name": "Amreli", "b_pan_code": 4422, "b_pan_name": "Amreli", "sourceofda": null, "area_geo": 7.33188046, "st_area_sh": 8.53295454, "st_length_": 12.3539294235 }, "geometry": { "type": "MultiPolygon", "coordinates": [ [ [ [ 7938315.693799998611212, 2473887.173000000417233 ], [ 7938311.828000001609325, 2473888.549400001764297 ], [ 7938312.489500001072884, 2473890.533700000494719 ], [ 7938316.325899999588728, 2473889.157900001853704 ], [ 7938315.693799998611212, 2473887.173000000417233 ] ] ] ] } },
{ "type": "Feature", "properties": { "objectid": 314756, "globalid": "{00000000-0000-0000-0000-000000000000}", "uniq_id": null, "state_code": "24", "district_c": "438", "tehsil_cod": "3782", "block_code": "4052", "village_co": "511638", "lgd_code": "511638", "built_up_a": 1, "village_na": "Lalpur", "area_desc": null, "name": "Lalpur", "owner_name": null, "property_i": null, "property_c": null, "area_sqm": 30.51650012, "roof_type": 4, "no_floors": 0, "remarks": null, "adl_info": null, "gp_code": "276150", "gp_name": "KUBADTHAL - LALPUR", "d_pan_code": 397, "d_pan_name": "Ahmedabad", "b_pan_code": 4414, "b_pan_name": "Daskroi", "sourceofda": null, "area_geo": 30.51650012, "st_area_sh": 36.20547662, "st_length_": 26.183802594300001 }, "geometry": { "type": "MultiPolygon", "coordinates": [ [ [ [ 8099224.852899998426437, 2637008.53319999948144 ], [ 8099215.857099998742342, 2637007.011799998581409 ], [ 8099215.19539999961853, 2637010.924600001424551 ], [ 8099224.191199999302626, 2637012.445999998599291 ], [ 8099224.852899998426437, 2637008.53319999948144 ] ] ] ] } },
{ "type": "Feature", "properties": { "objectid": 314405, "globalid": "{00000000-0000-0000-0000-000000000000}", "uniq_id": null, "state_code": "24", "district_c": "439", "tehsil_cod": "3843", "block_code": "4060", "village_co": "515578", "lgd_code": "515578", "built_up_a": 1, "village_na": "Suragpur", "area_desc": null, "name": "Suragpur", "owner_name": null, "property_i": null, "property_c": null, "area_sqm": 64.77563395, "roof_type": 1, "no_floors": 0, "remarks": null, "adl_info": null, "gp_code": "155028", "gp_name": "SURAGPUR", "d_pan_code": 398, "d_pan_name": "Amreli", "b_pan_code": 4422, "b_pan_name": "Amreli", "sourceofda": null, "area_geo": 64.77563395, "st_area_sh": 75.387003425000003, "st_length_": 35.607894546600001 }, "geometry": { "type": "MultiPolygon", "coordinates": [ [ [ [ 7938343.325500000268221, 2473899.015500001609325 ], [ 7938332.985800001770258, 2473902.31529999896884 ], [ 7938335.065499998629093, 2473908.937399998307228 ], [ 7938345.427299998700619, 2473905.624099999666214 ], [ 7938343.325500000268221, 2473899.015500001609325 ] ] ] ] } },
{ "type": "Feature", "properties": { "objectid": 314580, "globalid": "{00000000-0000-0000-0000-000000000000}", "uniq_id": null, "state_code": "24", "district_c": "438", "tehsil_cod": "3782", "block_code": "4052", "village_co": "511638", "lgd_code": "511638", "built_up_a": 1, "village_na": "Lalpur", "area_desc": null, "name": "Lalpur", "owner_name": null, "property_i": null, "property_c": null, "area_sqm": 73.28343481, "roof_type": 1, "no_floors": 0, "remarks": null, "adl_info": null, "gp_code": "276150", "gp_name": "KUBADTHAL - LALPUR", "d_pan_code": 397, "d_pan_name": "Ahmedabad", "b_pan_code": 4414, "b_pan_name": "Daskroi", "sourceofda": null, "area_geo": 73.28343481, "st_area_sh": 86.943984845000003, "st_length_": 42.1307326007 }, "geometry": { "type": "MultiPolygon", "coordinates": [ [ [ [ 8099381.691100001335144, 2636906.916799999773502 ], [ 8099381.075899999588728, 2636891.524500001221895 ], [ 8099375.522100001573563, 2636891.551899999380112 ], [ 8099375.970800001174212, 2636906.996800001710653 ], [ 8099381.691100001335144, 2636906.916799999773502 ] ] ] ] } },
{ "type": "Feature", "properties": { "objectid": 314386, "globalid": "{00000000-0000-0000-0000-000000000000}", "uniq_id": null, "state_code": "24", "district_c": "439", "tehsil_cod": "3843", "block_code": "4060", "village_co": "515578", "lgd_code": "515578", "built_up_a": 1, "village_na": "Suragpur", "area_desc": null, "name": "Suragpur", "owner_name": null, "property_i": null, "property_c": null, "area_sqm": 47.69826496, "roof_type": 1, "no_floors": 0, "remarks": null, "adl_info": null, "gp_code": "155028", "gp_name": "SURAGPUR", "d_pan_code": 398, "d_pan_name": "Amreli", "b_pan_code": 4422, "b_pan_name": "Amreli", "sourceofda": null, "area_geo": 47.69826496, "st_area_sh": 55.512333474999998, "st_length_": 31.442594273400001 }, "geometry": { "type": "MultiPolygon", "coordinates": [ [ [ [ 7938292.955899998545647, 2473940.250999998301268 ], [ 7938287.892200000584126, 2473942.22239999845624 ], [ 7938291.605099998414516, 2473951.832299999892712 ], [ 7938296.567699998617172, 2473950.033399999141693 ], [ 7938292.955899998545647, 2473940.250999998301268 ] ] ] ] } },
{ "type": "Feature", "properties": { "objectid": 314768, "globalid": "{00000000-0000-0000-0000-000000000000}", "uniq_id": null, "state_code": "24", "district_c": "438", "tehsil_cod": "3782", "block_code": "4052", "village_co": "511638", "lgd_code": "511638", "built_up_a": 1, "village_na": "Lalpur", "area_desc": null, "name": "Lalpur", "owner_name": null, "property_i": null, "property_c": null, "area_sqm": 5.82102135, "roof_type": 1, "no_floors": 0, "remarks": null, "adl_info": null, "gp_code": "276150", "gp_name": "KUBADTHAL - LALPUR", "d_pan_code": 397, "d_pan_name": "Ahmedabad", "b_pan_code": 4414, "b_pan_name": "Daskroi", "sourceofda": null, "area_geo": 5.82102135, "st_area_sh": 6.90625992, "st_length_": 10.74017828 }, "geometry": { "type": "MultiPolygon", "coordinates": [ [ [ [ 8099168.076999999582767, 2637090.0912000015378 ], [ 8099171.309999998658895, 2637090.224199999123812 ], [ 8099171.397700000554323, 2637088.091600000858307 ], [ 8099168.164799999445677, 2637087.958599999547005 ], [ 8099168.076999999582767, 2637090.0912000015378 ] ] ] ] } },
{ "type": "Feature", "properties": { "objectid": 314626, "globalid": "{00000000-0000-0000-0000-000000000000}", "uniq_id": null, "state_code": "24", "district_c": "438", "tehsil_cod": "3782", "block_code": "4052", "village_co": "511638", "lgd_code": "511638", "built_up_a": 1, "village_na": "Lalpur", "area_desc": null, "name": "Lalpur", "owner_name": null, "property_i": null, "property_c": null, "area_sqm": 63.02926398, "roof_type": 1, "no_floors": 0, "remarks": null, "adl_info": null, "gp_code": "276150", "gp_name": "KUBADTHAL - LALPUR", "d_pan_code": 397, "d_pan_name": "Ahmedabad", "b_pan_code": 4414, "b_pan_name": "Daskroi", "sourceofda": null, "area_geo": 63.02926398, "st_area_sh": 74.77870465, "st_length_": 35.368474986899997 }, "geometry": { "type": "MultiPolygon", "coordinates": [ [ [ [ 8099366.542700000107288, 2636937.364399999380112 ], [ 8099366.613600000739098, 2636931.38740000128746 ], [ 8099357.680500000715256, 2636933.9527000002563 ], [ 8099357.153000000864267, 2636940.791700001806021 ], [ 8099365.776099998503923, 2636941.456799998879433 ], [ 8099366.094399999827147, 2636937.329799998551607 ], [ 8099366.542700000107288, 2636937.364399999380112 ] ] ] ] } },
{ "type": "Feature", "properties": { "objectid": 314748, "globalid": "{00000000-0000-0000-0000-000000000000}", "uniq_id": null, "state_code": "24", "district_c": "438", "tehsil_cod": "3782", "block_code": "4052", "village_co": "511638", "lgd_code": "511638", "built_up_a": 3, "village_na": "Lalpur", "area_desc": null, "name": "Lalpur", "owner_name": null, "property_i": null, "property_c": null, "area_sqm": 98.02031442000001, "roof_type": 1, "no_floors": 0, "remarks": null, "adl_info": null, "gp_code": "276150", "gp_name": "KUBADTHAL - LALPUR", "d_pan_code": 397, "d_pan_name": "Ahmedabad", "b_pan_code": 4414, "b_pan_name": "Daskroi", "sourceofda": null, "area_geo": 98.02031442000001, "st_area_sh": 116.293209135, "st_length_": 111.543629809 }, "geometry": { "type": "MultiPolygon", "coordinates": [ [ [ [ 8099273.718100000172853, 2636995.706700000911951 ], [ 8099274.571800000965595, 2636992.767700001597404 ], [ 8099275.444899998605251, 2636992.6085 ], [ 8099276.286499999463558, 2636992.326999999582767 ], [ 8099277.079700000584126, 2636991.928800001740456 ], [ 8099277.808299999684095, 2636991.4221 ], [ 8099278.457499999552965, 2636990.81700000166893 ], [ 8099278.975400000810623, 2636990.80970000103116 ], [ 8099279.484299998730421, 2636990.713199999183416 ], [ 8099279.968899998813868, 2636990.5304000005126 ], [ 8099280.414799999445677, 2636990.2668999992311 ], [ 8099280.808699999004602, 2636989.930599998682737 ], [ 8099281.138599999248981, 2636989.531300000846386 ], [ 8099281.394900001585484, 2636989.081199999898672 ], [ 8099281.569699998944998, 2636988.593699999153614 ], [ 8099281.657999999821186, 2636988.083299998193979 ], [ 8099281.656899999827147, 2636987.565400000661612 ], [ 8099281.566700000315905, 2636987.055399999022484 ], [ 8099281.389899998903275, 2636986.568599998950958 ], [ 8099281.131900001317263, 2636986.1195 ], [ 8099280.800299998372793, 2636985.721599999815226 ], [ 8099280.405099999159575, 2636985.386799998581409 ], [ 8099279.958200000226498, 2636985.125 ], [ 8099279.636999998241663, 2636984.144900001585484 ], [ 8099279.158700000494719, 2636983.231100000441074 ], [ 8099278.536200001835823, 2636982.408599998801947 ], [ 8099277.786699999123812, 2636981.700100000947714 ], [ 8099278.559999998658895, 2636979.037900000810623 ], [ 8099268.65260000154376, 2636976.160000000149012 ], [ 8099263.810699999332428, 2636992.82880000025034 ], [ 8099273.718100000172853, 2636995.706700000911951 ] ], [ [ 8099266.748500000685453, 2636987.323699999600649 ], [ 8099267.851799998432398, 2636982.908500000834465 ], [ 8099271.075899999588728, 2636983.714200001209974 ], [ 8099271.599199999123812, 2636981.770300000905991 ], [ 8099273.636900000274181, 2636982.318900000303984 ], [ 8099274.184399999678135, 2636980.396499998867512 ], [ 8099277.604299999773502, 2636981.3706 ], [ 8099277.070900000631809, 2636983.243500001728535 ], [ 8099278.994300000369549, 2636983.761300001293421 ], [ 8099278.507100000977516, 2636985.571199998259544 ], [ 8099280.69200000166893, 2636986.117199998348951 ], [ 8099279.588700000196695, 2636990.532400000840425 ], [ 8099277.323699999600649, 2636989.966400001198053 ], [ 8099276.850299999117851, 2636991.725000001490116 ], [ 8099274.811599999666214, 2636991.176199998706579 ], [ 8099274.261799998581409, 2636993.106600001454353 ], [ 8099270.84180000051856, 2636992.132599998265505 ], [ 8099271.377599999308586, 2636990.251600001007318 ], [ 8099269.455200001597404, 2636989.734000001102686 ], [ 8099269.8926, 2636988.109400000423193 ], [ 8099266.748500000685453, 2636987.323699999600649 ] ] ] ] } },
{ "type": "Feature", "properties": { "objectid": 314331, "globalid": "{00000000-0000-0000-0000-000000000000}", "uniq_id": null, "state_code": "24", "district_c": "439", "tehsil_cod": "3843", "block_code": "4060", "village_co": "515578", "lgd_code": "515578", "built_up_a": 1, "village_na": "Suragpur", "area_desc": null, "name": "Suragpur", "owner_name": null, "property_i": null, "property_c": null, "area_sqm": 55.52120497, "roof_type": 1, "no_floors": 0, "remarks": null, "adl_info": null, "gp_code": "155028", "gp_name": "SURAGPUR", "d_pan_code": 398, "d_pan_name": "Amreli", "b_pan_code": 4422, "b_pan_name": "Amreli", "sourceofda": null, "area_geo": 55.52120497, "st_area_sh": 64.617052834999996, "st_length_": 32.6169140688 }, "geometry": { "type": "MultiPolygon", "coordinates": [ [ [ [ 7938349.232099998742342, 2473968.033500000834465 ], [ 7938342.498599998652935, 2473969.45380000025034 ], [ 7938343.7346, 2473978.719700001180172 ], [ 7938350.422699999064207, 2473977.558499999344349 ], [ 7938349.232099998742342, 2473968.033500000834465 ] ] ] ] } },
{ "type": "Feature", "properties": { "objectid": 314427, "globalid": "{00000000-0000-0000-0000-000000000000}", "uniq_id": null, "state_code": "24", "district_c": "439", "tehsil_cod": "3843", "block_code": "4060", "village_co": "515578", "lgd_code": "515578", "built_up_a": 1, "village_na": "Suragpur", "area_desc": null, "name": "Suragpur", "owner_name": null, "property_i": null, "property_c": null, "area_sqm": 17.25125162, "roof_type": 4, "no_floors": 0, "remarks": null, "adl_info": null, "gp_code": "155028", "gp_name": "SURAGPUR", "d_pan_code": 398, "d_pan_name": "Amreli", "b_pan_code": 4422, "b_pan_name": "Amreli", "sourceofda": null, "area_geo": 17.25125162, "st_area_sh": 20.0772657, "st_length_": 18.091998180699999 }, "geometry": { "type": "MultiPolygon", "coordinates": [ [ [ [ 7938348.092000000178814, 2473888.623500000685453 ], [ 7938346.587600000202656, 2473883.831199999898672 ], [ 7938342.808899998664856, 2473884.956799998879433 ], [ 7938344.4375, 2473889.939500000327826 ], [ 7938348.092000000178814, 2473888.623500000685453 ] ] ] ] } },
{ "type": "Feature", "properties": { "objectid": 314731, "globalid": "{00000000-0000-0000-0000-000000000000}", "uniq_id": null, "state_code": "24", "district_c": "438", "tehsil_cod": "3782", "block_code": "4052", "village_co": "511638", "lgd_code": "511638", "built_up_a": 1, "village_na": "Lalpur", "area_desc": null, "name": "Lalpur", "owner_name": null, "property_i": null, "property_c": null, "area_sqm": 12.94458467, "roof_type": 4, "no_floors": 0, "remarks": null, "adl_info": null, "gp_code": "276150", "gp_name": "KUBADTHAL - LALPUR", "d_pan_code": 397, "d_pan_name": "Ahmedabad", "b_pan_code": 4414, "b_pan_name": "Daskroi", "sourceofda": null, "area_geo": 12.94458467, "st_area_sh": 15.357829525, "st_length_": 15.9508459325 }, "geometry": { "type": "MultiPolygon", "coordinates": [ [ [ [ 8099219.786499999463558, 2637053.478700000792742 ], [ 8099222.955400001257658, 2637053.290699999779463 ], [ 8099223.546799998730421, 2637048.956799998879433 ], [ 8099220.09910000115633, 2637048.557100001722574 ], [ 8099219.786499999463558, 2637053.478700000792742 ] ] ] ] } },
{ "type": "Feature", "properties": { "objectid": 314359, "globalid": "{00000000-0000-0000-0000-000000000000}", "uniq_id": null, "state_code": "24", "district_c": "439", "tehsil_cod": "3843", "block_code": "4060", "village_co": "515578", "lgd_code": "515578", "built_up_a": 1, "village_na": "Suragpur", "area_desc": null, "name": "Suragpur", "owner_name": null, "property_i": null, "property_c": null, "area_sqm": 185.77469673, "roof_type": 4, "no_floors": 0, "remarks": null, "adl_info": null, "gp_code": "155028", "gp_name": "SURAGPUR", "d_pan_code": 398, "d_pan_name": "Amreli", "b_pan_code": 4422, "b_pan_name": "Amreli", "sourceofda": null, "area_geo": 185.77469673, "st_area_sh": 216.21056016, "st_length_": 87.655038287500005 }, "geometry": { "type": "MultiPolygon", "coordinates": [ [ [ [ 7938287.673500001430511, 2474013.671900000423193 ], [ 7938286.587400000542402, 2474008.182700000703335 ], [ 7938249.653999999165535, 2474016.457600001245737 ], [ 7938250.217500001192093, 2474022.221200000494719 ], [ 7938287.673500001430511, 2474013.671900000423193 ] ] ] ] } },
{ "type": "Feature", "properties": { "objectid": 314604, "globalid": "{00000000-0000-0000-0000-000000000000}", "uniq_id": null, "state_code": "24", "district_c": "438", "tehsil_cod": "3782", "block_code": "4052", "village_co": "511638", "lgd_code": "511638", "built_up_a": 1, "village_na": "Lalpur", "area_desc": null, "name": "Lalpur", "owner_name": null, "property_i": null, "property_c": null, "area_sqm": 22.99137225, "roof_type": 1, "no_floors": 0, "remarks": null, "adl_info": null, "gp_code": "276150", "gp_name": "KUBADTHAL - LALPUR", "d_pan_code": 397, "d_pan_name": "Ahmedabad", "b_pan_code": 4414, "b_pan_name": "Daskroi", "sourceofda": null, "area_geo": 22.99137225, "st_area_sh": 27.277183885, "st_length_": 21.104420565000002 }, "geometry": { "type": "MultiPolygon", "coordinates": [ [ [ [ 8099413.671399999409914, 2636913.581900000572205 ], [ 8099413.993099998682737, 2636919.536899998784065 ], [ 8099418.598200000822544, 2636919.636999998241663 ], [ 8099418.238200001418591, 2636913.681200001388788 ], [ 8099413.671399999409914, 2636913.581900000572205 ] ] ] ] } },
{ "type": "Feature", "properties": { "objectid": 314372, "globalid": "{00000000-0000-0000-0000-000000000000}", "uniq_id": null, "state_code": "24", "district_c": "439", "tehsil_cod": "3843", "block_code": "4060", "village_co": "515578", "lgd_code": "515578", "built_up_a": 1, "village_na": "Suragpur", "area_desc": null, "name": "Suragpur", "owner_name": null, "property_i": null, "property_c": null, "area_sqm": 155.82081532000001, "roof_type": 1, "no_floors": 0, "remarks": null, "adl_info": null, "gp_code": "155028", "gp_name": "SURAGPUR", "d_pan_code": 398, "d_pan_name": "Amreli", "b_pan_code": 4422, "b_pan_name": "Amreli", "sourceofda": null, "area_geo": 155.82081532000001, "st_area_sh": 181.34788481499999, "st_length_": 65.975267037099997 }, "geometry": { "type": "MultiPolygon", "coordinates": [ [ [ [ 7938274.189300000667572, 2473947.075899999588728 ], [ 7938271.719500001519918, 2473939.771099999547005 ], [ 7938256.3607, 2473945.184500001370907 ], [ 7938254.621599998325109, 2473945.783599998801947 ], [ 7938259.661699999123812, 2473959.796900000423193 ], [ 7938260.992600001394749, 2473959.368200000375509 ], [ 7938264.315200001001358, 2473958.298000000417233 ], [ 7938262.241099998354912, 2473952.268699999898672 ], [ 7938269.1732, 2473949.8081 ], [ 7938268.868900001049042, 2473948.829199999570847 ], [ 7938274.189300000667572, 2473947.075899999588728 ] ] ] ] } },
{ "type": "Feature", "properties": { "objectid": 314585, "globalid": "{00000000-0000-0000-0000-000000000000}", "uniq_id": null, "state_code": "24", "district_c": "438", "tehsil_cod": "3782", "block_code": "4052", "village_co": "511638", "lgd_code": "511638", "built_up_a": 1, "village_na": "Lalpur", "area_desc": null, "name": "Lalpur", "owner_name": null, "property_i": null, "property_c": null, "area_sqm": 2.92845688, "roof_type": 1, "no_floors": 0, "remarks": null, "adl_info": null, "gp_code": "276150", "gp_name": "KUBADTHAL - LALPUR", "d_pan_code": 397, "d_pan_name": "Ahmedabad", "b_pan_code": 4414, "b_pan_name": "Daskroi", "sourceofda": null, "area_geo": 2.92845688, "st_area_sh": 3.474348075, "st_length_": 7.6007750734300004 }, "geometry": { "type": "MultiPolygon", "coordinates": [ [ [ [ 8099370.361900001764297, 2636914.9474 ], [ 8099371.8926, 2636914.967799998819828 ], [ 8099371.922899998724461, 2636912.6985 ], [ 8099370.392099998891354, 2636912.678100001066923 ], [ 8099370.361900001764297, 2636914.9474 ] ] ] ] } },
{ "type": "Feature", "properties": { "objectid": 314525, "globalid": "{00000000-0000-0000-0000-000000000000}", "uniq_id": null, "state_code": "24", "district_c": "438", "tehsil_cod": "3782", "block_code": "4052", "village_co": "511638", "lgd_code": "511638", "built_up_a": 1, "village_na": "Lalpur", "area_desc": null, "name": "Lalpur", "owner_name": null, "property_i": null, "property_c": null, "area_sqm": 45.5134245, "roof_type": 1, "no_floors": 0, "remarks": null, "adl_info": null, "gp_code": "276150", "gp_name": "KUBADTHAL - LALPUR", "d_pan_code": 397, "d_pan_name": "Ahmedabad", "b_pan_code": 4414, "b_pan_name": "Daskroi", "sourceofda": null, "area_geo": 45.5134245, "st_area_sh": 53.99746282, "st_length_": 29.500237402700002 }, "geometry": { "type": "MultiPolygon", "coordinates": [ [ [ [ 8099315.6908, 2636904.960200000554323 ], [ 8099315.889800000935793, 2636898.215799998492002 ], [ 8099307.890500001609325, 2636897.979699999094009 ], [ 8099307.691500000655651, 2636904.72410000115633 ], [ 8099315.6908, 2636904.960200000554323 ] ] ] ] } },
{ "type": "Feature", "properties": { "objectid": 314641, "globalid": "{00000000-0000-0000-0000-000000000000}", "uniq_id": null, "state_code": "24", "district_c": "438", "tehsil_cod": "3782", "block_code": "4052", "village_co": "511638", "lgd_code": "511638", "built_up_a": 1, "village_na": "Lalpur", "area_desc": null, "name": "Lalpur", "owner_name": null, "property_i": null, "property_c": null, "area_sqm": 15.26852186, "roof_type": 4, "no_floors": 0, "remarks": null, "adl_info": null, "gp_code": "276150", "gp_name": "KUBADTHAL - LALPUR", "d_pan_code": 397, "d_pan_name": "Ahmedabad", "b_pan_code": 4414, "b_pan_name": "Daskroi", "sourceofda": null, "area_geo": 15.26852186, "st_area_sh": 18.114790715000002, "st_length_": 17.317546663800002 }, "geometry": { "type": "MultiPolygon", "coordinates": [ [ [ [ 8099396.309500001370907, 2636951.389499999582767 ], [ 8099396.927400000393391, 2636946.304499998688698 ], [ 8099393.416799999773502, 2636945.877999998629093 ], [ 8099392.798900000751019, 2636950.962900001555681 ], [ 8099396.309500001370907, 2636951.389499999582767 ] ] ] ] } },
{ "type": "Feature", "properties": { "objectid": 314734, "globalid": "{00000000-0000-0000-0000-000000000000}", "uniq_id": null, "state_code": "24", "district_c": "438", "tehsil_cod": "3782", "block_code": "4052", "village_co": "511638", "lgd_code": "511638", "built_up_a": 1, "village_na": "Lalpur", "area_desc": null, "name": "Lalpur", "owner_name": null, "property_i": null, "property_c": null, "area_sqm": 124.51599333, "roof_type": 1, "no_floors": 0, "remarks": null, "adl_info": null, "gp_code": "276150", "gp_name": "KUBADTHAL - LALPUR", "d_pan_code": 397, "d_pan_name": "Ahmedabad", "b_pan_code": 4414, "b_pan_name": "Daskroi", "sourceofda": null, "area_geo": 124.51599333, "st_area_sh": 147.72891639, "st_length_": 53.637405666500001 }, "geometry": { "type": "MultiPolygon", "coordinates": [ [ [ [ 8099297.584800001233816, 2637032.261100001633167 ], [ 8099298.299199998378754, 2637025.037900000810623 ], [ 8099298.854800000786781, 2637025.064399998635054 ], [ 8099299.113000001758337, 2637023.855900000780821 ], [ 8099299.917399998754263, 2637020.090399999171495 ], [ 8099292.374400001019239, 2637018.861699998378754 ], [ 8099292.127999998629093, 2637020.374400001019239 ], [ 8099288.328899998217821, 2637019.75560000166297 ], [ 8099288.575300000607967, 2637018.242800001055002 ], [ 8099287.672899998724461, 2637018.095800001174212 ], [ 8099285.554000001400709, 2637031.103199999779463 ], [ 8099297.584800001233816, 2637032.261100001633167 ] ] ] ] } },
{ "type": "Feature", "properties": { "objectid": 314373, "globalid": "{00000000-0000-0000-0000-000000000000}", "uniq_id": null, "state_code": "24", "district_c": "439", "tehsil_cod": "3843", "block_code": "4060", "village_co": "515578", "lgd_code": "515578", "built_up_a": 1, "village_na": "Suragpur", "area_desc": null, "name": "Suragpur", "owner_name": null, "property_i": null, "property_c": null, "area_sqm": 20.02831111, "roof_type": 1, "no_floors": 0, "remarks": null, "adl_info": null, "gp_code": "155028", "gp_name": "SURAGPUR", "d_pan_code": 398, "d_pan_name": "Amreli", "b_pan_code": 4422, "b_pan_name": "Amreli", "sourceofda": null, "area_geo": 20.02831111, "st_area_sh": 23.30934453, "st_length_": 21.047696758600001 }, "geometry": { "type": "MultiPolygon", "coordinates": [ [ [ [ 7938272.020500000566244, 2473924.231800001114607 ], [ 7938270.3293999992311, 2473919.234700001776218 ], [ 7938270.067499998956919, 2473919.312699999660254 ], [ 7938266.737199999392033, 2473920.373500000685453 ], [ 7938267.38910000026226, 2473922.303100001066923 ], [ 7938266.753800000995398, 2473922.5055 ], [ 7938267.299699999392033, 2473924.121500000357628 ], [ 7938266.528499998152256, 2473924.36710000038147 ], [ 7938267.020799998193979, 2473925.824200000613928 ], [ 7938272.020500000566244, 2473924.231800001114607 ] ] ] ] } },
{ "type": "Feature", "properties": { "objectid": 314581, "globalid": "{00000000-0000-0000-0000-000000000000}", "uniq_id": null, "state_code": "24", "district_c": "438", "tehsil_cod": "3782", "block_code": "4052", "village_co": "511638", "lgd_code": "511638", "built_up_a": 1, "village_na": "Lalpur", "area_desc": null, "name": "Lalpur", "owner_name": null, "property_i": null, "property_c": null, "area_sqm": 2.8209515, "roof_type": 1, "no_floors": 0, "remarks": null, "adl_info": null, "gp_code": "276150", "gp_name": "KUBADTHAL - LALPUR", "d_pan_code": 397, "d_pan_name": "Ahmedabad", "b_pan_code": 4414, "b_pan_name": "Daskroi", "sourceofda": null, "area_geo": 2.8209515, "st_area_sh": 3.34680039, "st_length_": 7.3904021070299999 }, "geometry": { "type": "MultiPolygon", "coordinates": [ [ [ [ 8099371.912999998778105, 2636907.05350000038743 ], [ 8099370.320900000631809, 2636907.075800001621246 ], [ 8099370.350600000470877, 2636909.141399998217821 ], [ 8099371.942699998617172, 2636909.192699998617172 ], [ 8099371.912999998778105, 2636907.05350000038743 ] ] ] ] } },
{ "type": "Feature", "properties": { "objectid": 314627, "globalid": "{00000000-0000-0000-0000-000000000000}", "uniq_id": null, "state_code": "24", "district_c": "438", "tehsil_cod": "3782", "block_code": "4052", "village_co": "511638", "lgd_code": "511638", "built_up_a": 1, "village_na": "Lalpur", "area_desc": null, "name": "Lalpur", "owner_name": null, "property_i": null, "property_c": null, "area_sqm": 65.61830879, "roof_type": 1, "no_floors": 0, "remarks": null, "adl_info": null, "gp_code": "276150", "gp_name": "KUBADTHAL - LALPUR", "d_pan_code": 397, "d_pan_name": "Ahmedabad", "b_pan_code": 4414, "b_pan_name": "Daskroi", "sourceofda": null, "area_geo": 65.61830879, "st_area_sh": 77.85035196, "st_length_": 35.962973531599999 }, "geometry": { "type": "MultiPolygon", "coordinates": [ [ [ [ 8099366.613600000739098, 2636931.38740000128746 ], [ 8099366.542700000107288, 2636937.364399999380112 ], [ 8099377.311599999666214, 2636938.195099998265505 ], [ 8099375.852299999445677, 2636928.734400000423193 ], [ 8099366.613600000739098, 2636931.38740000128746 ] ] ] ] } },
{ "type": "Feature", "properties": { "objectid": 314344, "globalid": "{00000000-0000-0000-0000-000000000000}", "uniq_id": null, "state_code": "24", "district_c": "439", "tehsil_cod": "3843", "block_code": "4060", "village_co": "515578", "lgd_code": "515578", "built_up_a": 1, "village_na": "Suragpur", "area_desc": null, "name": "Suragpur", "owner_name": null, "property_i": null, "property_c": null, "area_sqm": 45.09025364, "roof_type": 4, "no_floors": 0, "remarks": null, "adl_info": null, "gp_code": "155028", "gp_name": "SURAGPUR", "d_pan_code": 398, "d_pan_name": "Amreli", "b_pan_code": 4422, "b_pan_name": "Amreli", "sourceofda": null, "area_geo": 45.09025364, "st_area_sh": 52.477365114999998, "st_length_": 30.5549150232 }, "geometry": { "type": "MultiPolygon", "coordinates": [ [ [ [ 7938382.252099998295307, 2473990.28830000013113 ], [ 7938382.521699998527765, 2474000.711899999529123 ], [ 7938387.870999999344349, 2473999.405200000852346 ], [ 7938387.408399999141693, 2473989.961899999529123 ], [ 7938382.252099998295307, 2473990.28830000013113 ] ] ] ] } },
{ "type": "Feature", "properties": { "objectid": 314765, "globalid": "{00000000-0000-0000-0000-000000000000}", "uniq_id": null, "state_code": "24", "district_c": "438", "tehsil_cod": "3782", "block_code": "4052", "village_co": "511638", "lgd_code": "511638", "built_up_a": 1, "village_na": "Lalpur", "area_desc": null, "name": "Lalpur", "owner_name": null, "property_i": null, "property_c": null, "area_sqm": 49.30826552, "roof_type": 1, "no_floors": 0, "remarks": null, "adl_info": null, "gp_code": "276150", "gp_name": "KUBADTHAL - LALPUR", "d_pan_code": 397, "d_pan_name": "Ahmedabad", "b_pan_code": 4414, "b_pan_name": "Daskroi", "sourceofda": null, "area_geo": 49.30826552, "st_area_sh": 58.50104514, "st_length_": 34.425301240400003 }, "geometry": { "type": "MultiPolygon", "coordinates": [ [ [ [ 8099172.609200000762939, 2637090.277699999511242 ], [ 8099160.067899998277426, 2637089.761700000613928 ], [ 8099159.876299999654293, 2637094.418499998748302 ], [ 8099164.643199998885393, 2637094.614599999040365 ], [ 8099168.638300001621246, 2637094.778999999165535 ], [ 8099172.417599998414516, 2637094.934500001370907 ], [ 8099172.609200000762939, 2637090.277699999511242 ] ] ] ] } },
{ "type": "Feature", "properties": { "objectid": 314755, "globalid": "{00000000-0000-0000-0000-000000000000}", "uniq_id": null, "state_code": "24", "district_c": "438", "tehsil_cod": "3782", "block_code": "4052", "village_co": "511638", "lgd_code": "511638", "built_up_a": 1, "village_na": "Lalpur", "area_desc": null, "name": "Lalpur", "owner_name": null, "property_i": null, "property_c": null, "area_sqm": 2.36675562, "roof_type": 1, "no_floors": 0, "remarks": null, "adl_info": null, "gp_code": "276150", "gp_name": "KUBADTHAL - LALPUR", "d_pan_code": 397, "d_pan_name": "Ahmedabad", "b_pan_code": 4414, "b_pan_name": "Daskroi", "sourceofda": null, "area_geo": 2.36675562, "st_area_sh": 2.807946705, "st_length_": 7.8260968125800003 }, "geometry": { "type": "MultiPolygon", "coordinates": [ [ [ [ 8099287.203400000929832, 2636932.510299999266863 ], [ 8099287.294599998742342, 2636931.56810000166297 ], [ 8099284.341899998486042, 2636931.282400000840425 ], [ 8099284.250700000673532, 2636932.224500000476837 ], [ 8099287.203400000929832, 2636932.510299999266863 ] ] ] ] } },
{ "type": "Feature", "properties": { "objectid": 314259, "globalid": "{00000000-0000-0000-0000-000000000000}", "uniq_id": null, "state_code": "24", "district_c": "439", "tehsil_cod": "3843", "block_code": "4060", "village_co": "515578", "lgd_code": "515578", "built_up_a": 1, "village_na": "Suragpur", "area_desc": null, "name": "Suragpur", "owner_name": null, "property_i": null, "property_c": null, "area_sqm": 55.62609767, "roof_type": 4, "no_floors": 0, "remarks": null, "adl_info": null, "gp_code": "155028", "gp_name": "SURAGPUR", "d_pan_code": 398, "d_pan_name": "Amreli", "b_pan_code": 4422, "b_pan_name": "Amreli", "sourceofda": null, "area_geo": 55.62609767, "st_area_sh": 64.742260724999994, "st_length_": 32.238059457200002 }, "geometry": { "type": "MultiPolygon", "coordinates": [ [ [ [ 7938421.687300000339746, 2474399.7179000005126 ], [ 7938421.28830000013113, 2474391.205600000917912 ], [ 7938413.699200000613928, 2474391.5614 ], [ 7938414.098200000822544, 2474400.073600001633167 ], [ 7938421.687300000339746, 2474399.7179000005126 ] ] ] ] } },
{ "type": "Feature", "properties": { "objectid": 314716, "globalid": "{00000000-0000-0000-0000-000000000000}", "uniq_id": null, "state_code": "24", "district_c": "438", "tehsil_cod": "3782", "block_code": "4052", "village_co": "511638", "lgd_code": "511638", "built_up_a": 1, "village_na": "Lalpur", "area_desc": null, "name": "Lalpur", "owner_name": null, "property_i": null, "property_c": null, "area_sqm": 14.77503828, "roof_type": 4, "no_floors": 0, "remarks": null, "adl_info": null, "gp_code": "276150", "gp_name": "KUBADTHAL - LALPUR", "d_pan_code": 397, "d_pan_name": "Ahmedabad", "b_pan_code": 4414, "b_pan_name": "Daskroi", "sourceofda": null, "area_geo": 14.77503828, "st_area_sh": 17.52953467, "st_length_": 16.8178410439 }, "geometry": { "type": "MultiPolygon", "coordinates": [ [ [ [ 8099288.016800001263618, 2637049.896299999207258 ], [ 8099284.187600001692772, 2637049.551300000399351 ], [ 8099283.873700000345707, 2637054.118900001049042 ], [ 8099287.660399999469519, 2637054.473900001496077 ], [ 8099288.016800001263618, 2637049.896299999207258 ] ] ] ] } },
{ "type": "Feature", "properties": { "objectid": 314270, "globalid": "{00000000-0000-0000-0000-000000000000}", "uniq_id": null, "state_code": "24", "district_c": "439", "tehsil_cod": "3843", "block_code": "4060", "village_co": "515578", "lgd_code": "515578", "built_up_a": 1, "village_na": "Suragpur", "area_desc": null, "name": "Suragpur", "owner_name": null, "property_i": null, "property_c": null, "area_sqm": 57.97287087, "roof_type": 4, "no_floors": 0, "remarks": null, "adl_info": null, "gp_code": "155028", "gp_name": "SURAGPUR", "d_pan_code": 398, "d_pan_name": "Amreli", "b_pan_code": 4422, "b_pan_name": "Amreli", "sourceofda": null, "area_geo": 57.97287087, "st_area_sh": 67.47260339, "st_length_": 33.474631242299999 }, "geometry": { "type": "MultiPolygon", "coordinates": [ [ [ [ 7938432.445000000298023, 2474260.033399999141693 ], [ 7938432.91270000115037, 2474266.881400000303984 ], [ 7938442.336800001561642, 2474265.661299999803305 ], [ 7938442.8581000007689, 2474265.647300001233816 ], [ 7938442.078000001609325, 2474258.815000001341105 ], [ 7938432.445000000298023, 2474260.033399999141693 ] ] ] ] } },
{ "type": "Feature", "properties": { "objectid": 314696, "globalid": "{00000000-0000-0000-0000-000000000000}", "uniq_id": null, "state_code": "24", "district_c": "438", "tehsil_cod": "3782", "block_code": "4052", "village_co": "511638", "lgd_code": "511638", "built_up_a": 1, "village_na": "Lalpur", "area_desc": null, "name": "Lalpur", "owner_name": null, "property_i": null, "property_c": null, "area_sqm": 60.95189633, "roof_type": 1, "no_floors": 0, "remarks": null, "adl_info": null, "gp_code": "276150", "gp_name": "KUBADTHAL - LALPUR", "d_pan_code": 397, "d_pan_name": "Ahmedabad", "b_pan_code": 4414, "b_pan_name": "Daskroi", "sourceofda": null, "area_geo": 60.95189633, "st_area_sh": 72.314442525000004, "st_length_": 37.345917550899998 }, "geometry": { "type": "MultiPolygon", "coordinates": [ [ [ [ 8099393.474800001829863, 2636979.586800001561642 ], [ 8099401.73030000180006, 2636979.77930000051856 ], [ 8099406.6941, 2636979.895100001245737 ], [ 8099406.075300000607967, 2636974.215900000184774 ], [ 8099393.598799999803305, 2636974.268100000917912 ], [ 8099393.290100000798702, 2636974.269400000572205 ], [ 8099393.144600000232458, 2636979.561099998652935 ], [ 8099393.474800001829863, 2636979.586800001561642 ] ] ] ] } },
{ "type": "Feature", "properties": { "objectid": 314537, "globalid": "{00000000-0000-0000-0000-000000000000}", "uniq_id": null, "state_code": "24", "district_c": "438", "tehsil_cod": "3782", "block_code": "4052", "village_co": "511638", "lgd_code": "511638", "built_up_a": 1, "village_na": "Lalpur", "area_desc": null, "name": "Lalpur", "owner_name": null, "property_i": null, "property_c": null, "area_sqm": 136.39481362000001, "roof_type": 1, "no_floors": 0, "remarks": null, "adl_info": null, "gp_code": "276150", "gp_name": "KUBADTHAL - LALPUR", "d_pan_code": 397, "d_pan_name": "Ahmedabad", "b_pan_code": 4414, "b_pan_name": "Daskroi", "sourceofda": null, "area_geo": 136.39481362000001, "st_area_sh": 161.82117995499999, "st_length_": 53.028085924599999 }, "geometry": { "type": "MultiPolygon", "coordinates": [ [ [ [ 8099291.969300001859665, 2636964.480599999427795 ], [ 8099287.325300000607967, 2636963.497000001370907 ], [ 8099285.373599998652935, 2636973.247699998319149 ], [ 8099289.039799999445677, 2636973.635899998247623 ], [ 8099288.574099998921156, 2636976.937899999320507 ], [ 8099298.130800001323223, 2636979.200100000947714 ], [ 8099298.293999999761581, 2636978.14469999819994 ], [ 8099300.1393, 2636966.210900001227856 ], [ 8099291.969300001859665, 2636964.480599999427795 ] ] ] ] } },
{ "type": "Feature", "properties": { "objectid": 314676, "globalid": "{00000000-0000-0000-0000-000000000000}", "uniq_id": null, "state_code": "24", "district_c": "438", "tehsil_cod": "3782", "block_code": "4052", "village_co": "511638", "lgd_code": "511638", "built_up_a": 1, "village_na": "Lalpur", "area_desc": null, "name": "Lalpur", "owner_name": null, "property_i": null, "property_c": null, "area_sqm": 5.95359338, "roof_type": 1, "no_floors": 0, "remarks": null, "adl_info": null, "gp_code": "276150", "gp_name": "KUBADTHAL - LALPUR", "d_pan_code": 397, "d_pan_name": "Ahmedabad", "b_pan_code": 4414, "b_pan_name": "Daskroi", "sourceofda": null, "area_geo": 5.95359338, "st_area_sh": 7.0634774, "st_length_": 10.6814978154 }, "geometry": { "type": "MultiPolygon", "coordinates": [ [ [ [ 8099344.606600001454353, 2637006.034499999135733 ], [ 8099341.83559999987483, 2637005.206599999219179 ], [ 8099341.10700000077486, 2637007.475499998778105 ], [ 8099343.928399998694658, 2637008.3816 ], [ 8099344.606600001454353, 2637006.034499999135733 ] ] ] ] } },
{ "type": "Feature", "properties": { "objectid": 314409, "globalid": "{00000000-0000-0000-0000-000000000000}", "uniq_id": null, "state_code": "24", "district_c": "439", "tehsil_cod": "3843", "block_code": "4060", "village_co": "515578", "lgd_code": "515578", "built_up_a": 1, "village_na": "Suragpur", "area_desc": null, "name": "Suragpur", "owner_name": null, "property_i": null, "property_c": null, "area_sqm": 166.97134481000001, "roof_type": 1, "no_floors": 0, "remarks": null, "adl_info": null, "gp_code": "155028", "gp_name": "SURAGPUR", "d_pan_code": 398, "d_pan_name": "Amreli", "b_pan_code": 4422, "b_pan_name": "Amreli", "sourceofda": null, "area_geo": 166.97134481000001, "st_area_sh": 194.32354823, "st_length_": 59.449367463100003 }, "geometry": { "type": "MultiPolygon", "coordinates": [ [ [ [ 7938372.049199998378754, 2473869.930399999022484 ], [ 7938353.956300001591444, 2473875.900299999862909 ], [ 7938357.401900000870228, 2473885.270899999886751 ], [ 7938376.089200001209974, 2473878.541499998420477 ], [ 7938373.096700001507998, 2473869.581199999898672 ], [ 7938372.049199998378754, 2473869.930399999022484 ] ] ] ] } },
{ "type": "Feature", "properties": { "objectid": 314420, "globalid": "{00000000-0000-0000-0000-000000000000}", "uniq_id": null, "state_code": "24", "district_c": "439", "tehsil_cod": "3843", "block_code": "4060", "village_co": "515578", "lgd_code": "515578", "built_up_a": 1, "village_na": "Suragpur", "area_desc": null, "name": "Suragpur", "owner_name": null, "property_i": null, "property_c": null, "area_sqm": 34.54472285, "roof_type": 4, "no_floors": 0, "remarks": null, "adl_info": null, "gp_code": "155028", "gp_name": "SURAGPUR", "d_pan_code": 398, "d_pan_name": "Amreli", "b_pan_code": 4422, "b_pan_name": "Amreli", "sourceofda": null, "area_geo": 34.54472285, "st_area_sh": 40.203809964999998, "st_length_": 29.9845868729 }, "geometry": { "type": "MultiPolygon", "coordinates": [ [ [ [ 7938342.610199999064207, 2473914.784299999475479 ], [ 7938343.854299999773502, 2473918.986400000751019 ], [ 7938343.4243, 2473919.019400000572205 ], [ 7938343.821199998259544, 2473920.177000001072884 ], [ 7938346.136300001293421, 2473919.515500001609325 ], [ 7938347.286499999463558, 2473923.39640000090003 ], [ 7938350.197999998927116, 2473922.4298 ], [ 7938347.357900001108646, 2473913.389800000935793 ], [ 7938342.610199999064207, 2473914.784299999475479 ] ] ] ] } },
{ "type": "Feature", "properties": { "objectid": 314545, "globalid": "{00000000-0000-0000-0000-000000000000}", "uniq_id": null, "state_code": "24", "district_c": "438", "tehsil_cod": "3782", "block_code": "4052", "village_co": "511638", "lgd_code": "511638", "built_up_a": 1, "village_na": "Lalpur", "area_desc": null, "name": "Lalpur", "owner_name": null, "property_i": null, "property_c": null, "area_sqm": 6.4722559, "roof_type": 1, "no_floors": 0, "remarks": null, "adl_info": null, "gp_code": "276150", "gp_name": "KUBADTHAL - LALPUR", "d_pan_code": 397, "d_pan_name": "Ahmedabad", "b_pan_code": 4414, "b_pan_name": "Daskroi", "sourceofda": null, "area_geo": 6.4722559, "st_area_sh": 7.678765695, "st_length_": 11.136023037099999 }, "geometry": { "type": "MultiPolygon", "coordinates": [ [ [ [ 8099328.040800001472235, 2636939.099800001829863 ], [ 8099328.372099999338388, 2636936.065600000321865 ], [ 8099325.871199999004602, 2636935.792500000447035 ], [ 8099325.539799999445677, 2636938.82660000026226 ], [ 8099328.040800001472235, 2636939.099800001829863 ] ] ] ] } },
{ "type": "Feature", "properties": { "objectid": 314737, "globalid": "{00000000-0000-0000-0000-000000000000}", "uniq_id": null, "state_code": "24", "district_c": "438", "tehsil_cod": "3782", "block_code": "4052", "village_co": "511638", "lgd_code": "511638", "built_up_a": 1, "village_na": "Lalpur", "area_desc": null, "name": "Lalpur", "owner_name": null, "property_i": null, "property_c": null, "area_sqm": 59.42541019, "roof_type": 1, "no_floors": 0, "remarks": null, "adl_info": null, "gp_code": "276150", "gp_name": "KUBADTHAL - LALPUR", "d_pan_code": 397, "d_pan_name": "Ahmedabad", "b_pan_code": 4414, "b_pan_name": "Daskroi", "sourceofda": null, "area_geo": 59.42541019, "st_area_sh": 70.50360143, "st_length_": 36.973938168899998 }, "geometry": { "type": "MultiPolygon", "coordinates": [ [ [ [ 8099302.58049999922514, 2636998.054099999368191 ], [ 8099295.391399998217821, 2636996.470800001174212 ], [ 8099294.609200000762939, 2637000.02250000089407 ], [ 8099296.528799999505281, 2637000.445300001651049 ], [ 8099295.647300001233816, 2637004.447700001299381 ], [ 8099304.598900001496077, 2637006.419100001454353 ], [ 8099305.521699998527765, 2637001.019900001585484 ], [ 8099304.466699998825788, 2637001.0746 ], [ 8099304.14919999986887, 2637000.333700001239777 ], [ 8099303.7787000015378, 2636999.857500001788139 ], [ 8099303.090799998492002, 2636999.38120000064373 ], [ 8099302.326299998909235, 2636999.208299998193979 ], [ 8099302.58049999922514, 2636998.054099999368191 ] ] ] ] } },
{ "type": "Feature", "properties": { "objectid": 314587, "globalid": "{00000000-0000-0000-0000-000000000000}", "uniq_id": null, "state_code": "24", "district_c": "438", "tehsil_cod": "3782", "block_code": "4052", "village_co": "511638", "lgd_code": "511638", "built_up_a": 1, "village_na": "Lalpur", "area_desc": null, "name": "Lalpur", "owner_name": null, "property_i": null, "property_c": null, "area_sqm": 8.96852645, "roof_type": 4, "no_floors": 0, "remarks": null, "adl_info": null, "gp_code": "276150", "gp_name": "KUBADTHAL - LALPUR", "d_pan_code": 397, "d_pan_name": "Ahmedabad", "b_pan_code": 4414, "b_pan_name": "Daskroi", "sourceofda": null, "area_geo": 8.96852645, "st_area_sh": 10.64033493, "st_length_": 15.111785123700001 }, "geometry": { "type": "MultiPolygon", "coordinates": [ [ [ [ 8099353.870000001043081, 2636905.555500000715256 ], [ 8099353.89809999987483, 2636911.23930000141263 ], [ 8099355.770100001245737, 2636911.230000000447035 ], [ 8099355.741999998688698, 2636905.54619999974966 ], [ 8099353.870000001043081, 2636905.555500000715256 ] ] ] ] } },
{ "type": "Feature", "properties": { "objectid": 314509, "globalid": "{00000000-0000-0000-0000-000000000000}", "uniq_id": null, "state_code": "24", "district_c": "438", "tehsil_cod": "3782", "block_code": "4052", "village_co": "511638", "lgd_code": "511638", "built_up_a": 1, "village_na": "Lalpur", "area_desc": null, "name": "Lalpur", "owner_name": null, "property_i": null, "property_c": null, "area_sqm": 60.74572167, "roof_type": 4, "no_floors": 0, "remarks": null, "adl_info": null, "gp_code": "276150", "gp_name": "KUBADTHAL - LALPUR", "d_pan_code": 397, "d_pan_name": "Ahmedabad", "b_pan_code": 4414, "b_pan_name": "Daskroi", "sourceofda": null, "area_geo": 60.74572167, "st_area_sh": 72.06912521, "st_length_": 34.780250366600001 }, "geometry": { "type": "MultiPolygon", "coordinates": [ [ [ [ 8099265.263000000268221, 2636898.209499999880791 ], [ 8099275.581700000911951, 2636900.524599999189377 ], [ 8099277.073600001633167, 2636893.875 ], [ 8099266.754900000989437, 2636891.559900000691414 ], [ 8099265.263000000268221, 2636898.209499999880791 ] ] ] ] } },
{ "type": "Feature", "properties": { "objectid": 314318, "globalid": "{00000000-0000-0000-0000-000000000000}", "uniq_id": null, "state_code": "24", "district_c": "439", "tehsil_cod": "3843", "block_code": "4060", "village_co": "515578", "lgd_code": "515578", "built_up_a": 1, "village_na": "Suragpur", "area_desc": null, "name": "Suragpur", "owner_name": null, "property_i": null, "property_c": null, "area_sqm": 89.37369892, "roof_type": 1, "no_floors": 0, "remarks": null, "adl_info": null, "gp_code": "155028", "gp_name": "SURAGPUR", "d_pan_code": 398, "d_pan_name": "Amreli", "b_pan_code": 4422, "b_pan_name": "Amreli", "sourceofda": null, "area_geo": 89.37369892, "st_area_sh": 104.01448626, "st_length_": 41.714132907200003 }, "geometry": { "type": "MultiPolygon", "coordinates": [ [ [ [ 7938421.416799999773502, 2473895.756799999624491 ], [ 7938421.423900000751019, 2473895.614599999040365 ], [ 7938421.508600000292063, 2473888.290899999439716 ], [ 7938420.615699999034405, 2473882.126899998635054 ], [ 7938412.762899998575449, 2473884.26410000026226 ], [ 7938414.144400000572205, 2473896.731199998408556 ], [ 7938421.416799999773502, 2473895.756799999624491 ] ] ] ] } },
{ "type": "Feature", "properties": { "objectid": 314743, "globalid": "{00000000-0000-0000-0000-000000000000}", "uniq_id": null, "state_code": "24", "district_c": "438", "tehsil_cod": "3782", "block_code": "4052", "village_co": "511638", "lgd_code": "511638", "built_up_a": 1, "village_na": "Lalpur", "area_desc": null, "name": "Lalpur", "owner_name": null, "property_i": null, "property_c": null, "area_sqm": 9.45903902, "roof_type": 1, "no_floors": 0, "remarks": null, "adl_info": null, "gp_code": "276150", "gp_name": "KUBADTHAL - LALPUR", "d_pan_code": 397, "d_pan_name": "Ahmedabad", "b_pan_code": 4414, "b_pan_name": "Daskroi", "sourceofda": null, "area_geo": 9.45903902, "st_area_sh": 11.22243267, "st_length_": 13.4007623874 }, "geometry": { "type": "MultiPolygon", "coordinates": [ [ [ [ 8099259.323100000619888, 2637020.263900000602007 ], [ 8099260.206799998879433, 2637016.99439999833703 ], [ 8099257.008000001311302, 2637016.129799999296665 ], [ 8099256.124400001019239, 2637019.399399999529123 ], [ 8099259.323100000619888, 2637020.263900000602007 ] ] ] ] } },
{ "type": "Feature", "properties": { "objectid": 314567, "globalid": "{00000000-0000-0000-0000-000000000000}", "uniq_id": null, "state_code": "24", "district_c": "438", "tehsil_cod": "3782", "block_code": "4052", "village_co": "511638", "lgd_code": "511638", "built_up_a": 1, "village_na": "Lalpur", "area_desc": null, "name": "Lalpur", "owner_name": null, "property_i": null, "property_c": null, "area_sqm": 62.90567094, "roof_type": 1, "no_floors": 0, "remarks": null, "adl_info": null, "gp_code": "276150", "gp_name": "KUBADTHAL - LALPUR", "d_pan_code": 397, "d_pan_name": "Ahmedabad", "b_pan_code": 4414, "b_pan_name": "Daskroi", "sourceofda": null, "area_geo": 62.90567094, "st_area_sh": 74.63157894, "st_length_": 40.8413576453 }, "geometry": { "type": "MultiPolygon", "coordinates": [ [ [ [ 8099346.0912000015378, 2636889.947900000959635 ], [ 8099345.001499999314547, 2636874.326099999248981 ], [ 8099340.712499998509884, 2636874.414099998772144 ], [ 8099340.837200000882149, 2636890.050299998372793 ], [ 8099346.0912000015378, 2636889.947900000959635 ] ] ] ] } },
{ "type": "Feature", "properties": { "objectid": 314309, "globalid": "{00000000-0000-0000-0000-000000000000}", "uniq_id": null, "state_code": "24", "district_c": "439", "tehsil_cod": "3843", "block_code": "4060", "village_co": "515578", "lgd_code": "515578", "built_up_a": 1, "village_na": "Suragpur", "area_desc": null, "name": "Suragpur", "owner_name": null, "property_i": null, "property_c": null, "area_sqm": 76.52324632, "roof_type": 4, "no_floors": 0, "remarks": null, "adl_info": null, "gp_code": "155028", "gp_name": "SURAGPUR", "d_pan_code": 398, "d_pan_name": "Amreli", "b_pan_code": 4422, "b_pan_name": "Amreli", "sourceofda": null, "area_geo": 76.52324632, "st_area_sh": 89.05966353, "st_length_": 38.73356665 }, "geometry": { "type": "MultiPolygon", "coordinates": [ [ [ [ 7938426.340300001204014, 2473966.071899998933077 ], [ 7938426.13289999961853, 2473956.66160000115633 ], [ 7938416.149999998509884, 2473956.958700001239777 ], [ 7938416.257399998605251, 2473960.829599998891354 ], [ 7938417.07319999858737, 2473960.794300001114607 ], [ 7938417.194200001657009, 2473966.289000000804663 ], [ 7938426.340300001204014, 2473966.071899998933077 ] ] ] ] } },
{ "type": "Feature", "properties": { "objectid": 314615, "globalid": "{00000000-0000-0000-0000-000000000000}", "uniq_id": null, "state_code": "24", "district_c": "438", "tehsil_cod": "3782", "block_code": "4052", "village_co": "511638", "lgd_code": "511638", "built_up_a": 2, "village_na": "Lalpur", "area_desc": null, "name": "Lalpur", "owner_name": null, "property_i": null, "property_c": null, "area_sqm": 6.43893967, "roof_type": 4, "no_floors": 0, "remarks": null, "adl_info": null, "gp_code": "276150", "gp_name": "KUBADTHAL - LALPUR", "d_pan_code": 397, "d_pan_name": "Ahmedabad", "b_pan_code": 4414, "b_pan_name": "Daskroi", "sourceofda": null, "area_geo": 6.43893967, "st_area_sh": 7.639235385, "st_length_": 11.1744008718 }, "geometry": { "type": "MultiPolygon", "coordinates": [ [ [ [ 8099448.828299999237061, 2636935.07209999859333 ], [ 8099451.197299998253584, 2636935.368299998342991 ], [ 8099451.594200000166893, 2636932.193199999630451 ], [ 8099449.22520000115037, 2636931.897100001573563 ], [ 8099448.828299999237061, 2636935.07209999859333 ] ] ] ] } },
{ "type": "Feature", "properties": { "objectid": 314781, "globalid": "{00000000-0000-0000-0000-000000000000}", "uniq_id": null, "state_code": "24", "district_c": "438", "tehsil_cod": "3782", "block_code": "4052", "village_co": "511638", "lgd_code": "511638", "built_up_a": 1, "village_na": "Lalpur", "area_desc": null, "name": "Lalpur", "owner_name": null, "property_i": null, "property_c": null, "area_sqm": 0.8903042, "roof_type": 4, "no_floors": 0, "remarks": null, "adl_info": null, "gp_code": "276150", "gp_name": "KUBADTHAL - LALPUR", "d_pan_code": 397, "d_pan_name": "Ahmedabad", "b_pan_code": 4414, "b_pan_name": "Daskroi", "sourceofda": null, "area_geo": 0.8903042, "st_area_sh": 1.05629734, "st_length_": 4.4900285346200004 }, "geometry": { "type": "MultiPolygon", "coordinates": [ [ [ [ 8099316.145500000566244, 2637165.384199999272823 ], [ 8099314.576200000941753, 2637165.264400001615286 ], [ 8099314.525100000202656, 2637165.933600001037121 ], [ 8099316.094399999827147, 2637166.053399998694658 ], [ 8099316.145500000566244, 2637165.384199999272823 ] ] ] ] } },
{ "type": "Feature", "properties": { "objectid": 314672, "globalid": "{00000000-0000-0000-0000-000000000000}", "uniq_id": null, "state_code": "24", "district_c": "438", "tehsil_cod": "3782", "block_code": "4052", "village_co": "511638", "lgd_code": "511638", "built_up_a": 1, "village_na": "Lalpur", "area_desc": null, "name": "Lalpur", "owner_name": null, "property_i": null, "property_c": null, "area_sqm": 2.4923512, "roof_type": 4, "no_floors": 0, "remarks": null, "adl_info": null, "gp_code": "276150", "gp_name": "KUBADTHAL - LALPUR", "d_pan_code": 397, "d_pan_name": "Ahmedabad", "b_pan_code": 4414, "b_pan_name": "Daskroi", "sourceofda": null, "area_geo": 2.4923512, "st_area_sh": 2.95697584, "st_length_": 6.9885200319500003 }, "geometry": { "type": "MultiPolygon", "coordinates": [ [ [ [ 8099350.227400001138449, 2636990.098000001162291 ], [ 8099348.211199998855591, 2636989.694699998944998 ], [ 8099347.929200001060963, 2636991.104899998754263 ], [ 8099349.94539999961853, 2636991.508200000971556 ], [ 8099350.227400001138449, 2636990.098000001162291 ] ] ] ] } },
{ "type": "Feature", "properties": { "objectid": 314689, "globalid": "{00000000-0000-0000-0000-000000000000}", "uniq_id": null, "state_code": "24", "district_c": "438", "tehsil_cod": "3782", "block_code": "4052", "village_co": "511638", "lgd_code": "511638", "built_up_a": 1, "village_na": "Lalpur", "area_desc": null, "name": "Lalpur", "owner_name": null, "property_i": null, "property_c": null, "area_sqm": 1.94420352, "roof_type": 1, "no_floors": 0, "remarks": null, "adl_info": null, "gp_code": "276150", "gp_name": "KUBADTHAL - LALPUR", "d_pan_code": 397, "d_pan_name": "Ahmedabad", "b_pan_code": 4414, "b_pan_name": "Daskroi", "sourceofda": null, "area_geo": 1.94420352, "st_area_sh": 2.30664478, "st_length_": 6.4062872843200003 }, "geometry": { "type": "MultiPolygon", "coordinates": [ [ [ [ 8099390.906700000166893, 2636998.205400001257658 ], [ 8099389.814399998635054, 2636998.159800000488758 ], [ 8099389.726300001144409, 2637000.267799999564886 ], [ 8099390.818599998950958, 2637000.313499998301268 ], [ 8099390.906700000166893, 2636998.205400001257658 ] ] ] ] } },
{ "type": "Feature", "properties": { "objectid": 314602, "globalid": "{00000000-0000-0000-0000-000000000000}", "uniq_id": null, "state_code": "24", "district_c": "438", "tehsil_cod": "3782", "block_code": "4052", "village_co": "511638", "lgd_code": "511638", "built_up_a": 1, "village_na": "Lalpur", "area_desc": null, "name": "Lalpur", "owner_name": null, "property_i": null, "property_c": null, "area_sqm": 77.83636279, "roof_type": 1, "no_floors": 0, "remarks": null, "adl_info": null, "gp_code": "276150", "gp_name": "KUBADTHAL - LALPUR", "d_pan_code": 397, "d_pan_name": "Ahmedabad", "b_pan_code": 4414, "b_pan_name": "Daskroi", "sourceofda": null, "area_geo": 77.83636279, "st_area_sh": 92.345993725, "st_length_": 44.637242639 }, "geometry": { "type": "MultiPolygon", "coordinates": [ [ [ [ 8099417.822900000959635, 2636936.162799999117851 ], [ 8099418.234900001436472, 2636930.670800000429153 ], [ 8099417.800999999046326, 2636930.672499999403954 ], [ 8099417.028599999845028, 2636930.675599999725819 ], [ 8099408.673000000417233, 2636930.70890000090003 ], [ 8099401.198399998247623, 2636930.738699998706579 ], [ 8099401.220199998468161, 2636936.228999998420477 ], [ 8099417.822900000959635, 2636936.162799999117851 ] ] ] ] } },
{ "type": "Feature", "properties": { "objectid": 314559, "globalid": "{00000000-0000-0000-0000-000000000000}", "uniq_id": null, "state_code": "24", "district_c": "438", "tehsil_cod": "3782", "block_code": "4052", "village_co": "511638", "lgd_code": "511638", "built_up_a": 1, "village_na": "Lalpur", "area_desc": null, "name": "Lalpur", "owner_name": null, "property_i": null, "property_c": null, "area_sqm": 29.15117493, "roof_type": 4, "no_floors": 0, "remarks": null, "adl_info": null, "gp_code": "276150", "gp_name": "KUBADTHAL - LALPUR", "d_pan_code": 397, "d_pan_name": "Ahmedabad", "b_pan_code": 4414, "b_pan_name": "Daskroi", "sourceofda": null, "area_geo": 29.15117493, "st_area_sh": 34.58498814, "st_length_": 23.590735072200001 }, "geometry": { "type": "MultiPolygon", "coordinates": [ [ [ [ 8099393.681000001728535, 2636860.978700000792742 ], [ 8099399.049699999392033, 2636861.9342 ], [ 8099400.160900000482798, 2636855.690000001341105 ], [ 8099394.792199999094009, 2636854.734499998390675 ], [ 8099393.681000001728535, 2636860.978700000792742 ] ] ] ] } },
{ "type": "Feature", "properties": { "objectid": 314624, "globalid": "{00000000-0000-0000-0000-000000000000}", "uniq_id": null, "state_code": "24", "district_c": "438", "tehsil_cod": "3782", "block_code": "4052", "village_co": "511638", "lgd_code": "511638", "built_up_a": 1, "village_na": "Lalpur", "area_desc": null, "name": "Lalpur", "owner_name": null, "property_i": null, "property_c": null, "area_sqm": 85.74738643000001, "roof_type": 1, "no_floors": 0, "remarks": null, "adl_info": null, "gp_code": "276150", "gp_name": "KUBADTHAL - LALPUR", "d_pan_code": 397, "d_pan_name": "Ahmedabad", "b_pan_code": 4414, "b_pan_name": "Daskroi", "sourceofda": null, "area_geo": 85.74738643000001, "st_area_sh": 101.73175189, "st_length_": 50.645355590500003 }, "geometry": { "type": "MultiPolygon", "coordinates": [ [ [ [ 8099392.3783, 2636943.950399998575449 ], [ 8099392.38459999859333, 2636942.957600001245737 ], [ 8099394.622600000351667, 2636942.971799999475479 ], [ 8099394.644299998879433, 2636939.5603 ], [ 8099392.406199999153614, 2636939.546100001782179 ], [ 8099392.491700001060963, 2636926.070700000971556 ], [ 8099387.18019999936223, 2636926.1349 ], [ 8099387.132399998605251, 2636939.153200000524521 ], [ 8099387.118200000375509, 2636943.026799999177456 ], [ 8099387.115200001746416, 2636943.847899999469519 ], [ 8099392.3783, 2636943.950399998575449 ] ] ] ] } },
{ "type": "Feature", "properties": { "objectid": 314432, "globalid": "{00000000-0000-0000-0000-000000000000}", "uniq_id": null, "state_code": "24", "district_c": "439", "tehsil_cod": "3843", "block_code": "4060", "village_co": "515578", "lgd_code": "515578", "built_up_a": 1, "village_na": "Suragpur", "area_desc": null, "name": "Suragpur", "owner_name": null, "property_i": null, "property_c": null, "area_sqm": 69.43925989, "roof_type": 4, "no_floors": 0, "remarks": null, "adl_info": null, "gp_code": "155028", "gp_name": "SURAGPUR", "d_pan_code": 398, "d_pan_name": "Amreli", "b_pan_code": 4422, "b_pan_name": "Amreli", "sourceofda": null, "area_geo": 69.43925989, "st_area_sh": 80.81422708, "st_length_": 36.078216789099997 }, "geometry": { "type": "MultiPolygon", "coordinates": [ [ [ [ 7938370.083200000226498, 2473864.862199999392033 ], [ 7938367.044300001114607, 2473857.028299998492002 ], [ 7938358.166000001132488, 2473859.765999998897314 ], [ 7938360.466899998486042, 2473867.778200000524521 ], [ 7938370.083200000226498, 2473864.862199999392033 ] ] ] ] } },
{ "type": "Feature", "properties": { "objectid": 314252, "globalid": "{00000000-0000-0000-0000-000000000000}", "uniq_id": null, "state_code": "24", "district_c": "439", "tehsil_cod": "3843", "block_code": "4060", "village_co": "515578", "lgd_code": "515578", "built_up_a": 1, "village_na": "Suragpur", "area_desc": null, "name": "Suragpur", "owner_name": null, "property_i": null, "property_c": null, "area_sqm": 25.78683074, "roof_type": 4, "no_floors": 0, "remarks": null, "adl_info": null, "gp_code": "155028", "gp_name": "SURAGPUR", "d_pan_code": 398, "d_pan_name": "Amreli", "b_pan_code": 4422, "b_pan_name": "Amreli", "sourceofda": null, "area_geo": 25.78683074, "st_area_sh": 30.01451559, "st_length_": 23.694640873499999 }, "geometry": { "type": "MultiPolygon", "coordinates": [ [ [ [ 7938362.569200001657009, 2474875.867899999022484 ], [ 7938362.013700000941753, 2474884.025499999523163 ], [ 7938365.676100000739098, 2474884.274900000542402 ], [ 7938366.231499999761581, 2474876.1173 ], [ 7938362.569200001657009, 2474875.867899999022484 ] ] ] ] } },
{ "type": "Feature", "properties": { "objectid": 314563, "globalid": "{00000000-0000-0000-0000-000000000000}", "uniq_id": null, "state_code": "24", "district_c": "438", "tehsil_cod": "3782", "block_code": "4052", "village_co": "511638", "lgd_code": "511638", "built_up_a": 1, "village_na": "Lalpur", "area_desc": null, "name": "Lalpur", "owner_name": null, "property_i": null, "property_c": null, "area_sqm": 21.20928356, "roof_type": 4, "no_floors": 0, "remarks": null, "adl_info": null, "gp_code": "276150", "gp_name": "KUBADTHAL - LALPUR", "d_pan_code": 397, "d_pan_name": "Ahmedabad", "b_pan_code": 4414, "b_pan_name": "Daskroi", "sourceofda": null, "area_geo": 21.20928356, "st_area_sh": 25.16244519, "st_length_": 22.3894161807 }, "geometry": { "type": "MultiPolygon", "coordinates": [ [ [ [ 8099359.021800000220537, 2636767.646800000220537 ], [ 8099351.007800001651049, 2636766.609200000762939 ], [ 8099350.607999999076128, 2636769.697299998253584 ], [ 8099358.622000001370907, 2636770.7347999997437 ], [ 8099359.021800000220537, 2636767.646800000220537 ] ] ] ] } },
{ "type": "Feature", "properties": { "objectid": 314260, "globalid": "{00000000-0000-0000-0000-000000000000}", "uniq_id": null, "state_code": "24", "district_c": "439", "tehsil_cod": "3843", "block_code": "4060", "village_co": "515578", "lgd_code": "515578", "built_up_a": 1, "village_na": "Suragpur", "area_desc": null, "name": "Suragpur", "owner_name": null, "property_i": null, "property_c": null, "area_sqm": 38.31876813, "roof_type": 4, "no_floors": 0, "remarks": null, "adl_info": null, "gp_code": "155028", "gp_name": "SURAGPUR", "d_pan_code": 398, "d_pan_name": "Amreli", "b_pan_code": 4422, "b_pan_name": "Amreli", "sourceofda": null, "area_geo": 38.31876813, "st_area_sh": 44.598553365000001, "st_length_": 27.510377157200001 }, "geometry": { "type": "MultiPolygon", "coordinates": [ [ [ [ 7938429.230099998414516, 2474390.833399999886751 ], [ 7938429.629099998623133, 2474399.345600001513958 ], [ 7938434.85700000077486, 2474399.100600000470877 ], [ 7938434.457899998873472, 2474390.588300000876188 ], [ 7938429.230099998414516, 2474390.833399999886751 ] ] ] ] } },
{ "type": "Feature", "properties": { "objectid": 314446, "globalid": "{00000000-0000-0000-0000-000000000000}", "uniq_id": null, "state_code": "24", "district_c": "439", "tehsil_cod": "3843", "block_code": "4060", "village_co": "515578", "lgd_code": "515578", "built_up_a": 1, "village_na": "Suragpur", "area_desc": null, "name": "Suragpur", "owner_name": null, "property_i": null, "property_c": null, "area_sqm": 10.7704625, "roof_type": 4, "no_floors": 0, "remarks": null, "adl_info": null, "gp_code": "155028", "gp_name": "SURAGPUR", "d_pan_code": 398, "d_pan_name": "Amreli", "b_pan_code": 4422, "b_pan_name": "Amreli", "sourceofda": null, "area_geo": 10.7704625, "st_area_sh": 12.534711545, "st_length_": 14.1772943232 }, "geometry": { "type": "MultiPolygon", "coordinates": [ [ [ [ 7938404.662500001490116, 2473808.848700001835823 ], [ 7938406.7434, 2473808.22749999910593 ], [ 7938405.618000000715256, 2473804.995400000363588 ], [ 7938402.105000000447035, 2473806.043999999761581 ], [ 7938403.230399999767542, 2473809.276200000196695 ], [ 7938404.662500001490116, 2473808.848700001835823 ] ] ] ] } },
{ "type": "Feature", "properties": { "objectid": 314339, "globalid": "{00000000-0000-0000-0000-000000000000}", "uniq_id": null, "state_code": "24", "district_c": "439", "tehsil_cod": "3843", "block_code": "4060", "village_co": "515578", "lgd_code": "515578", "built_up_a": 1, "village_na": "Suragpur", "area_desc": null, "name": "Suragpur", "owner_name": null, "property_i": null, "property_c": null, "area_sqm": 71.49457359, "roof_type": 4, "no_floors": 0, "remarks": null, "adl_info": null, "gp_code": "155028", "gp_name": "SURAGPUR", "d_pan_code": 398, "d_pan_name": "Amreli", "b_pan_code": 4422, "b_pan_name": "Amreli", "sourceofda": null, "area_geo": 71.49457359, "st_area_sh": 83.20797418, "st_length_": 40.2452325187 }, "geometry": { "type": "MultiPolygon", "coordinates": [ [ [ [ 7938358.02419999986887, 2474042.432399999350309 ], [ 7938343.903000000864267, 2474043.516100000590086 ], [ 7938343.777100000530481, 2474049.372299998998642 ], [ 7938358.119899999350309, 2474048.271600000560284 ], [ 7938358.02419999986887, 2474042.432399999350309 ] ] ] ] } },
{ "type": "Feature", "properties": { "objectid": 314674, "globalid": "{00000000-0000-0000-0000-000000000000}", "uniq_id": null, "state_code": "24", "district_c": "438", "tehsil_cod": "3782", "block_code": "4052", "village_co": "511638", "lgd_code": "511638", "built_up_a": 1, "village_na": "Lalpur", "area_desc": null, "name": "Lalpur", "owner_name": null, "property_i": null, "property_c": null, "area_sqm": 11.92486853, "roof_type": 4, "no_floors": 0, "remarks": null, "adl_info": null, "gp_code": "276150", "gp_name": "KUBADTHAL - LALPUR", "d_pan_code": 397, "d_pan_name": "Ahmedabad", "b_pan_code": 4414, "b_pan_name": "Daskroi", "sourceofda": null, "area_geo": 11.92486853, "st_area_sh": 14.147928745, "st_length_": 15.364692333100001 }, "geometry": { "type": "MultiPolygon", "coordinates": [ [ [ [ 8099347.206900000572205, 2637003.595199998468161 ], [ 8099342.767700001597404, 2637002.304299999028444 ], [ 8099341.83559999987483, 2637005.206599999219179 ], [ 8099344.606600001454353, 2637006.034499999135733 ], [ 8099346.253499999642372, 2637006.526500001549721 ], [ 8099347.206900000572205, 2637003.595199998468161 ] ] ] ] } },
{ "type": "Feature", "properties": { "objectid": 314294, "globalid": "{00000000-0000-0000-0000-000000000000}", "uniq_id": null, "state_code": "24", "district_c": "439", "tehsil_cod": "3843", "block_code": "4060", "village_co": "515578", "lgd_code": "515578", "built_up_a": 1, "village_na": "Suragpur", "area_desc": null, "name": "Suragpur", "owner_name": null, "property_i": null, "property_c": null, "area_sqm": 155.87685268000001, "roof_type": 1, "no_floors": 0, "remarks": null, "adl_info": null, "gp_code": "155028", "gp_name": "SURAGPUR", "d_pan_code": 398, "d_pan_name": "Amreli", "b_pan_code": 4422, "b_pan_name": "Amreli", "sourceofda": null, "area_geo": 155.87685268000001, "st_area_sh": 181.41599035499999, "st_length_": 63.595627483800001 }, "geometry": { "type": "MultiPolygon", "coordinates": [ [ [ [ 7938362.1096, 2474091.853399999439716 ], [ 7938362.070000000298023, 2474085.483399998396635 ], [ 7938352.644200000911951, 2474086.310199998319149 ], [ 7938352.5449, 2474080.026299998164177 ], [ 7938343.104800000786781, 2474080.651900000870228 ], [ 7938342.83219999819994, 2474093.332899998873472 ], [ 7938362.1096, 2474091.853399999439716 ] ] ] ] } },
{ "type": "Feature", "properties": { "objectid": 314307, "globalid": "{00000000-0000-0000-0000-000000000000}", "uniq_id": null, "state_code": "24", "district_c": "439", "tehsil_cod": "3843", "block_code": "4060", "village_co": "515578", "lgd_code": "515578", "built_up_a": 1, "village_na": "Suragpur", "area_desc": null, "name": "Suragpur", "owner_name": null, "property_i": null, "property_c": null, "area_sqm": 16.08280098, "roof_type": 1, "no_floors": 0, "remarks": null, "adl_info": null, "gp_code": "155028", "gp_name": "SURAGPUR", "d_pan_code": 398, "d_pan_name": "Amreli", "b_pan_code": 4422, "b_pan_name": "Amreli", "sourceofda": null, "area_geo": 16.08280098, "st_area_sh": 18.71751897, "st_length_": 17.316660480700001 }, "geometry": { "type": "MultiPolygon", "coordinates": [ [ [ [ 7938425.819699998944998, 2473940.333299998193979 ], [ 7938425.7456, 2473937.798599999397993 ], [ 7938421.657800000160933, 2473937.560499999672174 ], [ 7938421.340300001204014, 2473941.767400000244379 ], [ 7938425.845100000500679, 2473942.267900001257658 ], [ 7938425.819699998944998, 2473940.333299998193979 ] ] ] ] } },
{ "type": "Feature", "properties": { "objectid": 314251, "globalid": "{00000000-0000-0000-0000-000000000000}", "uniq_id": null, "state_code": "24", "district_c": "439", "tehsil_cod": "3843", "block_code": "4060", "village_co": "515578", "lgd_code": "515578", "built_up_a": 1, "village_na": "Suragpur", "area_desc": null, "name": "Suragpur", "owner_name": null, "property_i": null, "property_c": null, "area_sqm": 18.56851099, "roof_type": 4, "no_floors": 0, "remarks": null, "adl_info": null, "gp_code": "155028", "gp_name": "SURAGPUR", "d_pan_code": 398, "d_pan_name": "Amreli", "b_pan_code": 4422, "b_pan_name": "Amreli", "sourceofda": null, "area_geo": 18.56851099, "st_area_sh": 21.61275558, "st_length_": 19.405530639799998 }, "geometry": { "type": "MultiPolygon", "coordinates": [ [ [ [ 7938362.569200001657009, 2474875.867899999022484 ], [ 7938362.804499998688698, 2474872.411299999803305 ], [ 7938356.580800000578165, 2474871.987500000745058 ], [ 7938356.345400001853704, 2474875.4441 ], [ 7938362.569200001657009, 2474875.867899999022484 ] ] ] ] } },
{ "type": "Feature", "properties": { "objectid": 314273, "globalid": "{00000000-0000-0000-0000-000000000000}", "uniq_id": null, "state_code": "24", "district_c": "439", "tehsil_cod": "3843", "block_code": "4060", "village_co": "515578", "lgd_code": "515578", "built_up_a": 1, "village_na": "Suragpur", "area_desc": null, "name": "Suragpur", "owner_name": null, "property_i": null, "property_c": null, "area_sqm": 56.23509961, "roof_type": 4, "no_floors": 0, "remarks": null, "adl_info": null, "gp_code": "155028", "gp_name": "SURAGPUR", "d_pan_code": 398, "d_pan_name": "Amreli", "b_pan_code": 4422, "b_pan_name": "Amreli", "sourceofda": null, "area_geo": 56.23509961, "st_area_sh": 65.449850595000001, "st_length_": 33.349220543599998 }, "geometry": { "type": "MultiPolygon", "coordinates": [ [ [ [ 7938455.863299999386072, 2474236.366799999028444 ], [ 7938455.742199998348951, 2474230.045800000429153 ], [ 7938445.391600001603365, 2474230.244100000709295 ], [ 7938445.512800000607967, 2474236.565099999308586 ], [ 7938455.863299999386072, 2474236.366799999028444 ] ] ] ] } },
{ "type": "Feature", "properties": { "objectid": 314265, "globalid": "{00000000-0000-0000-0000-000000000000}", "uniq_id": null, "state_code": "24", "district_c": "439", "tehsil_cod": "3843", "block_code": "4060", "village_co": "515578", "lgd_code": "515578", "built_up_a": 1, "village_na": "Suragpur", "area_desc": null, "name": "Suragpur", "owner_name": null, "property_i": null, "property_c": null, "area_sqm": 24.14349288, "roof_type": 4, "no_floors": 0, "remarks": null, "adl_info": null, "gp_code": "155028", "gp_name": "SURAGPUR", "d_pan_code": 398, "d_pan_name": "Amreli", "b_pan_code": 4422, "b_pan_name": "Amreli", "sourceofda": null, "area_geo": 24.14349288, "st_area_sh": 28.099768625, "st_length_": 21.6089121887 }, "geometry": { "type": "MultiPolygon", "coordinates": [ [ [ [ 7938427.049600001424551, 2474264.712499998509884 ], [ 7938432.764699999243021, 2474264.714800000190735 ], [ 7938432.445000000298023, 2474260.033399999141693 ], [ 7938426.102000001817942, 2474260.605500001460314 ], [ 7938426.361699998378754, 2474264.741599999368191 ], [ 7938427.049600001424551, 2474264.712499998509884 ] ] ] ] } },
{ "type": "Feature", "properties": { "objectid": 314775, "globalid": "{00000000-0000-0000-0000-000000000000}", "uniq_id": null, "state_code": "24", "district_c": "438", "tehsil_cod": "3782", "block_code": "4052", "village_co": "511638", "lgd_code": "511638", "built_up_a": 1, "village_na": "Lalpur", "area_desc": null, "name": "Lalpur", "owner_name": null, "property_i": null, "property_c": null, "area_sqm": 121.77059784, "roof_type": 1, "no_floors": 0, "remarks": null, "adl_info": null, "gp_code": "276150", "gp_name": "KUBADTHAL - LALPUR", "d_pan_code": 397, "d_pan_name": "Ahmedabad", "b_pan_code": 4414, "b_pan_name": "Daskroi", "sourceofda": null, "area_geo": 121.77059784, "st_area_sh": 144.47358177000001, "st_length_": 49.023141113199998 }, "geometry": { "type": "MultiPolygon", "coordinates": [ [ [ [ 8099274.137200001627207, 2637132.0135000012815 ], [ 8099274.753800000995398, 2637132.071800000965595 ], [ 8099274.24100000038743, 2637136.864599999040365 ], [ 8099287.491999998688698, 2637138.282400000840425 ], [ 8099288.595600001513958, 2637127.967999998480082 ], [ 8099274.822799999266863, 2637126.071899998933077 ], [ 8099274.137200001627207, 2637132.0135000012815 ] ] ] ] } },
{ "type": "Feature", "properties": { "objectid": 314533, "globalid": "{00000000-0000-0000-0000-000000000000}", "uniq_id": null, "state_code": "24", "district_c": "438", "tehsil_cod": "3782", "block_code": "4052", "village_co": "511638", "lgd_code": "511638", "built_up_a": 1, "village_na": "Lalpur", "area_desc": null, "name": "Lalpur", "owner_name": null, "property_i": null, "property_c": null, "area_sqm": 9.92805932, "roof_type": 1, "no_floors": 0, "remarks": null, "adl_info": null, "gp_code": "276150", "gp_name": "KUBADTHAL - LALPUR", "d_pan_code": 397, "d_pan_name": "Ahmedabad", "b_pan_code": 4414, "b_pan_name": "Daskroi", "sourceofda": null, "area_geo": 9.92805932, "st_area_sh": 11.77874712, "st_length_": 14.002824136799999 }, "geometry": { "type": "MultiPolygon", "coordinates": [ [ [ [ 8099305.039299998432398, 2636919.940200001001358 ], [ 8099305.178300000727177, 2636917.133000001311302 ], [ 8099300.992600001394749, 2636916.925799999386072 ], [ 8099300.853700000792742, 2636919.732999999076128 ], [ 8099305.039299998432398, 2636919.940200001001358 ] ] ] ] } },
{ "type": "Feature", "properties": { "objectid": 314684, "globalid": "{00000000-0000-0000-0000-000000000000}", "uniq_id": null, "state_code": "24", "district_c": "438", "tehsil_cod": "3782", "block_code": "4052", "village_co": "511638", "lgd_code": "511638", "built_up_a": 1, "village_na": "Lalpur", "area_desc": null, "name": "Lalpur", "owner_name": null, "property_i": null, "property_c": null, "area_sqm": 33.44182989, "roof_type": 4, "no_floors": 0, "remarks": null, "adl_info": null, "gp_code": "276150", "gp_name": "KUBADTHAL - LALPUR", "d_pan_code": 397, "d_pan_name": "Ahmedabad", "b_pan_code": 4414, "b_pan_name": "Daskroi", "sourceofda": null, "area_geo": 33.44182989, "st_area_sh": 39.67612542, "st_length_": 25.690755294399999 }, "geometry": { "type": "MultiPolygon", "coordinates": [ [ [ [ 8099383.85249999910593, 2637001.700599998235703 ], [ 8099376.136900000274181, 2637000.353300001472235 ], [ 8099375.585499998182058, 2637005.515000000596046 ], [ 8099382.961500000208616, 2637006.803100001066923 ], [ 8099383.85249999910593, 2637001.700599998235703 ] ] ] ] } },
{ "type": "Feature", "properties": { "objectid": 314389, "globalid": "{00000000-0000-0000-0000-000000000000}", "uniq_id": null, "state_code": "24", "district_c": "439", "tehsil_cod": "3843", "block_code": "4060", "village_co": "515578", "lgd_code": "515578", "built_up_a": 1, "village_na": "Suragpur", "area_desc": null, "name": "Suragpur", "owner_name": null, "property_i": null, "property_c": null, "area_sqm": 204.5474659, "roof_type": 1, "no_floors": 0, "remarks": null, "adl_info": null, "gp_code": "155028", "gp_name": "SURAGPUR", "d_pan_code": 398, "d_pan_name": "Amreli", "b_pan_code": 4422, "b_pan_name": "Amreli", "sourceofda": null, "area_geo": 204.5474659, "st_area_sh": 238.05700776500001, "st_length_": 74.122712605000004 }, "geometry": { "type": "MultiPolygon", "coordinates": [ [ [ [ 7938335.333700001239777, 2473944.118299998342991 ], [ 7938333.093899998813868, 2473936.758600000292063 ], [ 7938308.785700000822544, 2473944.702500000596046 ], [ 7938312.061000000685453, 2473955.815099999308586 ], [ 7938316.226399999111891, 2473954.466600000858307 ], [ 7938315.551699999719858, 2473952.125 ], [ 7938331.9824, 2473946.568799998611212 ], [ 7938331.664900001138449, 2473945.378100000321865 ], [ 7938335.333700001239777, 2473944.118299998342991 ] ] ] ] } },
{ "type": "Feature", "properties": { "objectid": 314738, "globalid": "{00000000-0000-0000-0000-000000000000}", "uniq_id": null, "state_code": "24", "district_c": "438", "tehsil_cod": "3782", "block_code": "4052", "village_co": "511638", "lgd_code": "511638", "built_up_a": 1, "village_na": "Lalpur", "area_desc": null, "name": "Lalpur", "owner_name": null, "property_i": null, "property_c": null, "area_sqm": 67.83221037, "roof_type": 4, "no_floors": 0, "remarks": null, "adl_info": null, "gp_code": "276150", "gp_name": "KUBADTHAL - LALPUR", "d_pan_code": 397, "d_pan_name": "Ahmedabad", "b_pan_code": 4414, "b_pan_name": "Daskroi", "sourceofda": null, "area_geo": 67.83221037, "st_area_sh": 80.4777331, "st_length_": 41.740867861600002 }, "geometry": { "type": "MultiPolygon", "coordinates": [ [ [ [ 8099289.902100000530481, 2637009.801899999380112 ], [ 8099290.553399998694658, 2637008.656500000506639 ], [ 8099289.382100000977516, 2637007.806000001728535 ], [ 8099288.337000001221895, 2637009.1554000005126 ], [ 8099286.617199998348951, 2637007.726599998772144 ], [ 8099276.0603, 2637016.9342 ], [ 8099278.6266999989748, 2637020.955800000578165 ], [ 8099280.081900000572205, 2637020.307599999010563 ], [ 8099282.317699998617172, 2637019.156700000166893 ], [ 8099284.632800001651049, 2637017.198699999600649 ], [ 8099287.119899999350309, 2637014.125199999660254 ], [ 8099288.6809, 2637012.11430000141263 ], [ 8099289.902100000530481, 2637009.801899999380112 ] ] ] ] } },
{ "type": "Feature", "properties": { "objectid": 314451, "globalid": "{00000000-0000-0000-0000-000000000000}", "uniq_id": null, "state_code": "24", "district_c": "439", "tehsil_cod": "3843", "block_code": "4060", "village_co": "515578", "lgd_code": "515578", "built_up_a": 1, "village_na": "Suragpur", "area_desc": null, "name": "Suragpur", "owner_name": null, "property_i": null, "property_c": null, "area_sqm": 341.89462482, "roof_type": 1, "no_floors": 0, "remarks": null, "adl_info": null, "gp_code": "155028", "gp_name": "SURAGPUR", "d_pan_code": 398, "d_pan_name": "Amreli", "b_pan_code": 4422, "b_pan_name": "Amreli", "sourceofda": null, "area_geo": 341.89462482, "st_area_sh": 397.89977872499998, "st_length_": 130.51022968800001 }, "geometry": { "type": "MultiPolygon", "coordinates": [ [ [ [ 7938487.432100001722574, 2473845.160199999809265 ], [ 7938485.933400001376867, 2473840.596700001507998 ], [ 7938474.6886, 2473844.400100000202656 ], [ 7938474.920099999755621, 2473844.929200001060963 ], [ 7938472.704199999570847, 2473845.656800001859665 ], [ 7938464.54839999973774, 2473821.213700000196695 ], [ 7938471.533399999141693, 2473819.2029 ], [ 7938470.067200001329184, 2473814.804099999368191 ], [ 7938455.054699998348951, 2473819.655999999493361 ], [ 7938465.740800000727177, 2473852.529899999499321 ], [ 7938487.432100001722574, 2473845.160199999809265 ] ] ] ] } },
{ "type": "Feature", "properties": { "objectid": 314314, "globalid": "{00000000-0000-0000-0000-000000000000}", "uniq_id": null, "state_code": "24", "district_c": "439", "tehsil_cod": "3843", "block_code": "4060", "village_co": "515578", "lgd_code": "515578", "built_up_a": 1, "village_na": "Suragpur", "area_desc": null, "name": "Suragpur", "owner_name": null, "property_i": null, "property_c": null, "area_sqm": 29.70395172, "roof_type": 1, "no_floors": 0, "remarks": null, "adl_info": null, "gp_code": "155028", "gp_name": "SURAGPUR", "d_pan_code": 398, "d_pan_name": "Amreli", "b_pan_code": 4422, "b_pan_name": "Amreli", "sourceofda": null, "area_geo": 29.70395172, "st_area_sh": 34.57005298, "st_length_": 24.276430546499999 }, "geometry": { "type": "MultiPolygon", "coordinates": [ [ [ [ 7938392.491700001060963, 2473926.504700001329184 ], [ 7938400.065400000661612, 2473926.471700001507998 ], [ 7938400.045499999076128, 2473921.907299999147654 ], [ 7938392.471799999475479, 2473921.94029999896884 ], [ 7938392.491700001060963, 2473926.504700001329184 ] ] ] ] } },
{ "type": "Feature", "properties": { "objectid": 314779, "globalid": "{00000000-0000-0000-0000-000000000000}", "uniq_id": null, "state_code": "24", "district_c": "438", "tehsil_cod": "3782", "block_code": "4052", "village_co": "511638", "lgd_code": "511638", "built_up_a": 1, "village_na": "Lalpur", "area_desc": null, "name": "Lalpur", "owner_name": null, "property_i": null, "property_c": null, "area_sqm": 47.42208864, "roof_type": 4, "no_floors": 0, "remarks": null, "adl_info": null, "gp_code": "276150", "gp_name": "KUBADTHAL - LALPUR", "d_pan_code": 397, "d_pan_name": "Ahmedabad", "b_pan_code": 4414, "b_pan_name": "Daskroi", "sourceofda": null, "area_geo": 47.42208864, "st_area_sh": 56.26361322, "st_length_": 30.90720011 }, "geometry": { "type": "MultiPolygon", "coordinates": [ [ [ [ 8099296.831599999219179, 2637146.529699999839067 ], [ 8099296.056499999016523, 2637152.350499998778105 ], [ 8099305.554200001060963, 2637153.6151 ], [ 8099306.329199999570847, 2637147.794399999082088 ], [ 8099296.831599999219179, 2637146.529699999839067 ] ] ] ] } },
{ "type": "Feature", "properties": { "objectid": 314504, "globalid": "{00000000-0000-0000-0000-000000000000}", "uniq_id": null, "state_code": "24", "district_c": "438", "tehsil_cod": "3782", "block_code": "4052", "village_co": "511638", "lgd_code": "511638", "built_up_a": 2, "village_na": "Lalpur", "area_desc": null, "name": "Lalpur", "owner_name": null, "property_i": null, "property_c": null, "area_sqm": 127.30506267, "roof_type": 1, "no_floors": 0, "remarks": null, "adl_info": null, "gp_code": "276150", "gp_name": "KUBADTHAL - LALPUR", "d_pan_code": 397, "d_pan_name": "Ahmedabad", "b_pan_code": 4414, "b_pan_name": "Daskroi", "sourceofda": null, "area_geo": 127.30506267, "st_area_sh": 151.035068215, "st_length_": 53.944453959400001 }, "geometry": { "type": "MultiPolygon", "coordinates": [ [ [ [ 8099175.898699998855591, 2636861.58559999987483 ], [ 8099175.264800000935793, 2636864.099300000816584 ], [ 8099174.920800000429153, 2636864.1787 ], [ 8099174.391600001603365, 2636864.602000001817942 ], [ 8099174.047699999064207, 2636865.316399998962879 ], [ 8099174.047699999064207, 2636866.057300001382828 ], [ 8099174.285799998790026, 2636866.665800001472235 ], [ 8099174.5504, 2636866.930399999022484 ], [ 8099174.285799998790026, 2636868.359099999070168 ], [ 8099170.952100001275539, 2636867.565400000661612 ], [ 8099169.936599999666214, 2636871.732299998402596 ], [ 8099185.441300000995398, 2636875.690000001341105 ], [ 8099186.727899998426437, 2636864.349800001829863 ], [ 8099175.898699998855591, 2636861.58559999987483 ] ] ] ] } },
{ "type": "Feature", "properties": { "objectid": 314281, "globalid": "{00000000-0000-0000-0000-000000000000}", "uniq_id": null, "state_code": "24", "district_c": "439", "tehsil_cod": "3843", "block_code": "4060", "village_co": "515578", "lgd_code": "515578", "built_up_a": 1, "village_na": "Suragpur", "area_desc": null, "name": "Suragpur", "owner_name": null, "property_i": null, "property_c": null, "area_sqm": 74.16817885, "roof_type": 4, "no_floors": 0, "remarks": null, "adl_info": null, "gp_code": "155028", "gp_name": "SURAGPUR", "d_pan_code": 398, "d_pan_name": "Amreli", "b_pan_code": 4422, "b_pan_name": "Amreli", "sourceofda": null, "area_geo": 74.16817885, "st_area_sh": 86.321268325000005, "st_length_": 43.198734932199997 }, "geometry": { "type": "MultiPolygon", "coordinates": [ [ [ [ 7938853.792899999767542, 2474221.414299998432398 ], [ 7938853.316599998623133, 2474205.115899998694658 ], [ 7938848.02479999884963, 2474205.270599998533726 ], [ 7938848.5011, 2474221.568900000303984 ], [ 7938853.792899999767542, 2474221.414299998432398 ] ] ] ] } },
{ "type": "Feature", "properties": { "objectid": 314608, "globalid": "{00000000-0000-0000-0000-000000000000}", "uniq_id": null, "state_code": "24", "district_c": "438", "tehsil_cod": "3782", "block_code": "4052", "village_co": "511638", "lgd_code": "511638", "built_up_a": 2, "village_na": "Lalpur", "area_desc": null, "name": "Lalpur", "owner_name": null, "property_i": null, "property_c": null, "area_sqm": 9.6583059, "roof_type": 1, "no_floors": 0, "remarks": null, "adl_info": null, "gp_code": "276150", "gp_name": "KUBADTHAL - LALPUR", "d_pan_code": 397, "d_pan_name": "Ahmedabad", "b_pan_code": 4414, "b_pan_name": "Daskroi", "sourceofda": null, "area_geo": 9.6583059, "st_area_sh": 11.45873308, "st_length_": 14.284786174700001 }, "geometry": { "type": "MultiPolygon", "coordinates": [ [ [ [ 8099447.445799998939037, 2636933.530499998480082 ], [ 8099445.025199998170137, 2636933.281800001859665 ], [ 8099444.543999999761581, 2636937.9662000015378 ], [ 8099446.964600000530481, 2636938.214899998158216 ], [ 8099447.445799998939037, 2636933.530499998480082 ] ] ] ] } },
{ "type": "Feature", "properties": { "objectid": 314452, "globalid": "{00000000-0000-0000-0000-000000000000}", "uniq_id": null, "state_code": "24", "district_c": "439", "tehsil_cod": "3843", "block_code": "4060", "village_co": "515578", "lgd_code": "515578", "built_up_a": 1, "village_na": "Suragpur", "area_desc": null, "name": "Suragpur", "owner_name": null, "property_i": null, "property_c": null, "area_sqm": 77.247623, "roof_type": 1, "no_floors": 0, "remarks": null, "adl_info": null, "gp_code": "155028", "gp_name": "SURAGPUR", "d_pan_code": 398, "d_pan_name": "Amreli", "b_pan_code": 4422, "b_pan_name": "Amreli", "sourceofda": null, "area_geo": 77.247623, "st_area_sh": 89.901543055000005, "st_length_": 42.0961826554 }, "geometry": { "type": "MultiPolygon", "coordinates": [ [ [ [ 7938461.289599999785423, 2473848.1831 ], [ 7938459.414200000464916, 2473842.524000000208616 ], [ 7938445.24040000140667, 2473847.691199999302626 ], [ 7938447.115699999034405, 2473853.350299999117851 ], [ 7938461.289599999785423, 2473848.1831 ] ] ] ] } },
{ "type": "Feature", "properties": { "objectid": 314278, "globalid": "{00000000-0000-0000-0000-000000000000}", "uniq_id": null, "state_code": "24", "district_c": "439", "tehsil_cod": "3843", "block_code": "4060", "village_co": "515578", "lgd_code": "515578", "built_up_a": 1, "village_na": "Suragpur", "area_desc": null, "name": "Suragpur", "owner_name": null, "property_i": null, "property_c": null, "area_sqm": 57.15960713, "roof_type": 4, "no_floors": 0, "remarks": null, "adl_info": null, "gp_code": "155028", "gp_name": "SURAGPUR", "d_pan_code": 398, "d_pan_name": "Amreli", "b_pan_code": 4422, "b_pan_name": "Amreli", "sourceofda": null, "area_geo": 57.15960713, "st_area_sh": 66.525943095000002, "st_length_": 33.019130438600001 }, "geometry": { "type": "MultiPolygon", "coordinates": [ [ [ [ 7938470.694600000977516, 2474242.21680000051856 ], [ 7938461.137200001627207, 2474242.1114999987185 ], [ 7938461.0603, 2474249.095300000160933 ], [ 7938470.552200000733137, 2474249.199799999594688 ], [ 7938470.694600000977516, 2474242.21680000051856 ] ] ] ] } },
{ "type": "Feature", "properties": { "objectid": 314481, "globalid": "{00000000-0000-0000-0000-000000000000}", "uniq_id": null, "state_code": "24", "district_c": "438", "tehsil_cod": "3782", "block_code": "4052", "village_co": "511638", "lgd_code": "511638", "built_up_a": 2, "village_na": "Lalpur", "area_desc": null, "name": "Lalpur", "owner_name": null, "property_i": null, "property_c": null, "area_sqm": 2.87725359, "roof_type": 1, "no_floors": 0, "remarks": null, "adl_info": null, "gp_code": "276150", "gp_name": "KUBADTHAL - LALPUR", "d_pan_code": 397, "d_pan_name": "Ahmedabad", "b_pan_code": 4414, "b_pan_name": "Daskroi", "sourceofda": null, "area_geo": 2.87725359, "st_area_sh": 3.413582075, "st_length_": 9.5437219843999994 }, "geometry": { "type": "MultiPolygon", "coordinates": [ [ [ [ 8099126.048300001770258, 2636869.598000001162291 ], [ 8099125.831599999219179, 2636870.447000000625849 ], [ 8099129.606199998408556, 2636871.410399999469519 ], [ 8099129.822900000959635, 2636870.561299998313189 ], [ 8099126.048300001770258, 2636869.598000001162291 ] ] ] ] } },
{ "type": "Feature", "properties": { "objectid": 314493, "globalid": "{00000000-0000-0000-0000-000000000000}", "uniq_id": null, "state_code": "24", "district_c": "438", "tehsil_cod": "3782", "block_code": "4052", "village_co": "511638", "lgd_code": "511638", "built_up_a": 1, "village_na": "Lalpur", "area_desc": null, "name": "Lalpur", "owner_name": null, "property_i": null, "property_c": null, "area_sqm": 34.55267524, "roof_type": 4, "no_floors": 0, "remarks": null, "adl_info": null, "gp_code": "276150", "gp_name": "KUBADTHAL - LALPUR", "d_pan_code": 397, "d_pan_name": "Ahmedabad", "b_pan_code": 4414, "b_pan_name": "Daskroi", "sourceofda": null, "area_geo": 34.55267524, "st_area_sh": 40.99281874, "st_length_": 35.062065916800002 }, "geometry": { "type": "MultiPolygon", "coordinates": [ [ [ [ 8099127.483899999409914, 2636752.346400000154972 ], [ 8099127.166400000452995, 2636754.171999998390675 ], [ 8099138.834600001573563, 2636757.505800001323223 ], [ 8099139.072700001299381, 2636756.235800001770258 ], [ 8099141.236000001430511, 2636756.810699999332428 ], [ 8099141.533300001174212, 2636755.087499998509884 ], [ 8099137.141199998557568, 2636753.976199999451637 ], [ 8099137.352899998426437, 2636752.600400000810623 ], [ 8099127.483899999409914, 2636752.346400000154972 ] ] ] ] } },
{ "type": "Feature", "properties": { "objectid": 314705, "globalid": "{00000000-0000-0000-0000-000000000000}", "uniq_id": null, "state_code": "24", "district_c": "438", "tehsil_cod": "3782", "block_code": "4052", "village_co": "511638", "lgd_code": "511638", "built_up_a": 1, "village_na": "Lalpur", "area_desc": null, "name": "Lalpur", "owner_name": null, "property_i": null, "property_c": null, "area_sqm": 7.67989027, "roof_type": 4, "no_floors": 0, "remarks": null, "adl_info": null, "gp_code": "276150", "gp_name": "KUBADTHAL - LALPUR", "d_pan_code": 397, "d_pan_name": "Ahmedabad", "b_pan_code": 4414, "b_pan_name": "Daskroi", "sourceofda": null, "area_geo": 7.67989027, "st_area_sh": 9.11160682, "st_length_": 12.074444765799999 }, "geometry": { "type": "MultiPolygon", "coordinates": [ [ [ [ 8099312.926699999719858, 2637016.26969999819994 ], [ 8099309.920800000429153, 2637015.823899999260902 ], [ 8099309.480900000780821, 2637018.789900001138449 ], [ 8099312.4868, 2637019.2357 ], [ 8099312.926699999719858, 2637016.26969999819994 ] ] ] ] } },
{ "type": "Feature", "properties": { "objectid": 314415, "globalid": "{00000000-0000-0000-0000-000000000000}", "uniq_id": null, "state_code": "24", "district_c": "439", "tehsil_cod": "3843", "block_code": "4060", "village_co": "515578", "lgd_code": "515578", "built_up_a": 1, "village_na": "Suragpur", "area_desc": null, "name": "Suragpur", "owner_name": null, "property_i": null, "property_c": null, "area_sqm": 128.71781583000001, "roof_type": 4, "no_floors": 0, "remarks": null, "adl_info": null, "gp_code": "155028", "gp_name": "SURAGPUR", "d_pan_code": 398, "d_pan_name": "Amreli", "b_pan_code": 4422, "b_pan_name": "Amreli", "sourceofda": null, "area_geo": 128.71781583000001, "st_area_sh": 149.804928795, "st_length_": 62.633589723199997 }, "geometry": { "type": "MultiPolygon", "coordinates": [ [ [ [ 7938313.010800000280142, 2473956.812600001692772 ], [ 7938314.940000001341105, 2473963.3581000007689 ], [ 7938338.249699998646975, 2473955.750500001013279 ], [ 7938336.51969999819994, 2473950.065900001674891 ], [ 7938317.896000001579523, 2473956.144099999219179 ], [ 7938317.647100001573563, 2473955.299499999731779 ], [ 7938313.010800000280142, 2473956.812600001692772 ] ] ] ] } },
{ "type": "Feature", "properties": { "objectid": 314465, "globalid": "{00000000-0000-0000-0000-000000000000}", "uniq_id": null, "state_code": "24", "district_c": "439", "tehsil_cod": "3843", "block_code": "4060", "village_co": "515578", "lgd_code": "515578", "built_up_a": 1, "village_na": "Suragpur", "area_desc": null, "name": "Suragpur", "owner_name": null, "property_i": null, "property_c": null, "area_sqm": 78.15504229, "roof_type": 4, "no_floors": 0, "remarks": null, "adl_info": null, "gp_code": "155028", "gp_name": "SURAGPUR", "d_pan_code": 398, "d_pan_name": "Amreli", "b_pan_code": 4422, "b_pan_name": "Amreli", "sourceofda": null, "area_geo": 78.15504229, "st_area_sh": 90.957801285000002, "st_length_": 43.613650140700003 }, "geometry": { "type": "MultiPolygon", "coordinates": [ [ [ [ 7938422.8191, 2473873.386 ], [ 7938417.793999999761581, 2473858.011399999260902 ], [ 7938412.454700000584126, 2473859.911499999463558 ], [ 7938417.5735, 2473875.276700001209974 ], [ 7938422.8191, 2473873.386 ] ] ] ] } },
{ "type": "Feature", "properties": { "objectid": 314700, "globalid": "{00000000-0000-0000-0000-000000000000}", "uniq_id": null, "state_code": "24", "district_c": "438", "tehsil_cod": "3782", "block_code": "4052", "village_co": "511638", "lgd_code": "511638", "built_up_a": 1, "village_na": "Lalpur", "area_desc": null, "name": "Lalpur", "owner_name": null, "property_i": null, "property_c": null, "area_sqm": 37.6844116, "roof_type": 1, "no_floors": 0, "remarks": null, "adl_info": null, "gp_code": "276150", "gp_name": "KUBADTHAL - LALPUR", "d_pan_code": 397, "d_pan_name": "Ahmedabad", "b_pan_code": 4414, "b_pan_name": "Daskroi", "sourceofda": null, "area_geo": 37.6844116, "st_area_sh": 44.70955672, "st_length_": 27.3669669674 }, "geometry": { "type": "MultiPolygon", "coordinates": [ [ [ [ 8099398.194299999624491, 2636989.496399998664856 ], [ 8099396.079500000923872, 2636989.407999999821186 ], [ 8099395.854299999773502, 2636994.796100001782179 ], [ 8099397.969099998474121, 2636994.884399998933077 ], [ 8099404.137800000607967, 2636995.142200000584126 ], [ 8099404.363000001758337, 2636989.754200000315905 ], [ 8099398.194299999624491, 2636989.496399998664856 ] ] ] ] } },
{ "type": "Feature", "properties": { "objectid": 314285, "globalid": "{00000000-0000-0000-0000-000000000000}", "uniq_id": null, "state_code": "24", "district_c": "439", "tehsil_cod": "3843", "block_code": "4060", "village_co": "515578", "lgd_code": "515578", "built_up_a": 1, "village_na": "Suragpur", "area_desc": null, "name": "Suragpur", "owner_name": null, "property_i": null, "property_c": null, "area_sqm": 85.62537786, "roof_type": 4, "no_floors": 0, "remarks": null, "adl_info": null, "gp_code": "155028", "gp_name": "SURAGPUR", "d_pan_code": 398, "d_pan_name": "Amreli", "b_pan_code": 4422, "b_pan_name": "Amreli", "sourceofda": null, "area_geo": 85.62537786, "st_area_sh": 99.653408525000003, "st_length_": 44.488755056400002 }, "geometry": { "type": "MultiPolygon", "coordinates": [ [ [ [ 7938106.468100000172853, 2473996.046500001102686 ], [ 7938090.934500001370907, 2474000.868200000375509 ], [ 7938092.779899999499321, 2474006.813200000673532 ], [ 7938107.825199998915195, 2474002.14299999922514 ], [ 7938106.468100000172853, 2473996.046500001102686 ] ] ] ] } },
{ "type": "Feature", "properties": { "objectid": 314592, "globalid": "{00000000-0000-0000-0000-000000000000}", "uniq_id": null, "state_code": "24", "district_c": "438", "tehsil_cod": "3782", "block_code": "4052", "village_co": "511638", "lgd_code": "511638", "built_up_a": 1, "village_na": "Lalpur", "area_desc": null, "name": "Lalpur", "owner_name": null, "property_i": null, "property_c": null, "area_sqm": 14.57744116, "roof_type": 1, "no_floors": 0, "remarks": null, "adl_info": null, "gp_code": "276150", "gp_name": "KUBADTHAL - LALPUR", "d_pan_code": 397, "d_pan_name": "Ahmedabad", "b_pan_code": 4414, "b_pan_name": "Daskroi", "sourceofda": null, "area_geo": 14.57744116, "st_area_sh": 17.2947879, "st_length_": 16.748335265400002 }, "geometry": { "type": "MultiPolygon", "coordinates": [ [ [ [ 8099339.7335, 2636905.729200001806021 ], [ 8099339.662399999797344, 2636901.0559 ], [ 8099335.962499998509884, 2636901.112199999392033 ], [ 8099336.033500000834465, 2636905.785399999469519 ], [ 8099339.7335, 2636905.729200001806021 ] ] ] ] } },
{ "type": "Feature", "properties": { "objectid": 314328, "globalid": "{00000000-0000-0000-0000-000000000000}", "uniq_id": null, "state_code": "24", "district_c": "439", "tehsil_cod": "3843", "block_code": "4060", "village_co": "515578", "lgd_code": "515578", "built_up_a": 1, "village_na": "Suragpur", "area_desc": null, "name": "Suragpur", "owner_name": null, "property_i": null, "property_c": null, "area_sqm": 107.57891021, "roof_type": 1, "no_floors": 0, "remarks": null, "adl_info": null, "gp_code": "155028", "gp_name": "SURAGPUR", "d_pan_code": 398, "d_pan_name": "Amreli", "b_pan_code": 4422, "b_pan_name": "Amreli", "sourceofda": null, "area_geo": 107.57891021, "st_area_sh": 125.20350883499999, "st_length_": 50.407790127600002 }, "geometry": { "type": "MultiPolygon", "coordinates": [ [ [ [ 7938367.695599999278784, 2473996.459100000560284 ], [ 7938366.661200001835823, 2473989.532999999821186 ], [ 7938348.588199999183416, 2473994.88120000064373 ], [ 7938350.515299998223782, 2474001.304900001734495 ], [ 7938367.695599999278784, 2473996.459100000560284 ] ] ] ] } },
{ "type": "Feature", "properties": { "objectid": 314401, "globalid": "{00000000-0000-0000-0000-000000000000}", "uniq_id": null, "state_code": "24", "district_c": "439", "tehsil_cod": "3843", "block_code": "4060", "village_co": "515578", "lgd_code": "515578", "built_up_a": 1, "village_na": "Suragpur", "area_desc": null, "name": "Suragpur", "owner_name": null, "property_i": null, "property_c": null, "area_sqm": 89.31594074, "roof_type": 1, "no_floors": 0, "remarks": null, "adl_info": null, "gp_code": "155028", "gp_name": "SURAGPUR", "d_pan_code": 398, "d_pan_name": "Amreli", "b_pan_code": 4422, "b_pan_name": "Amreli", "sourceofda": null, "area_geo": 89.31594074, "st_area_sh": 103.947760395, "st_length_": 42.293144311100001 }, "geometry": { "type": "MultiPolygon", "coordinates": [ [ [ [ 7938343.418400000780821, 2473933.842599999159575 ], [ 7938342.663600001484156, 2473931.554099999368191 ], [ 7938344.2511, 2473931.124200001358986 ], [ 7938342.363000001758337, 2473925.030900001525879 ], [ 7938330.702799998223782, 2473928.901900000870228 ], [ 7938333.276500001549721, 2473937.3585 ], [ 7938343.418400000780821, 2473933.842599999159575 ] ] ] ] } },
{ "type": "Feature", "properties": { "objectid": 314767, "globalid": "{00000000-0000-0000-0000-000000000000}", "uniq_id": null, "state_code": "24", "district_c": "438", "tehsil_cod": "3782", "block_code": "4052", "village_co": "511638", "lgd_code": "511638", "built_up_a": 1, "village_na": "Lalpur", "area_desc": null, "name": "Lalpur", "owner_name": null, "property_i": null, "property_c": null, "area_sqm": 5.29258961, "roof_type": 4, "no_floors": 0, "remarks": null, "adl_info": null, "gp_code": "276150", "gp_name": "KUBADTHAL - LALPUR", "d_pan_code": 397, "d_pan_name": "Ahmedabad", "b_pan_code": 4414, "b_pan_name": "Daskroi", "sourceofda": null, "area_geo": 5.29258961, "st_area_sh": 6.27931737, "st_length_": 11.8879492021 }, "geometry": { "type": "MultiPolygon", "coordinates": [ [ [ [ 8099171.719300001859665, 2637099.20160000026226 ], [ 8099171.789500001817942, 2637097.496500000357628 ], [ 8099168.532000001519918, 2637097.362399999052286 ], [ 8099168.491900000721216, 2637098.336199998855591 ], [ 8099167.515599999576807, 2637098.296100001782179 ], [ 8099167.485500000417233, 2637099.027499999850988 ], [ 8099171.719300001859665, 2637099.20160000026226 ] ] ] ] } },
{ "type": "Feature", "properties": { "objectid": 314623, "globalid": "{00000000-0000-0000-0000-000000000000}", "uniq_id": null, "state_code": "24", "district_c": "438", "tehsil_cod": "3782", "block_code": "4052", "village_co": "511638", "lgd_code": "511638", "built_up_a": 1, "village_na": "Lalpur", "area_desc": null, "name": "Lalpur", "owner_name": null, "property_i": null, "property_c": null, "area_sqm": 83.29174447, "roof_type": 1, "no_floors": 0, "remarks": null, "adl_info": null, "gp_code": "276150", "gp_name": "KUBADTHAL - LALPUR", "d_pan_code": 397, "d_pan_name": "Ahmedabad", "b_pan_code": 4414, "b_pan_name": "Daskroi", "sourceofda": null, "area_geo": 83.29174447, "st_area_sh": 98.81833292, "st_length_": 54.045475065300003 }, "geometry": { "type": "MultiPolygon", "coordinates": [ [ [ [ 8099384.005899999290705, 2636943.0154 ], [ 8099384.020100001245737, 2636939.141800001263618 ], [ 8099387.132399998605251, 2636939.153200000524521 ], [ 8099387.18019999936223, 2636926.1349 ], [ 8099380.74720000103116, 2636926.212699998170137 ], [ 8099380.958799999207258, 2636943.728100001811981 ], [ 8099387.115200001746416, 2636943.847899999469519 ], [ 8099387.118200000375509, 2636943.026799999177456 ], [ 8099384.005899999290705, 2636943.0154 ] ] ] ] } },
{ "type": "Feature", "properties": { "objectid": 314664, "globalid": "{00000000-0000-0000-0000-000000000000}", "uniq_id": null, "state_code": "24", "district_c": "438", "tehsil_cod": "3782", "block_code": "4052", "village_co": "511638", "lgd_code": "511638", "built_up_a": 1, "village_na": "Lalpur", "area_desc": null, "name": "Lalpur", "owner_name": null, "property_i": null, "property_c": null, "area_sqm": 16.18234416, "roof_type": 1, "no_floors": 0, "remarks": null, "adl_info": null, "gp_code": "276150", "gp_name": "KUBADTHAL - LALPUR", "d_pan_code": 397, "d_pan_name": "Ahmedabad", "b_pan_code": 4414, "b_pan_name": "Daskroi", "sourceofda": null, "area_geo": 16.18234416, "st_area_sh": 19.19899888, "st_length_": 18.699040468900002 }, "geometry": { "type": "MultiPolygon", "coordinates": [ [ [ [ 8099348.357700001448393, 2636967.589899998158216 ], [ 8099349.712900001555681, 2636961.412599999457598 ], [ 8099347.062300000339746, 2636960.686999998986721 ], [ 8099346.1919, 2636963.368099998682737 ], [ 8099345.203600000590086, 2636966.778999999165535 ], [ 8099348.357700001448393, 2636967.589899998158216 ] ] ] ] } },
{ "type": "Feature", "properties": { "objectid": 314512, "globalid": "{00000000-0000-0000-0000-000000000000}", "uniq_id": null, "state_code": "24", "district_c": "438", "tehsil_cod": "3782", "block_code": "4052", "village_co": "511638", "lgd_code": "511638", "built_up_a": 1, "village_na": "Lalpur", "area_desc": null, "name": "Lalpur", "owner_name": null, "property_i": null, "property_c": null, "area_sqm": 37.61002854, "roof_type": 4, "no_floors": 0, "remarks": null, "adl_info": null, "gp_code": "276150", "gp_name": "KUBADTHAL - LALPUR", "d_pan_code": 397, "d_pan_name": "Ahmedabad", "b_pan_code": 4414, "b_pan_name": "Daskroi", "sourceofda": null, "area_geo": 37.61002854, "st_area_sh": 44.620832255000003, "st_length_": 28.161387901400001 }, "geometry": { "type": "MultiPolygon", "coordinates": [ [ [ [ 8099295.436099998652935, 2636906.834899999201298 ], [ 8099304.696600001305342, 2636907.099500000476837 ], [ 8099304.834100000560284, 2636902.285000000149012 ], [ 8099295.573699999600649, 2636902.020399998873472 ], [ 8099295.436099998652935, 2636906.834899999201298 ] ] ] ] } },
{ "type": "Feature", "properties": { "objectid": 314348, "globalid": "{00000000-0000-0000-0000-000000000000}", "uniq_id": null, "state_code": "24", "district_c": "439", "tehsil_cod": "3843", "block_code": "4060", "village_co": "515578", "lgd_code": "515578", "built_up_a": 1, "village_na": "Suragpur", "area_desc": null, "name": "Suragpur", "owner_name": null, "property_i": null, "property_c": null, "area_sqm": 11.33317254, "roof_type": 4, "no_floors": 0, "remarks": null, "adl_info": null, "gp_code": "155028", "gp_name": "SURAGPUR", "d_pan_code": 398, "d_pan_name": "Amreli", "b_pan_code": 4422, "b_pan_name": "Amreli", "sourceofda": null, "area_geo": 11.33317254, "st_area_sh": 13.18988592, "st_length_": 14.773748167300001 }, "geometry": { "type": "MultiPolygon", "coordinates": [ [ [ [ 7938325.960200000554323, 2473996.636999998241663 ], [ 7938322.982200000435114, 2473997.183800000697374 ], [ 7938323.6151, 2474001.4967 ], [ 7938326.593100000172853, 2474000.94990000128746 ], [ 7938325.960200000554323, 2473996.636999998241663 ] ] ] ] } },
{ "type": "Feature", "properties": { "objectid": 314635, "globalid": "{00000000-0000-0000-0000-000000000000}", "uniq_id": null, "state_code": "24", "district_c": "438", "tehsil_cod": "3782", "block_code": "4052", "village_co": "511638", "lgd_code": "511638", "built_up_a": 1, "village_na": "Lalpur", "area_desc": null, "name": "Lalpur", "owner_name": null, "property_i": null, "property_c": null, "area_sqm": 57.71940471, "roof_type": 1, "no_floors": 0, "remarks": null, "adl_info": null, "gp_code": "276150", "gp_name": "KUBADTHAL - LALPUR", "d_pan_code": 397, "d_pan_name": "Ahmedabad", "b_pan_code": 4414, "b_pan_name": "Daskroi", "sourceofda": null, "area_geo": 57.71940471, "st_area_sh": 68.47920205, "st_length_": 35.474858359800002 }, "geometry": { "type": "MultiPolygon", "coordinates": [ [ [ [ 8099392.717599999159575, 2636956.47239999845624 ], [ 8099380.7483000010252, 2636954.975400000810623 ], [ 8099380.043499998748302, 2636960.610399998724461 ], [ 8099392.004799999296665, 2636962.1064000017941 ], [ 8099392.717599999159575, 2636956.47239999845624 ] ] ] ] } },
{ "type": "Feature", "properties": { "objectid": 314724, "globalid": "{00000000-0000-0000-0000-000000000000}", "uniq_id": null, "state_code": "24", "district_c": "438", "tehsil_cod": "3782", "block_code": "4052", "village_co": "511638", "lgd_code": "511638", "built_up_a": 1, "village_na": "Lalpur", "area_desc": null, "name": "Lalpur", "owner_name": null, "property_i": null, "property_c": null, "area_sqm": 41.20785803, "roof_type": 4, "no_floors": 0, "remarks": null, "adl_info": null, "gp_code": "276150", "gp_name": "KUBADTHAL - LALPUR", "d_pan_code": 397, "d_pan_name": "Ahmedabad", "b_pan_code": 4414, "b_pan_name": "Daskroi", "sourceofda": null, "area_geo": 41.20785803, "st_area_sh": 48.8903049, "st_length_": 31.8005778918 }, "geometry": { "type": "MultiPolygon", "coordinates": [ [ [ [ 8099289.829500000923872, 2637067.958099998533726 ], [ 8099278.120200000703335, 2637067.267299998551607 ], [ 8099277.872099999338388, 2637071.383499998599291 ], [ 8099289.583700001239777, 2637072.160799998790026 ], [ 8099289.829500000923872, 2637067.958099998533726 ] ] ] ] } },
{ "type": "Feature", "properties": { "objectid": 314680, "globalid": "{00000000-0000-0000-0000-000000000000}", "uniq_id": null, "state_code": "24", "district_c": "438", "tehsil_cod": "3782", "block_code": "4052", "village_co": "511638", "lgd_code": "511638", "built_up_a": 1, "village_na": "Lalpur", "area_desc": null, "name": "Lalpur", "owner_name": null, "property_i": null, "property_c": null, "area_sqm": 4.98849483, "roof_type": 4, "no_floors": 0, "remarks": null, "adl_info": null, "gp_code": "276150", "gp_name": "KUBADTHAL - LALPUR", "d_pan_code": 397, "d_pan_name": "Ahmedabad", "b_pan_code": 4414, "b_pan_name": "Daskroi", "sourceofda": null, "area_geo": 4.98849483, "st_area_sh": 5.918445345, "st_length_": 10.240290829399999 }, "geometry": { "type": "MultiPolygon", "coordinates": [ [ [ [ 8099382.243999999016523, 2636981.434300001710653 ], [ 8099381.878199998289347, 2636983.15089999884367 ], [ 8099385.228399999439716, 2636983.75560000166297 ], [ 8099385.501899998635054, 2636982.003199998289347 ], [ 8099382.243999999016523, 2636981.434300001710653 ] ] ] ] } },
{ "type": "Feature", "properties": { "objectid": 314364, "globalid": "{00000000-0000-0000-0000-000000000000}", "uniq_id": null, "state_code": "24", "district_c": "439", "tehsil_cod": "3843", "block_code": "4060", "village_co": "515578", "lgd_code": "515578", "built_up_a": 1, "village_na": "Suragpur", "area_desc": null, "name": "Suragpur", "owner_name": null, "property_i": null, "property_c": null, "area_sqm": 52.84549244, "roof_type": 4, "no_floors": 0, "remarks": null, "adl_info": null, "gp_code": "155028", "gp_name": "SURAGPUR", "d_pan_code": 398, "d_pan_name": "Amreli", "b_pan_code": 4422, "b_pan_name": "Amreli", "sourceofda": null, "area_geo": 52.84549244, "st_area_sh": 61.502797594999997, "st_length_": 34.231867019799999 }, "geometry": { "type": "MultiPolygon", "coordinates": [ [ [ [ 7938230.101599998772144, 2473952.805599998682737 ], [ 7938234.821600001305342, 2473951.540300000458956 ], [ 7938231.538100000470877, 2473940.028599999845028 ], [ 7938226.619800001382828, 2473941.347100000828505 ], [ 7938229.817899998277426, 2473952.896899998188019 ], [ 7938230.101599998772144, 2473952.805599998682737 ] ] ] ] } },
{ "type": "Feature", "properties": { "objectid": 314499, "globalid": "{00000000-0000-0000-0000-000000000000}", "uniq_id": null, "state_code": "24", "district_c": "438", "tehsil_cod": "3782", "block_code": "4052", "village_co": "511638", "lgd_code": "511638", "built_up_a": 2, "village_na": "Lalpur", "area_desc": null, "name": "Lalpur", "owner_name": null, "property_i": null, "property_c": null, "area_sqm": 101.41607421, "roof_type": 4, "no_floors": 0, "remarks": null, "adl_info": null, "gp_code": "276150", "gp_name": "KUBADTHAL - LALPUR", "d_pan_code": 397, "d_pan_name": "Ahmedabad", "b_pan_code": 4414, "b_pan_name": "Daskroi", "sourceofda": null, "area_geo": 101.41607421, "st_area_sh": 120.3202365, "st_length_": 44.299766466599998 }, "geometry": { "type": "MultiPolygon", "coordinates": [ [ [ [ 8099268.322999998927116, 2636860.715300001204014 ], [ 8099255.493200000375509, 2636858.309599999338388 ], [ 8099253.6114999987185, 2636868.344799999147654 ], [ 8099263.946800000965595, 2636870.282800000160933 ], [ 8099268.322999998927116, 2636860.715300001204014 ] ] ] ] } },
{ "type": "Feature", "properties": { "objectid": 314634, "globalid": "{00000000-0000-0000-0000-000000000000}", "uniq_id": null, "state_code": "24", "district_c": "438", "tehsil_cod": "3782", "block_code": "4052", "village_co": "511638", "lgd_code": "511638", "built_up_a": 1, "village_na": "Lalpur", "area_desc": null, "name": "Lalpur", "owner_name": null, "property_i": null, "property_c": null, "area_sqm": 37.96214027, "roof_type": 4, "no_floors": 0, "remarks": null, "adl_info": null, "gp_code": "276150", "gp_name": "KUBADTHAL - LALPUR", "d_pan_code": 397, "d_pan_name": "Ahmedabad", "b_pan_code": 4414, "b_pan_name": "Daskroi", "sourceofda": null, "area_geo": 37.96214027, "st_area_sh": 45.038907674999997, "st_length_": 27.175142021500001 }, "geometry": { "type": "MultiPolygon", "coordinates": [ [ [ [ 8099392.004799999296665, 2636962.1064000017941 ], [ 8099384.206000000238419, 2636961.131000000983477 ], [ 8099383.352899998426437, 2636966.676399998366833 ], [ 8099391.133699998259544, 2636967.873399998992682 ], [ 8099391.929900001734495, 2636962.698300000280142 ], [ 8099392.004799999296665, 2636962.1064000017941 ] ] ] ] } },
{ "type": "Feature", "properties": { "objectid": 314403, "globalid": "{00000000-0000-0000-0000-000000000000}", "uniq_id": null, "state_code": "24", "district_c": "439", "tehsil_cod": "3843", "block_code": "4060", "village_co": "515578", "lgd_code": "515578", "built_up_a": 1, "village_na": "Suragpur", "area_desc": null, "name": "Suragpur", "owner_name": null, "property_i": null, "property_c": null, "area_sqm": 82.5409716, "roof_type": 1, "no_floors": 0, "remarks": null, "adl_info": null, "gp_code": "155028", "gp_name": "SURAGPUR", "d_pan_code": 398, "d_pan_name": "Amreli", "b_pan_code": 4422, "b_pan_name": "Amreli", "sourceofda": null, "area_geo": 82.5409716, "st_area_sh": 96.062975745000003, "st_length_": 43.168419593599999 }, "geometry": { "type": "MultiPolygon", "coordinates": [ [ [ [ 7938354.830299999564886, 2473939.244699999690056 ], [ 7938352.023299999535084, 2473930.8596 ], [ 7938342.613600000739098, 2473934.121599998325109 ], [ 7938345.391600001603365, 2473943.088599998503923 ], [ 7938346.825300000607967, 2473942.673799999058247 ], [ 7938347.407400000840425, 2473944.552299998700619 ], [ 7938349.7357, 2473943.943799998611212 ], [ 7938348.86259999871254, 2473941.271499998867512 ], [ 7938354.830299999564886, 2473939.244699999690056 ] ] ] ] } },
{ "type": "Feature", "properties": { "objectid": 314698, "globalid": "{00000000-0000-0000-0000-000000000000}", "uniq_id": null, "state_code": "24", "district_c": "438", "tehsil_cod": "3782", "block_code": "4052", "village_co": "511638", "lgd_code": "511638", "built_up_a": 1, "village_na": "Lalpur", "area_desc": null, "name": "Lalpur", "owner_name": null, "property_i": null, "property_c": null, "area_sqm": 56.51445413, "roof_type": 1, "no_floors": 0, "remarks": null, "adl_info": null, "gp_code": "276150", "gp_name": "KUBADTHAL - LALPUR", "d_pan_code": 397, "d_pan_name": "Ahmedabad", "b_pan_code": 4414, "b_pan_name": "Daskroi", "sourceofda": null, "area_geo": 56.51445413, "st_area_sh": 67.04981886, "st_length_": 40.977353164900002 }, "geometry": { "type": "MultiPolygon", "coordinates": [ [ [ [ 8099410.906800001859665, 2636974.857900001108646 ], [ 8099406.075300000607967, 2636974.215900000184774 ], [ 8099407.249400001019239, 2636984.991599999368191 ], [ 8099404.94990000128746, 2636984.937899999320507 ], [ 8099405.1097999997437, 2636988.308899998664856 ], [ 8099411.530299998819828, 2636988.0044 ], [ 8099410.906800001859665, 2636974.857900001108646 ] ] ] ] } },
{ "type": "Feature", "properties": { "objectid": 314244, "globalid": "{00000000-0000-0000-0000-000000000000}", "uniq_id": null, "state_code": "24", "district_c": "439", "tehsil_cod": "3843", "block_code": "4060", "village_co": "515578", "lgd_code": "515578", "built_up_a": 1, "village_na": "Suragpur", "area_desc": null, "name": "Suragpur", "owner_name": null, "property_i": null, "property_c": null, "area_sqm": 52.25050205, "roof_type": 1, "no_floors": 0, "remarks": null, "adl_info": null, "gp_code": "155028", "gp_name": "SURAGPUR", "d_pan_code": 398, "d_pan_name": "Amreli", "b_pan_code": 4422, "b_pan_name": "Amreli", "sourceofda": null, "area_geo": 52.25050205, "st_area_sh": 60.82019956, "st_length_": 32.863839647200003 }, "geometry": { "type": "MultiPolygon", "coordinates": [ [ [ [ 7938414.76969999819994, 2475367.410100001841784 ], [ 7938420.155900001525879, 2475368.41609999909997 ], [ 7938420.188299998641014, 2475368.251200001686811 ], [ 7938420.958599999547005, 2475364.326900001615286 ], [ 7938422.113800000399351, 2475358.441300000995398 ], [ 7938421.885499998927116, 2475358.355599999427795 ], [ 7938416.489500001072884, 2475356.330699998885393 ], [ 7938414.76969999819994, 2475367.410100001841784 ] ] ] ] } },
{ "type": "Feature", "properties": { "objectid": 314556, "globalid": "{00000000-0000-0000-0000-000000000000}", "uniq_id": null, "state_code": "24", "district_c": "438", "tehsil_cod": "3782", "block_code": "4052", "village_co": "511638", "lgd_code": "511638", "built_up_a": 1, "village_na": "Lalpur", "area_desc": null, "name": "Lalpur", "owner_name": null, "property_i": null, "property_c": null, "area_sqm": 20.88602257, "roof_type": 4, "no_floors": 0, "remarks": null, "adl_info": null, "gp_code": "276150", "gp_name": "KUBADTHAL - LALPUR", "d_pan_code": 397, "d_pan_name": "Ahmedabad", "b_pan_code": 4414, "b_pan_name": "Daskroi", "sourceofda": null, "area_geo": 20.88602257, "st_area_sh": 24.77919222, "st_length_": 20.441361623 }, "geometry": { "type": "MultiPolygon", "coordinates": [ [ [ [ 8099362.092300001531839, 2636857.73759999871254 ], [ 8099365.924100000411272, 2636858.714299999177456 ], [ 8099367.471900001168251, 2636852.642099998891354 ], [ 8099363.640099998563528, 2636851.665399998426437 ], [ 8099362.092300001531839, 2636857.73759999871254 ] ] ] ] } },
{ "type": "Feature", "properties": { "objectid": 314519, "globalid": "{00000000-0000-0000-0000-000000000000}", "uniq_id": null, "state_code": "24", "district_c": "438", "tehsil_cod": "3782", "block_code": "4052", "village_co": "511638", "lgd_code": "511638", "built_up_a": 1, "village_na": "Lalpur", "area_desc": null, "name": "Lalpur", "owner_name": null, "property_i": null, "property_c": null, "area_sqm": 6.139808, "roof_type": 4, "no_floors": 0, "remarks": null, "adl_info": null, "gp_code": "276150", "gp_name": "KUBADTHAL - LALPUR", "d_pan_code": 397, "d_pan_name": "Ahmedabad", "b_pan_code": 4414, "b_pan_name": "Daskroi", "sourceofda": null, "area_geo": 6.139808, "st_area_sh": 7.2842905, "st_length_": 11.122023287399999 }, "geometry": { "type": "MultiPolygon", "coordinates": [ [ [ [ 8099323.381400000303984, 2636877.18129999935627 ], [ 8099325.489999998360872, 2636877.061799999326468 ], [ 8099325.294799998402596, 2636873.618299998342991 ], [ 8099323.186200000345707, 2636873.737799998372793 ], [ 8099323.381400000303984, 2636877.18129999935627 ] ] ] ] } },
{ "type": "Feature", "properties": { "objectid": 314356, "globalid": "{00000000-0000-0000-0000-000000000000}", "uniq_id": null, "state_code": "24", "district_c": "439", "tehsil_cod": "3843", "block_code": "4060", "village_co": "515578", "lgd_code": "515578", "built_up_a": 1, "village_na": "Suragpur", "area_desc": null, "name": "Suragpur", "owner_name": null, "property_i": null, "property_c": null, "area_sqm": 24.61340245, "roof_type": 4, "no_floors": 0, "remarks": null, "adl_info": null, "gp_code": "155028", "gp_name": "SURAGPUR", "d_pan_code": 398, "d_pan_name": "Amreli", "b_pan_code": 4422, "b_pan_name": "Amreli", "sourceofda": null, "area_geo": 24.61340245, "st_area_sh": 28.645872565000001, "st_length_": 21.5404803315 }, "geometry": { "type": "MultiPolygon", "coordinates": [ [ [ [ 7938298.9846, 2474013.940600000321865 ], [ 7938299.037500001490116, 2474014.248799998313189 ], [ 7938299.978500001132488, 2474019.732900001108646 ], [ 7938300.026299998164177, 2474020.011100001633167 ], [ 7938304.742800001055002, 2474018.640599999576807 ], [ 7938303.728999998420477, 2474013.083799999207258 ], [ 7938298.9846, 2474013.940600000321865 ] ] ] ] } },
{ "type": "Feature", "properties": { "objectid": 314326, "globalid": "{00000000-0000-0000-0000-000000000000}", "uniq_id": null, "state_code": "24", "district_c": "439", "tehsil_cod": "3843", "block_code": "4060", "village_co": "515578", "lgd_code": "515578", "built_up_a": 1, "village_na": "Suragpur", "area_desc": null, "name": "Suragpur", "owner_name": null, "property_i": null, "property_c": null, "area_sqm": 6.62480583, "roof_type": 1, "no_floors": 0, "remarks": null, "adl_info": null, "gp_code": "155028", "gp_name": "SURAGPUR", "d_pan_code": 398, "d_pan_name": "Amreli", "b_pan_code": 4422, "b_pan_name": "Amreli", "sourceofda": null, "area_geo": 6.62480583, "st_area_sh": 7.71017951, "st_length_": 11.219539903199999 }, "geometry": { "type": "MultiPolygon", "coordinates": [ [ [ [ 7938360.295200001448393, 2474036.275699999183416 ], [ 7938360.222899999469519, 2474033.909600000828505 ], [ 7938356.995000001043081, 2474034.068300001323223 ], [ 7938357.140900000929832, 2474036.520700000226498 ], [ 7938360.295200001448393, 2474036.275699999183416 ] ] ] ] } },
{ "type": "Feature", "properties": { "objectid": 314421, "globalid": "{00000000-0000-0000-0000-000000000000}", "uniq_id": null, "state_code": "24", "district_c": "439", "tehsil_cod": "3843", "block_code": "4060", "village_co": "515578", "lgd_code": "515578", "built_up_a": 1, "village_na": "Suragpur", "area_desc": null, "name": "Suragpur", "owner_name": null, "property_i": null, "property_c": null, "area_sqm": 14.51306591, "roof_type": 4, "no_floors": 0, "remarks": null, "adl_info": null, "gp_code": "155028", "gp_name": "SURAGPUR", "d_pan_code": 398, "d_pan_name": "Amreli", "b_pan_code": 4422, "b_pan_name": "Amreli", "sourceofda": null, "area_geo": 14.51306591, "st_area_sh": 16.890593725, "st_length_": 17.225740914599999 }, "geometry": { "type": "MultiPolygon", "coordinates": [ [ [ [ 7938342.363000001758337, 2473925.030900001525879 ], [ 7938340.546500001102686, 2473919.697999998927116 ], [ 7938337.801899999380112, 2473920.706199999898672 ], [ 7938339.397900000214577, 2473926.015299998223782 ], [ 7938342.363000001758337, 2473925.030900001525879 ] ] ] ] } },
{ "type": "Feature", "properties": { "objectid": 314631, "globalid": "{00000000-0000-0000-0000-000000000000}", "uniq_id": null, "state_code": "24", "district_c": "438", "tehsil_cod": "3782", "block_code": "4052", "village_co": "511638", "lgd_code": "511638", "built_up_a": 1, "village_na": "Lalpur", "area_desc": null, "name": "Lalpur", "owner_name": null, "property_i": null, "property_c": null, "area_sqm": 11.2259596, "roof_type": 1, "no_floors": 0, "remarks": null, "adl_info": null, "gp_code": "276150", "gp_name": "KUBADTHAL - LALPUR", "d_pan_code": 397, "d_pan_name": "Ahmedabad", "b_pan_code": 4414, "b_pan_name": "Daskroi", "sourceofda": null, "area_geo": 11.2259596, "st_area_sh": 13.318622715, "st_length_": 14.604167144 }, "geometry": { "type": "MultiPolygon", "coordinates": [ [ [ [ 8099352.122900001704693, 2636941.179000001400709 ], [ 8099355.655799999833107, 2636941.458399999886751 ], [ 8099355.952100001275539, 2636937.711899999529123 ], [ 8099352.419300001114607, 2636937.432500001043081 ], [ 8099352.122900001704693, 2636941.179000001400709 ] ] ] ] } },
{ "type": "Feature", "properties": { "objectid": 314286, "globalid": "{00000000-0000-0000-0000-000000000000}", "uniq_id": null, "state_code": "24", "district_c": "439", "tehsil_cod": "3843", "block_code": "4060", "village_co": "515578", "lgd_code": "515578", "built_up_a": 1, "village_na": "Suragpur", "area_desc": null, "name": "Suragpur", "owner_name": null, "property_i": null, "property_c": null, "area_sqm": 8.66055251, "roof_type": 4, "no_floors": 0, "remarks": null, "adl_info": null, "gp_code": "155028", "gp_name": "SURAGPUR", "d_pan_code": 398, "d_pan_name": "Amreli", "b_pan_code": 4422, "b_pan_name": "Amreli", "sourceofda": null, "area_geo": 8.66055251, "st_area_sh": 10.07940595, "st_length_": 12.726253229099999 }, "geometry": { "type": "MultiPolygon", "coordinates": [ [ [ [ 7938102.668099999427795, 2473994.004999998956919 ], [ 7938103.338799998164177, 2473997.017799999564886 ], [ 7938106.468100000172853, 2473996.046500001102686 ], [ 7938105.797400001436472, 2473993.033700000494719 ], [ 7938102.668099999427795, 2473994.004999998956919 ] ] ] ] } },
{ "type": "Feature", "properties": { "objectid": 314461, "globalid": "{00000000-0000-0000-0000-000000000000}", "uniq_id": null, "state_code": "24", "district_c": "439", "tehsil_cod": "3843", "block_code": "4060", "village_co": "515578", "lgd_code": "515578", "built_up_a": 1, "village_na": "Suragpur", "area_desc": null, "name": "Suragpur", "owner_name": null, "property_i": null, "property_c": null, "area_sqm": 11.97091976, "roof_type": 1, "no_floors": 0, "remarks": null, "adl_info": null, "gp_code": "155028", "gp_name": "SURAGPUR", "d_pan_code": 398, "d_pan_name": "Amreli", "b_pan_code": 4422, "b_pan_name": "Amreli", "sourceofda": null, "area_geo": 11.97091976, "st_area_sh": 13.931924615, "st_length_": 16.412586536100001 }, "geometry": { "type": "MultiPolygon", "coordinates": [ [ [ [ 7938403.168400000780821, 2473877.506299998611212 ], [ 7938398.856699999421835, 2473878.79450000077486 ], [ 7938399.736400000751019, 2473881.706000000238419 ], [ 7938404.7346, 2473879.904500000178814 ], [ 7938404.439399998635054, 2473878.953299999237061 ], [ 7938403.6721, 2473879.191399998962879 ], [ 7938403.168400000780821, 2473877.506299998611212 ] ] ] ] } },
{ "type": "Feature", "properties": { "objectid": 314487, "globalid": "{00000000-0000-0000-0000-000000000000}", "uniq_id": null, "state_code": "24", "district_c": "438", "tehsil_cod": "3782", "block_code": "4052", "village_co": "511638", "lgd_code": "511638", "built_up_a": 2, "village_na": "Lalpur", "area_desc": null, "name": "Lalpur", "owner_name": null, "property_i": null, "property_c": null, "area_sqm": 26.05168792, "roof_type": 4, "no_floors": 0, "remarks": null, "adl_info": null, "gp_code": "276150", "gp_name": "KUBADTHAL - LALPUR", "d_pan_code": 397, "d_pan_name": "Ahmedabad", "b_pan_code": 4414, "b_pan_name": "Daskroi", "sourceofda": null, "area_geo": 26.05168792, "st_area_sh": 30.907554495, "st_length_": 22.243315182 }, "geometry": { "type": "MultiPolygon", "coordinates": [ [ [ [ 8099128.964600000530481, 2636808.7162000015378 ], [ 8099130.257599998265505, 2636803.397999998182058 ], [ 8099124.709100000560284, 2636802.00899999961257 ], [ 8099123.585900001227856, 2636807.408500000834465 ], [ 8099128.964600000530481, 2636808.7162000015378 ] ] ] ] } },
{ "type": "Feature", "properties": { "objectid": 314612, "globalid": "{00000000-0000-0000-0000-000000000000}", "uniq_id": null, "state_code": "24", "district_c": "438", "tehsil_cod": "3782", "block_code": "4052", "village_co": "511638", "lgd_code": "511638", "built_up_a": 2, "village_na": "Lalpur", "area_desc": null, "name": "Lalpur", "owner_name": null, "property_i": null, "property_c": null, "area_sqm": 258.16084767000001, "roof_type": 1, "no_floors": 0, "remarks": null, "adl_info": null, "gp_code": "276150", "gp_name": "KUBADTHAL - LALPUR", "d_pan_code": 397, "d_pan_name": "Ahmedabad", "b_pan_code": 4414, "b_pan_name": "Daskroi", "sourceofda": null, "area_geo": 258.16084767000001, "st_area_sh": 306.28490578999998, "st_length_": 81.792264947000007 }, "geometry": { "type": "MultiPolygon", "coordinates": [ [ [ [ 8099444.543999999761581, 2636937.9662000015378 ], [ 8099445.025199998170137, 2636933.281800001859665 ], [ 8099445.961100000888109, 2636924.171700000762939 ], [ 8099446.488699998706579, 2636919.035199999809265 ], [ 8099434.473099999129772, 2636917.800900001078844 ], [ 8099434.216400001198053, 2636920.300599999725819 ], [ 8099430.715900000184774, 2636919.940999999642372 ], [ 8099430.972699999809265, 2636917.441300000995398 ], [ 8099429.551899999380112, 2636917.295400001108646 ], [ 8099427.607200000435114, 2636936.226399999111891 ], [ 8099428.910199999809265, 2636936.360199999064207 ], [ 8099429.147999998182058, 2636934.045699998736382 ], [ 8099432.947500001639128, 2636934.436000000685453 ], [ 8099432.709699999541044, 2636936.750500001013279 ], [ 8099444.543999999761581, 2636937.9662000015378 ] ] ] ] } },
{ "type": "Feature", "properties": { "objectid": 314751, "globalid": "{00000000-0000-0000-0000-000000000000}", "uniq_id": null, "state_code": "24", "district_c": "438", "tehsil_cod": "3782", "block_code": "4052", "village_co": "511638", "lgd_code": "511638", "built_up_a": 1, "village_na": "Lalpur", "area_desc": null, "name": "Lalpur", "owner_name": null, "property_i": null, "property_c": null, "area_sqm": 13.94010899, "roof_type": 1, "no_floors": 0, "remarks": null, "adl_info": null, "gp_code": "276150", "gp_name": "KUBADTHAL - LALPUR", "d_pan_code": 397, "d_pan_name": "Ahmedabad", "b_pan_code": 4414, "b_pan_name": "Daskroi", "sourceofda": null, "area_geo": 13.94010899, "st_area_sh": 16.53873247, "st_length_": 16.349255206300001 }, "geometry": { "type": "MultiPolygon", "coordinates": [ [ [ [ 8099248.73030000180006, 2636944.908700000494719 ], [ 8099252.171599999070168, 2636946.207299999892712 ], [ 8099253.759100001305342, 2636942.000399999320507 ], [ 8099250.317800000309944, 2636940.7018 ], [ 8099248.73030000180006, 2636944.908700000494719 ] ] ] ] } },
{ "type": "Feature", "properties": { "objectid": 314529, "globalid": "{00000000-0000-0000-0000-000000000000}", "uniq_id": null, "state_code": "24", "district_c": "438", "tehsil_cod": "3782", "block_code": "4052", "village_co": "511638", "lgd_code": "511638", "built_up_a": 1, "village_na": "Lalpur", "area_desc": null, "name": "Lalpur", "owner_name": null, "property_i": null, "property_c": null, "area_sqm": 2.65303578, "roof_type": 1, "no_floors": 0, "remarks": null, "adl_info": null, "gp_code": "276150", "gp_name": "KUBADTHAL - LALPUR", "d_pan_code": 397, "d_pan_name": "Ahmedabad", "b_pan_code": 4414, "b_pan_name": "Daskroi", "sourceofda": null, "area_geo": 2.65303578, "st_area_sh": 3.14758445, "st_length_": 7.0968038617499998 }, "geometry": { "type": "MultiPolygon", "coordinates": [ [ [ [ 8099325.64809999987483, 2636909.026399999856949 ], [ 8099323.888599999248981, 2636908.9868 ], [ 8099323.848299998790026, 2636910.77479999884963 ], [ 8099325.607700001448393, 2636910.814500000327826 ], [ 8099325.64809999987483, 2636909.026399999856949 ] ] ] ] } },
{ "type": "Feature", "properties": { "objectid": 314524, "globalid": "{00000000-0000-0000-0000-000000000000}", "uniq_id": null, "state_code": "24", "district_c": "438", "tehsil_cod": "3782", "block_code": "4052", "village_co": "511638", "lgd_code": "511638", "built_up_a": 1, "village_na": "Lalpur", "area_desc": null, "name": "Lalpur", "owner_name": null, "property_i": null, "property_c": null, "area_sqm": 40.82671582, "roof_type": 1, "no_floors": 0, "remarks": null, "adl_info": null, "gp_code": "276150", "gp_name": "KUBADTHAL - LALPUR", "d_pan_code": 397, "d_pan_name": "Ahmedabad", "b_pan_code": 4414, "b_pan_name": "Daskroi", "sourceofda": null, "area_geo": 40.82671582, "st_area_sh": 48.43708317, "st_length_": 28.5083540746 }, "geometry": { "type": "MultiPolygon", "coordinates": [ [ [ [ 8099325.765900000929832, 2636898.420000001788139 ], [ 8099325.695700000971556, 2636892.864 ], [ 8099317.100999999791384, 2636892.972600001841784 ], [ 8099316.955800000578165, 2636897.315699998289347 ], [ 8099316.971099998801947, 2636898.531100001186132 ], [ 8099325.765900000929832, 2636898.420000001788139 ] ] ] ] } },
{ "type": "Feature", "properties": { "objectid": 314436, "globalid": "{00000000-0000-0000-0000-000000000000}", "uniq_id": null, "state_code": "24", "district_c": "439", "tehsil_cod": "3843", "block_code": "4060", "village_co": "515578", "lgd_code": "515578", "built_up_a": 1, "village_na": "Suragpur", "area_desc": null, "name": "Suragpur", "owner_name": null, "property_i": null, "property_c": null, "area_sqm": 110.65749522, "roof_type": 1, "no_floors": 0, "remarks": null, "adl_info": null, "gp_code": "155028", "gp_name": "SURAGPUR", "d_pan_code": 398, "d_pan_name": "Amreli", "b_pan_code": 4422, "b_pan_name": "Amreli", "sourceofda": null, "area_geo": 110.65749522, "st_area_sh": 128.78378099, "st_length_": 46.540056147900003 }, "geometry": { "type": "MultiPolygon", "coordinates": [ [ [ [ 7938376.455600000917912, 2473816.145399998873472 ], [ 7938373.73589999973774, 2473807.520799998193979 ], [ 7938360.320799998939037, 2473811.883299998939037 ], [ 7938362.890099998563528, 2473820.619300000369549 ], [ 7938376.455600000917912, 2473816.145399998873472 ] ] ] ] } },
{ "type": "Feature", "properties": { "objectid": 314513, "globalid": "{00000000-0000-0000-0000-000000000000}", "uniq_id": null, "state_code": "24", "district_c": "438", "tehsil_cod": "3782", "block_code": "4052", "village_co": "511638", "lgd_code": "511638", "built_up_a": 1, "village_na": "Lalpur", "area_desc": null, "name": "Lalpur", "owner_name": null, "property_i": null, "property_c": null, "area_sqm": 25.24504052, "roof_type": 1, "no_floors": 0, "remarks": null, "adl_info": null, "gp_code": "276150", "gp_name": "KUBADTHAL - LALPUR", "d_pan_code": 397, "d_pan_name": "Ahmedabad", "b_pan_code": 4414, "b_pan_name": "Daskroi", "sourceofda": null, "area_geo": 25.24504052, "st_area_sh": 29.950899685, "st_length_": 23.0854791412 }, "geometry": { "type": "MultiPolygon", "coordinates": [ [ [ [ 8099279.137800000607967, 2636902.0724 ], [ 8099286.651900000870228, 2636903.236600000411272 ], [ 8099287.254999998956919, 2636899.344099998474121 ], [ 8099279.740800000727177, 2636898.179900001734495 ], [ 8099279.137800000607967, 2636902.0724 ] ] ] ] } },
{ "type": "Feature", "properties": { "objectid": 314600, "globalid": "{00000000-0000-0000-0000-000000000000}", "uniq_id": null, "state_code": "24", "district_c": "438", "tehsil_cod": "3782", "block_code": "4052", "village_co": "511638", "lgd_code": "511638", "built_up_a": 1, "village_na": "Lalpur", "area_desc": null, "name": "Lalpur", "owner_name": null, "property_i": null, "property_c": null, "area_sqm": 48.20215483, "roof_type": 1, "no_floors": 0, "remarks": null, "adl_info": null, "gp_code": "276150", "gp_name": "KUBADTHAL - LALPUR", "d_pan_code": 397, "d_pan_name": "Ahmedabad", "b_pan_code": 4414, "b_pan_name": "Daskroi", "sourceofda": null, "area_geo": 48.20215483, "st_area_sh": 57.187384295000001, "st_length_": 36.071879814399999 }, "geometry": { "type": "MultiPolygon", "coordinates": [ [ [ [ 8099412.958299998193979, 2636899.115600001066923 ], [ 8099412.721599999815226, 2636893.948699999600649 ], [ 8099407.762699998915195, 2636894.175799999386072 ], [ 8099408.360800001770258, 2636907.234000001102686 ], [ 8099412.345600001513958, 2636907.0515 ], [ 8099411.984200000762939, 2636899.160300001502037 ], [ 8099412.958299998193979, 2636899.115600001066923 ] ] ] ] } },
{ "type": "Feature", "properties": { "objectid": 314279, "globalid": "{00000000-0000-0000-0000-000000000000}", "uniq_id": null, "state_code": "24", "district_c": "439", "tehsil_cod": "3843", "block_code": "4060", "village_co": "515578", "lgd_code": "515578", "built_up_a": 1, "village_na": "Suragpur", "area_desc": null, "name": "Suragpur", "owner_name": null, "property_i": null, "property_c": null, "area_sqm": 42.24656889, "roof_type": 1, "no_floors": 0, "remarks": null, "adl_info": null, "gp_code": "155028", "gp_name": "SURAGPUR", "d_pan_code": 398, "d_pan_name": "Amreli", "b_pan_code": 4422, "b_pan_name": "Amreli", "sourceofda": null, "area_geo": 42.24656889, "st_area_sh": 49.166133844999997, "st_length_": 30.150384864500001 }, "geometry": { "type": "MultiPolygon", "coordinates": [ [ [ [ 7937907.583200000226498, 2473701.791600000113249 ], [ 7937908.844399999827147, 2473701.388300001621246 ], [ 7937908.655699998140335, 2473700.798300001770258 ], [ 7937906.811200000345707, 2473695.031399998813868 ], [ 7937898.809399999678135, 2473697.590700000524521 ], [ 7937900.545400001108646, 2473703.018399998545647 ], [ 7937907.285999998450279, 2473700.862500000745058 ], [ 7937907.583200000226498, 2473701.791600000113249 ] ] ] ] } },
{ "type": "Feature", "properties": { "objectid": 314712, "globalid": "{00000000-0000-0000-0000-000000000000}", "uniq_id": null, "state_code": "24", "district_c": "438", "tehsil_cod": "3782", "block_code": "4052", "village_co": "511638", "lgd_code": "511638", "built_up_a": 1, "village_na": "Lalpur", "area_desc": null, "name": "Lalpur", "owner_name": null, "property_i": null, "property_c": null, "area_sqm": 16.30940501, "roof_type": 1, "no_floors": 0, "remarks": null, "adl_info": null, "gp_code": "276150", "gp_name": "KUBADTHAL - LALPUR", "d_pan_code": 397, "d_pan_name": "Ahmedabad", "b_pan_code": 4414, "b_pan_name": "Daskroi", "sourceofda": null, "area_geo": 16.30940501, "st_area_sh": 19.34998183, "st_length_": 19.181868877100001 }, "geometry": { "type": "MultiPolygon", "coordinates": [ [ [ [ 8099293.709899999201298, 2637061.499400001019239 ], [ 8099290.854899998754263, 2637061.276399999856949 ], [ 8099290.307500001043081, 2637067.986299999058247 ], [ 8099293.211500000208616, 2637068.157699998468161 ], [ 8099293.709899999201298, 2637061.499400001019239 ] ] ] ] } },
{ "type": "Feature", "properties": { "objectid": 314569, "globalid": "{00000000-0000-0000-0000-000000000000}", "uniq_id": null, "state_code": "24", "district_c": "438", "tehsil_cod": "3782", "block_code": "4052", "village_co": "511638", "lgd_code": "511638", "built_up_a": 1, "village_na": "Lalpur", "area_desc": null, "name": "Lalpur", "owner_name": null, "property_i": null, "property_c": null, "area_sqm": 36.85536362, "roof_type": 4, "no_floors": 0, "remarks": null, "adl_info": null, "gp_code": "276150", "gp_name": "KUBADTHAL - LALPUR", "d_pan_code": 397, "d_pan_name": "Ahmedabad", "b_pan_code": 4414, "b_pan_name": "Daskroi", "sourceofda": null, "area_geo": 36.85536362, "st_area_sh": 43.72536866, "st_length_": 27.712986975900002 }, "geometry": { "type": "MultiPolygon", "coordinates": [ [ [ [ 8099376.345899999141693, 2636885.824499998241663 ], [ 8099381.206399999558926, 2636885.842300001531839 ], [ 8099381.239500001072884, 2636876.846500001847744 ], [ 8099376.378899998962879, 2636876.828600000590086 ], [ 8099376.345899999141693, 2636885.824499998241663 ] ] ] ] } },
{ "type": "Feature", "properties": { "objectid": 314682, "globalid": "{00000000-0000-0000-0000-000000000000}", "uniq_id": null, "state_code": "24", "district_c": "438", "tehsil_cod": "3782", "block_code": "4052", "village_co": "511638", "lgd_code": "511638", "built_up_a": 1, "village_na": "Lalpur", "area_desc": null, "name": "Lalpur", "owner_name": null, "property_i": null, "property_c": null, "area_sqm": 47.58230531, "roof_type": 4, "no_floors": 0, "remarks": null, "adl_info": null, "gp_code": "276150", "gp_name": "KUBADTHAL - LALPUR", "d_pan_code": 397, "d_pan_name": "Ahmedabad", "b_pan_code": 4414, "b_pan_name": "Daskroi", "sourceofda": null, "area_geo": 47.58230531, "st_area_sh": 56.45262205, "st_length_": 32.520983764900002 }, "geometry": { "type": "MultiPolygon", "coordinates": [ [ [ [ 8099384.095400001853704, 2636991.013599999248981 ], [ 8099373.071899998933077, 2636989.088700000196695 ], [ 8099372.207499999552965, 2636994.038199998438358 ], [ 8099383.32039999961853, 2636995.978700000792742 ], [ 8099384.095400001853704, 2636991.013599999248981 ] ] ] ] } },
{ "type": "Feature", "properties": { "objectid": 314397, "globalid": "{00000000-0000-0000-0000-000000000000}", "uniq_id": null, "state_code": "24", "district_c": "439", "tehsil_cod": "3843", "block_code": "4060", "village_co": "515578", "lgd_code": "515578", "built_up_a": 1, "village_na": "Suragpur", "area_desc": null, "name": "Suragpur", "owner_name": null, "property_i": null, "property_c": null, "area_sqm": 44.73392205, "roof_type": 1, "no_floors": 0, "remarks": null, "adl_info": null, "gp_code": "155028", "gp_name": "SURAGPUR", "d_pan_code": 398, "d_pan_name": "Amreli", "b_pan_code": 4422, "b_pan_name": "Amreli", "sourceofda": null, "area_geo": 44.73392205, "st_area_sh": 52.06215798, "st_length_": 29.350933405100001 }, "geometry": { "type": "MultiPolygon", "coordinates": [ [ [ [ 7938371.7347999997437, 2473914.942200001329184 ], [ 7938369.111600000411272, 2473906.565900001674891 ], [ 7938363.357900001108646, 2473908.475600000470877 ], [ 7938366.019799999892712, 2473916.609099999070168 ], [ 7938371.7347999997437, 2473914.942200001329184 ] ] ] ] } },
{ "type": "Feature", "properties": { "objectid": 314620, "globalid": "{00000000-0000-0000-0000-000000000000}", "uniq_id": null, "state_code": "24", "district_c": "438", "tehsil_cod": "3782", "block_code": "4052", "village_co": "511638", "lgd_code": "511638", "built_up_a": 1, "village_na": "Lalpur", "area_desc": null, "name": "Lalpur", "owner_name": null, "property_i": null, "property_c": null, "area_sqm": 38.91058697, "roof_type": 4, "no_floors": 0, "remarks": null, "adl_info": null, "gp_code": "276150", "gp_name": "KUBADTHAL - LALPUR", "d_pan_code": 397, "d_pan_name": "Ahmedabad", "b_pan_code": 4414, "b_pan_name": "Daskroi", "sourceofda": null, "area_geo": 38.91058697, "st_area_sh": 46.164102935000003, "st_length_": 31.335461028200001 }, "geometry": { "type": "MultiPolygon", "coordinates": [ [ [ [ 8099414.203899998217821, 2636948.380199998617172 ], [ 8099410.387200001627207, 2636948.23930000141263 ], [ 8099408.898899998515844, 2636959.583299998193979 ], [ 8099412.914900001138449, 2636960.305300001055002 ], [ 8099414.203899998217821, 2636948.380199998617172 ] ] ] ] } },
{ "type": "Feature", "properties": { "objectid": 314498, "globalid": "{00000000-0000-0000-0000-000000000000}", "uniq_id": null, "state_code": "24", "district_c": "438", "tehsil_cod": "3782", "block_code": "4052", "village_co": "511638", "lgd_code": "511638", "built_up_a": 2, "village_na": "Lalpur", "area_desc": null, "name": "Lalpur", "owner_name": null, "property_i": null, "property_c": null, "area_sqm": 1114.5694723300001, "roof_type": 4, "no_floors": 0, "remarks": null, "adl_info": null, "gp_code": "276150", "gp_name": "KUBADTHAL - LALPUR", "d_pan_code": 397, "d_pan_name": "Ahmedabad", "b_pan_code": 4414, "b_pan_name": "Daskroi", "sourceofda": null, "area_geo": 1114.5694723300001, "st_area_sh": 1322.3236514, "st_length_": 234.04880183399999 }, "geometry": { "type": "MultiPolygon", "coordinates": [ [ [ [ 8099268.322999998927116, 2636860.715300001204014 ], [ 8099283.968499999493361, 2636826.510200001299381 ], [ 8099235.1864, 2636817.193199999630451 ], [ 8099233.254999998956919, 2636827.306000001728535 ], [ 8099266.594000000506639, 2636833.673500001430511 ], [ 8099264.647799998521805, 2636843.863299999386072 ], [ 8099231.308800000697374, 2636837.495799999684095 ], [ 8099228.174899999052286, 2636853.90430000051856 ], [ 8099255.346200000494719, 2636859.093699999153614 ], [ 8099255.493200000375509, 2636858.309599999338388 ], [ 8099268.322999998927116, 2636860.715300001204014 ] ] ] ] } },
{ "type": "Feature", "properties": { "objectid": 314368, "globalid": "{00000000-0000-0000-0000-000000000000}", "uniq_id": null, "state_code": "24", "district_c": "439", "tehsil_cod": "3843", "block_code": "4060", "village_co": "515578", "lgd_code": "515578", "built_up_a": 1, "village_na": "Suragpur", "area_desc": null, "name": "Suragpur", "owner_name": null, "property_i": null, "property_c": null, "area_sqm": 11.65544459, "roof_type": 4, "no_floors": 0, "remarks": null, "adl_info": null, "gp_code": "155028", "gp_name": "SURAGPUR", "d_pan_code": 398, "d_pan_name": "Amreli", "b_pan_code": 4422, "b_pan_name": "Amreli", "sourceofda": null, "area_geo": 11.65544459, "st_area_sh": 13.56491815, "st_length_": 14.7996129876 }, "geometry": { "type": "MultiPolygon", "coordinates": [ [ [ [ 7938267.263099998235703, 2473976.620900001376867 ], [ 7938268.134100001305342, 2473977.001400001347065 ], [ 7938268.562699999660254, 2473977.096599999815226 ], [ 7938269.468100000172853, 2473977.156100001186132 ], [ 7938270.605000000447035, 2473976.813700001686811 ], [ 7938268.991500001400709, 2473972.374299999326468 ], [ 7938266.0625, 2473973.317600000649691 ], [ 7938267.263099998235703, 2473976.620900001376867 ] ] ] ] } },
{ "type": "Feature", "properties": { "objectid": 314741, "globalid": "{00000000-0000-0000-0000-000000000000}", "uniq_id": null, "state_code": "24", "district_c": "438", "tehsil_cod": "3782", "block_code": "4052", "village_co": "511638", "lgd_code": "511638", "built_up_a": 1, "village_na": "Lalpur", "area_desc": null, "name": "Lalpur", "owner_name": null, "property_i": null, "property_c": null, "area_sqm": 52.45693344, "roof_type": 1, "no_floors": 0, "remarks": null, "adl_info": null, "gp_code": "276150", "gp_name": "KUBADTHAL - LALPUR", "d_pan_code": 397, "d_pan_name": "Ahmedabad", "b_pan_code": 4414, "b_pan_name": "Daskroi", "sourceofda": null, "area_geo": 52.45693344, "st_area_sh": 62.236123974999998, "st_length_": 38.442452357199997 }, "geometry": { "type": "MultiPolygon", "coordinates": [ [ [ [ 8099276.0603, 2637016.9342 ], [ 8099286.617199998348951, 2637007.726599998772144 ], [ 8099287.0449, 2637007.315200001001358 ], [ 8099284.425500001758337, 2637005.330800000578165 ], [ 8099277.334699999541044, 2637010.140999998897314 ], [ 8099276.715599998831749, 2637009.315499998629093 ], [ 8099272.5641999989748, 2637012.141199998557568 ], [ 8099276.0603, 2637016.9342 ] ] ] ] } },
{ "type": "Feature", "properties": { "objectid": 314424, "globalid": "{00000000-0000-0000-0000-000000000000}", "uniq_id": null, "state_code": "24", "district_c": "439", "tehsil_cod": "3843", "block_code": "4060", "village_co": "515578", "lgd_code": "515578", "built_up_a": 1, "village_na": "Suragpur", "area_desc": null, "name": "Suragpur", "owner_name": null, "property_i": null, "property_c": null, "area_sqm": 36.72298558, "roof_type": 4, "no_floors": 0, "remarks": null, "adl_info": null, "gp_code": "155028", "gp_name": "SURAGPUR", "d_pan_code": 398, "d_pan_name": "Amreli", "b_pan_code": 4422, "b_pan_name": "Amreli", "sourceofda": null, "area_geo": 36.72298558, "st_area_sh": 42.73882062, "st_length_": 29.573800313500001 }, "geometry": { "type": "MultiPolygon", "coordinates": [ [ [ [ 7938343.325500000268221, 2473899.015500001609325 ], [ 7938342.150299999862909, 2473895.32039999961853 ], [ 7938331.786400001496077, 2473898.495799999684095 ], [ 7938332.985800001770258, 2473902.31529999896884 ], [ 7938343.325500000268221, 2473899.015500001609325 ] ] ] ] } },
{ "type": "Feature", "properties": { "objectid": 314479, "globalid": "{00000000-0000-0000-0000-000000000000}", "uniq_id": null, "state_code": "24", "district_c": "438", "tehsil_cod": "3782", "block_code": "4052", "village_co": "511638", "lgd_code": "511638", "built_up_a": 2, "village_na": "Lalpur", "area_desc": null, "name": "Lalpur", "owner_name": null, "property_i": null, "property_c": null, "area_sqm": 57.33644243, "roof_type": 1, "no_floors": 0, "remarks": null, "adl_info": null, "gp_code": "276150", "gp_name": "KUBADTHAL - LALPUR", "d_pan_code": 397, "d_pan_name": "Ahmedabad", "b_pan_code": 4414, "b_pan_name": "Daskroi", "sourceofda": null, "area_geo": 57.33644243, "st_area_sh": 68.0240931, "st_length_": 41.341832644299998 }, "geometry": { "type": "MultiPolygon", "coordinates": [ [ [ [ 8099127.924199998378754, 2636864.975900001823902 ], [ 8099123.995900001376867, 2636863.973400000482798 ], [ 8099123.790199998766184, 2636864.779399998486042 ], [ 8099116.510899998247623, 2636862.921700000762939 ], [ 8099115.4945, 2636866.904500000178814 ], [ 8099130.734499998390675, 2636870.7939000017941 ], [ 8099131.750999998301268, 2636866.811099998652935 ], [ 8099127.718400001525879, 2636865.782000001519918 ], [ 8099127.924199998378754, 2636864.975900001823902 ] ] ] ] } },
{ "type": "Feature", "properties": { "objectid": 314383, "globalid": "{00000000-0000-0000-0000-000000000000}", "uniq_id": null, "state_code": "24", "district_c": "439", "tehsil_cod": "3843", "block_code": "4060", "village_co": "515578", "lgd_code": "515578", "built_up_a": 1, "village_na": "Suragpur", "area_desc": null, "name": "Suragpur", "owner_name": null, "property_i": null, "property_c": null, "area_sqm": 156.7290111, "roof_type": 1, "no_floors": 0, "remarks": null, "adl_info": null, "gp_code": "155028", "gp_name": "SURAGPUR", "d_pan_code": 398, "d_pan_name": "Amreli", "b_pan_code": 4422, "b_pan_name": "Amreli", "sourceofda": null, "area_geo": 156.7290111, "st_area_sh": 182.40416019, "st_length_": 64.772022005400004 }, "geometry": { "type": "MultiPolygon", "coordinates": [ [ [ [ 7938295.81700000166893, 2473915.470800001174212 ], [ 7938293.373700000345707, 2473916.340399999171495 ], [ 7938290.5625, 2473907.377599999308586 ], [ 7938292.835200000554323, 2473906.591699998825788 ], [ 7938291.726700000464916, 2473903.29109999909997 ], [ 7938281.566100001335144, 2473906.68470000103116 ], [ 7938287.510200001299381, 2473924.817800000309944 ], [ 7938297.807900000363588, 2473921.398899998515844 ], [ 7938295.81700000166893, 2473915.470800001174212 ] ] ] ] } },
{ "type": "Feature", "properties": { "objectid": 314264, "globalid": "{00000000-0000-0000-0000-000000000000}", "uniq_id": null, "state_code": "24", "district_c": "439", "tehsil_cod": "3843", "block_code": "4060", "village_co": "515578", "lgd_code": "515578", "built_up_a": 1, "village_na": "Suragpur", "area_desc": null, "name": "Suragpur", "owner_name": null, "property_i": null, "property_c": null, "area_sqm": 27.57602256, "roof_type": 1, "no_floors": 0, "remarks": null, "adl_info": null, "gp_code": "155028", "gp_name": "SURAGPUR", "d_pan_code": 398, "d_pan_name": "Amreli", "b_pan_code": 4422, "b_pan_name": "Amreli", "sourceofda": null, "area_geo": 27.57602256, "st_area_sh": 32.0947884, "st_length_": 22.678180730200001 }, "geometry": { "type": "MultiPolygon", "coordinates": [ [ [ [ 7938432.764699999243021, 2474264.714800000190735 ], [ 7938427.049600001424551, 2474264.712499998509884 ], [ 7938427.249299999326468, 2474270.317400000989437 ], [ 7938433.1371, 2474270.166999999433756 ], [ 7938432.764699999243021, 2474264.714800000190735 ] ] ] ] } }
]
}
